CNPJ,Loja,Segmento,GP,GN,Feirao,Comercial,Gestor,Estoque,Faixa_Estoque,Ultima_Atualizacao,Faixa_Atualizacao,Status_Pgto
10290356000160,CHIOSSI & WEBER LTDA,RevendaCarro,SPINT2 - MARCELO DE SOUSA CAETANO,Vagner Rogerio Spatti,FEIRÃO SETEMBRO - G,Juliana Grande,Juliana Grande,143,Acima 101,31/08/2026,Até 15 dias,PAGA
10310414000170,STOPCAR VEICULOS LTDA,RevendaCarro,NE3 - PAULO AMERICO LEMOS DE SEIXAS FILHO,ELISIA NATALY LIMA MARTINS BARROS,FEIRÃO SETEMBRO - P,Fernanda Souza,Fernanda Souza,4,Até 5,18/05/2026,Acima de 90 dias,PAGA
10361878000106,Jp Veiculos,RevendaCarro,CO2 - THEONILO GONCALINO DE ALMEIDA,Helaine Cristina de Almeida Barbosa,FEIRÃO SETEMBRO - P,Tatiane Silva,Renan Winterink,0,Sem Estoque,,Nunca atualizou,PAGA
10380132000140,N. G. DOS SANTOS DE AGUIAR - VEICULOS,RevendaCarro,SPINT3 - FABIO YOSHIKAZU TANIGUTI,Wellington Antônio da Silva,FEIRÃO SETEMBRO - P,Andre Souza,Luana Mota,5,Até 5,10/02/2025,Acima de 90 dias,AGUARDANDO_PAGAMENTO
10425035000126,Lindoya Veículos,RevendaCarro,SPINT1 - CHRISTIANE LOPES,Brian laurentino,FEIRÃO SETEMBRO - G,Juliana Grande,Juliana Grande,0,Sem Estoque,10/11/2021,Acima de 90 dias,PAGA
10438616000100,Tico Multimarcas,RevendaCarro,SP7 - FLAVIA DE FATIMA CORREA,47088132877,FEIRÃO SETEMBRO - M,Juliana Grande,Juliana Grande,0,Sem Estoque,,Nunca atualizou,PAGA
10461582000167,HR AUTOMOVEIS,RevendaCarro,MG1 - DOUGLAS HENRIQUE FERREIRA,Jean Edson de Simas Granito,FEIRÃO SETEMBRO - P,Ludmila Martins,Renan Winterink,0,Sem Estoque,,Nunca atualizou,AGUARDANDO_PAGAMENTO
10466101000106,Itália Motos,RevendaMoto,SPINT5 - EDILSON BERNAL MOLEIRO,daiane fernandes fidencio,FEIRÃO SETEMBRO - P,Juliana Grande,Juliana Grande,0,Sem Estoque,,Nunca atualizou,PAGA
10466511000157,Andrea de Aro Jorge Jorge Manzini,RevendaCarro,SPINT4 - VINICIUS THIAGO PINHEIRO DOS SANTOS,Rafael Maimone Lecciolli,FEIRÃO SETEMBRO - M,Juliana Grande,Juliana Grande,0,Sem Estoque,,Nunca atualizou,PAGA
10471626000130,BN AUTOMOVEIS LTDA,RevendaCarro,SC2 - FABIANO HEIL DIAS,Matheus Cuty,FEIRÃO SETEMBRO - P,Gabriel Pereira,Renan Winterink,0,Sem Estoque,14/12/2023,Acima de 90 dias,PAGA
10578544000199,J.P. MULTIMARCAS SAO SIMAO COMERCIO DE VEICULOS LTDA,RevendaCarro,SPINT3 - FABIO YOSHIKAZU TANIGUTI,AYRES RODRIGO VALENTE LUCARINI,FEIRÃO SETEMBRO - M,Andre Souza,Luana Mota,0,Sem Estoque,08/11/2022,Acima de 90 dias,PAGA
10590122000139,Orlando Martins Veiculos Ltda,RevendaCarro,SP7 - FLAVIA DE FATIMA CORREA,Rodolfo Santos de Assunção Tirolli,FEIRÃO SETEMBRO - P,Juliana Grande,Juliana Grande,0,Sem Estoque,22/02/2024,Acima de 90 dias,PENDENTE_ACEITE
10594154000102,DOURADOS AUTOMOVEIS EIRELI,RevendaCarro,CO2 - THEONILO GONCALINO DE ALMEIDA,Zamara Rodrigues Fraga,FEIRÃO SETEMBRO - P,Tatiane Silva,Renan Winterink,13,Até 20,24/11/2022,Acima de 90 dias,PAGA
10596363000195,Tareco Automoveis,Revenda Multimarcas,SC1 - ELIANE DA SILVEIRA,Diego de Moraes Subtil,Feirão Pontual - 2 Feirões,Gabriel Pereira,Renan Winterink,0,Sem Estoque,06/11/2025,Acima de 90 dias,PAGA
10632554000165,gil veiculos,Revenda Multimarcas,PR1 - DOUGLAS INÁCIO DA SILVA,guilherme grochau de oliveira,Feirão Pontual - Feirão Setembro,Lucynara Ochiai,Renan Winterink,33,Até 50,27/08/2026,Até 15 dias,PAGA
10635988000119,VARGAS VEICULOS,Revenda Multimarcas,MG1 - DOUGLAS HENRIQUE FERREIRA,Neide Tomaz da Costa,Feirão Pontual - Feirão Setembro,Ludmila Martins,Renan Winterink,0,Sem Estoque,,Nunca atualizou,PAGA
10648710000186,Seven,Revenda Multimarcas,NE3 - PAULO AMERICO LEMOS DE SEIXAS FILHO,Marcos Luís Freitas de Santana,Feirão Pontual - 3 Feirões,Fernanda Souza,Fernanda Souza,21,Até 30,28/08/2026,Até 15 dias,PAGA
10671286000190,Novo Ciclo Automoveis,RevendaCarro,SC1 - ELIANE DA SILVEIRA,Julio cesar oliveira  farias,FEIRÃO SETEMBRO - M,Gabriel Pereira,Renan Winterink,0,Sem Estoque,,Nunca atualizou,PAGA
1068498000197,zanette multimarcas,Revenda Multimarcas,SC1 - ELIANE DA SILVEIRA,TauanTeixeira@hotmail.com,Feirão Pontual - Feirão Setembro,Gabriel Pereira,Renan Winterink,0,Sem Estoque,,Nunca atualizou,PAGA
10745524000165,Garagem7,Revenda Multimarcas,SP3 - EDWARD PEREZ CAMPOS,Plinio Viani Rangel de Farias,Feirão Pontual - Feirão Setembro,Luana Marques,Juliana Grande,0,Sem Estoque,20/07/2023,Acima de 90 dias,EM PROCESSAMENTO
10802508000167,Mooving motors comércio de veículos Vr ltda,Revenda Multimarcas,MG1 - DOUGLAS HENRIQUE FERREIRA,Carolina jardim Rocha Araújo,Feirão Pontual - 2 Feirões,Ludmila Martins,Renan Winterink,26,Até 30,17/08/2026,Até 15 dias,PAGA
10820998000124,PAI E FILHO AUTOMÓVEIS,RevendaCarro,SC2 - FABIANO HEIL DIAS,JAILSON MORAES,FEIRÃO SETEMBRO - M,Gabriel Pereira,Renan Winterink,0,Sem Estoque,,Nunca atualizou,PAGA
10896690000162,LEANCAR COMÉRCIO DE AUTOMÓVEIS,Revenda Multimarcas,SC1 - ELIANE DA SILVEIRA,CLICIA SOUZA DOS SANTOS,Feirão Pontual - Feirão Setembro,Gabriel Pereira,Renan Winterink,0,Sem Estoque,,Nunca atualizou,PAGA
10906757000100,ZUPT CAR MULTIMARCAS EIRELI,RevendaCarro,SP4 - TIAGO FLORIANO OLIVEIRA,Viviani dos Santos Freitas,2 FEIROES - G,Luana Marques,Juliana Grande,115,Acima 101,31/08/2026,Até 15 dias,PAGA
11046006000116,UNICAR VEICULOS LTDA,RevendaCarro,MG1 - DOUGLAS HENRIQUE FERREIRA,Juliana Nogueira Lemos Gomes,FEIRÃO SETEMBRO - P,Ludmila Martins,Renan Winterink,0,Sem Estoque,30/11/2022,Acima de 90 dias,PAGA
11072096000110,CIA CAR VEICULOS LTDA,RevendaCarro,CO2 - THEONILO GONCALINO DE ALMEIDA,Henry Christian Pacheco,FEIRÃO SETEMBRO - P,Tatiane Silva,Renan Winterink,0,Sem Estoque,,Nunca atualizou,PAGA
11118066000105,VACCARI VEICULOS LTDA,Revenda Multimarcas,NO1 - MARCOS WILLIAM MAIA LEMES JUNIOR,MARCOS RODRIGUES DE MORAIS AZAMBUJA,Feirão Pontual - 3 Feirões,,,1,Até 5,15/05/2026,Acima de 90 dias,PAGA
11240523000121,attractive Multimarcas,Revenda Multimarcas,SP3 - EDWARD PEREZ CAMPOS,FRANCISCO ESIO DANTAS FRANCO,Feirão Pontual - Feirão Setembro,Luana Marques,Juliana Grande,0,Sem Estoque,18/01/2025,Acima de 90 dias,EM PROCESSAMENTO
11406563000109,A K DE MEDEIROS PEREIRA,RevendaCarro,NE2 - TASSIA CAMILA GOMES DE OLIVEIRA,Claudia de Lima Campelo,FEIRÃO SETEMBRO - P,Ruana Figueroa,Fernanda Souza,0,Sem Estoque,05/03/2024,Acima de 90 dias,PAGA
11447979000167,T BARBOSA  ALVES EIRELI,Revenda Multimarcas,NO2 - LUIZ CLAUDIO DA PALMA DE ALMEIDA MAIA,VANESSA CARVALHO SOARES,Feirão Pontual - 3 Feirões,Fernanda Souza,Fernanda Souza,10,Até 10,17/08/2026,Até 15 dias,PAGA
11483268000148,Tech Motors Car Service Ltda.,Revenda Multimarcas,SP5 - STEPHANIE REIS,Cassia Leite de Oliveira,Feirão Pontual - Feirão Setembro,Andre Souza,Luana Mota,0,Sem Estoque,,Nunca atualizou,PAGA
11771648000188,PISCAR VEICULOS LTDA,Revenda Multimarcas,MG1 - DOUGLAS HENRIQUE FERREIRA,WESLEY PAULO GONCALVES,Feirão Pontual - 3 Feirões,Ludmila Martins,Renan Winterink,112,Acima 101,31/08/2026,Até 15 dias,PAGA
11938018000155,DANIELA NASCIMENTO PESSOA 06008956613,Revenda Multimarcas,MG1 - DOUGLAS HENRIQUE FERREIRA,Marcella Guimaraes Souza,Feirão Pontual - Feirão Setembro,Ludmila Martins,Renan Winterink,0,Sem Estoque,,Nunca atualizou,PAGA
12002394000104,NORTE COMERCIO DE AUTOMOVEIS LTDA,Revenda Multimarcas,MG1 - DOUGLAS HENRIQUE FERREIRA,Karen Sabrina Neves da Silva,Feirão Pontual - 3 Feirões,Ludmila Martins,Renan Winterink,41,Até 50,29/08/2026,Até 15 dias,PAGA
12021913000173,PAZIN E HYPOLITO COMERCIO DE VEICULOS LTDA,RevendaCarro,SPINT4 - VINICIUS THIAGO PINHEIRO DOS SANTOS,Douglas de Barros Sobral,FEIRÃO SETEMBRO - P,Juliana Grande,Juliana Grande,0,Sem Estoque,,Nunca atualizou,PAGA
12040246000176,Uniao Veiculos,RevendaCarro,NE3 - PAULO AMERICO LEMOS DE SEIXAS FILHO,Geisinea Rocha Mascarenhas,FEIRÃO SETEMBRO - P,Fernanda Souza,Fernanda Souza,0,Sem Estoque,,Nunca atualizou,PAGA
1228564000149,São Lucas Automóveis Ltda,RevendaCarro,NE2 - TASSIA CAMILA GOMES DE OLIVEIRA,CARLOS EDUARDO LOCIO ROSADO,FEIRÃO SETEMBRO - P,Ruana Figueroa,Fernanda Souza,0,Sem Estoque,20/01/2026,Acima de 90 dias,AGUARDANDO_PAGAMENTO
12405082000133,Samuel Automoveis,RevendaCarro,SPINT3 - FABIO YOSHIKAZU TANIGUTI,jose alex bezerra,FEIRÃO SETEMBRO - M,Andre Souza,Luana Mota,0,Sem Estoque,17/03/2017,Acima de 90 dias,PAGA
12466008000127,J & P COMERCIO VAREJISTA DE VEICULOS AUTOMOTORES LTDA,RevendaCarro,NE2 - TASSIA CAMILA GOMES DE OLIVEIRA,Felipe Caldas Cavalcante,FEIRÃO SETEMBRO - P,Ruana Figueroa,Fernanda Souza,25,Até 30,31/08/2026,Até 15 dias,PENDENTE_ACEITE
12512439000182,RONALDO VEICULOS,RevendaCarro,PR1 - DOUGLAS INÁCIO DA SILVA,Carlos Eduardo,FEIRÃO SETEMBRO - M,Lucynara Ochiai,Renan Winterink,0,Sem Estoque,,Nunca atualizou,PAGA
12550975000172,JV multimarcas,RevendaCarro,CO1 - NADIA JAMAYARA CARDOSO PRIMO,ELTON APARECIDO DE SOUZA,FEIRÃO SETEMBRO - P,Tatiane Silva,Renan Winterink,0,Sem Estoque,,Nunca atualizou,PAGA
12598986000122,AUTOVEL MULTIMARCAS LTDA,Revenda Multimarcas,SC1 - ELIANE DA SILVEIRA,VITOR DA CUNHA MALLMANN,Feirão Pontual - 3 Feirões,Gabriel Pereira,Renan Winterink,31,Até 50,28/08/2026,Até 15 dias,PAGA
12605410000145,LS CAR,Revenda Multimarcas,NE3 - PAULO AMERICO LEMOS DE SEIXAS FILHO,SIDNEI MIRANDA DE SOUSA,Feirão Pontual - 3 Feirões,Fernanda Souza,Fernanda Souza,17,Até 20,23/07/2026,31 a 60 dias,PAGA
12638221000179,AUTENTICAR COMERCIO E LOCADORA DE VEICULOS LTDA,RevendaCarro,NE2 - TASSIA CAMILA GOMES DE OLIVEIRA,Aline Ticiane Saraiva Queiroz,FEIRÃO SETEMBRO - P,Ruana Figueroa,Fernanda Souza,0,Sem Estoque,30/10/2021,Acima de 90 dias,PAGA
12670684000118,Zafani Premium,RevendaCarro,SPINT3 - FABIO YOSHIKAZU TANIGUTI,Adriana Mara da silva,FEIRÃO SETEMBRO - G,Andre Souza,Luana Mota,0,Sem Estoque,,Nunca atualizou,PAGA
12730728000158,MR2 MULTIMARCAS,Revenda Multimarcas,SC1 - ELIANE DA SILVEIRA,JEFFERSON SOARES DA SILVA MONTEIRO,Feirão Pontual - Feirão Setembro,Gabriel Pereira,Renan Winterink,64,Até 100,29/08/2026,Até 15 dias,PAGA
12960635000110,MURILO RIBEIRO DE BARROS,Revenda Multimarcas,SPINT5 - EDILSON BERNAL MOLEIRO,VERIDIANA FURLANI HUMMEL DOS SANTOS,Feirão Pontual - 3 Feirões,Juliana Grande,Juliana Grande,49,Até 50,29/08/2026,Até 15 dias,PAGA
13033879000110,CARVALHO & MARINHO LTDA,Revenda Multimarcas,NE3 - PAULO AMERICO LEMOS DE SEIXAS FILHO,KRYSLAISA FONSECA FERRO,Feirão Pontual - 3 Feirões,Fernanda Souza,Fernanda Souza,33,Até 50,29/08/2026,Até 15 dias,PAGA
1306870000156,RIAL LITORAL COMERCIO DE VEICULOS USADOS LIMITADA,Revenda Multimarcas,NE3 - PAULO AMERICO LEMOS DE SEIXAS FILHO,SIDNEI MIRANDA DE SOUSA,Feirão Pontual - 3 Feirões,Fernanda Souza,Fernanda Souza,45,Até 50,29/08/2026,Até 15 dias,PAGA
13069981000175,GAROPACAR,Revenda Multimarcas,SC1 - ELIANE DA SILVEIRA,Diego de Moraes Subtil,Feirão Pontual - Feirão Setembro,Gabriel Pereira,Renan Winterink,0,Sem Estoque,,Nunca atualizou,PAGA
13165174000156,Anis Car comércio de veículos Ltda,Revenda Multimarcas,SP4 - TIAGO FLORIANO OLIVEIRA,Alvaro de Moura Lima Junior,Feirão Pontual - Feirão Setembro,Luana Marques,Juliana Grande,29,Até 30,31/08/2026,Até 15 dias,PAGA
13181780000165,PAULO ROBERTO RAIMUNDO JUNIOR,RevendaCarro,SPINT2 - MARCELO DE SOUSA CAETANO,Matheus William do Prado,FEIRÃO SETEMBRO - G,Juliana Grande,Juliana Grande,0,Sem Estoque,07/07/2026,31 a 60 dias,PENDENTE_ACEITE
1322481000114,W-STOEBERL COMERCIO DE VEICULOS LTDA,RevendaCarro,SC2 - FABIANO HEIL DIAS,Marlon José Zaranski,FEIRÃO SETEMBRO - M,Gabriel Pereira,Renan Winterink,30,Até 30,27/08/2026,Até 15 dias,PAGA
13331221000194,VAGNER LUIZ FRANCO VEICULOS LTDA,RevendaCarro,SPINT3 - FABIO YOSHIKAZU TANIGUTI,EDUARDO MACIEL,FEIRÃO SETEMBRO - M,Andre Souza,Luana Mota,0,Sem Estoque,,Nunca atualizou,AGUARDANDO_PAGAMENTO
13371614000121,IMPECAR VEICULOS MULTIMARCAS LTDA,RevendaCarro,RS1 - DAIANE DOS SANTOS CORREA,Adriana Alles,FEIRÃO SETEMBRO - P,Bruna de Paula,Renan Winterink,0,Sem Estoque,,Nunca atualizou,PENDENTE_ACEITE
13372105000113,101 veiculos,Revenda Multimarcas,SC1 - ELIANE DA SILVEIRA,Everton Mateus Marczinski,Feirão Pontual - 3 Feirões,Gabriel Pereira,Renan Winterink,280,Acima 101,31/08/2026,Até 15 dias,PAGA
13414720000145,AUTO CAR MULTIMARCAS LTDA,Revenda Multimarcas,SC1 - ELIANE DA SILVEIRA,CLICIA SOUZA DOS SANTOS,Feirão Pontual - Feirão Setembro,Gabriel Pereira,Renan Winterink,0,Sem Estoque,,Nunca atualizou,PAGA
13431979000102,MELO VEICULOS LTDA,RevendaCarro,NE2 - TASSIA CAMILA GOMES DE OLIVEIRA,Felipe Caldas Cavalcante,FEIRÃO SETEMBRO - P,Ruana Figueroa,Fernanda Souza,6,Até 10,23/07/2024,Acima de 90 dias,PAGA
13480511000108,ETELVANE VEICULOS LTDA,Revenda Multimarcas,NE2 - TASSIA CAMILA GOMES DE OLIVEIRA,ALISON KODI HIRATA,Feirão Pontual - 3 Feirões,Ruana Figueroa,Fernanda Souza,4,Até 5,27/07/2026,31 a 60 dias,PAGA
13554926000170,V.W AUTOMOVEIS,Revenda Multimarcas,SE1 - BRUNO NOGUEIRA MARTINS,Thayna Castelari Longui Buson,Feirão Pontual - Feirão Setembro,Ludmila Martins,Renan Winterink,0,Sem Estoque,,Nunca atualizou,PAGA
13694587000128,Santa Catarina Automoveis - Joinville,RevendaCarro,SC1 - ELIANE DA SILVEIRA,jefferson soares da silva monteiro,FEIRÃO SETEMBRO - P,Gabriel Pereira,Renan Winterink,32,Até 50,26/08/2026,Até 15 dias,PAGA
13705688000157,Vovo Veiculos,RevendaCarro,NE3 - PAULO AMERICO LEMOS DE SEIXAS FILHO,ELISIA NATALY LIMA MARTINS BARROS,2 FEIROES - P,Fernanda Souza,Fernanda Souza,0,Sem Estoque,,Nunca atualizou,PAGA
13800773000102,Connect Veiculos,RevendaCarro,SPINT3 - FABIO YOSHIKAZU TANIGUTI,Guilherme de oliveira matos aiello,FEIRÃO SETEMBRO - M,Andre Souza,Luana Mota,0,Sem Estoque,,Nunca atualizou,PAGA
13968010000167,Gauchinho Veiculos,RevendaCarro,PR2 - MARIA INES ANTUNES,Anderson Lino peteoski,FEIRÃO SETEMBRO - M,Lucynara Ochiai,Renan Winterink,0,Sem Estoque,,Nunca atualizou,PENDENTE_ACEITE
13995056000175,INOVACAR,Revenda Multimarcas,SC1 - ELIANE DA SILVEIRA,Mateus da Silva Dutra,Feirão Pontual - 3 Feirões,Gabriel Pereira,Renan Winterink,39,Até 50,31/08/2026,Até 15 dias,PAGA
14008545000159,Sandro Veiculos,Revenda Multimarcas,NO2 - LUIZ CLAUDIO DA PALMA DE ALMEIDA MAIA,Ana Maria Walfredo Neves,Feirão Pontual - 3 Feirões,Fernanda Souza,Fernanda Souza,1,Até 5,15/05/2026,Acima de 90 dias,PAGA
14011955000159,Cvc vip comércio de veiculos,Revenda Multimarcas,MG1 - DOUGLAS HENRIQUE FERREIRA,Clodomiro Vaz da Silva Neto,Feirão Pontual - 3 Feirões,Ludmila Martins,Renan Winterink,20,Até 20,14/05/2026,Acima de 90 dias,PAGA
14024658000148,TVLAR MOTOS,Concessionária,NO1 - MARCOS WILLIAM MAIA LEMES JUNIOR,Aldo Vale de Jesus Júnior,Feirão Pontual - 3 Feirões,,,15,Até 20,15/05/2026,Acima de 90 dias,PAGA
14047458000100,B V M COMERCIO LTDA,Revenda Multimarcas,NO2 - LUIZ CLAUDIO DA PALMA DE ALMEIDA MAIA,Nayade Sabrina Mendes Malato,Feirão Pontual - 3 Feirões,Fernanda Souza,Fernanda Souza,0,Sem Estoque,03/03/2026,Acima de 90 dias,5 PARC ATRASO
14214368000167,MINAS CAR MULTIMARCAS LTDA,Revenda Multimarcas,MG1 - DOUGLAS HENRIQUE FERREIRA,ALBE RICARDO MICHETTE RAMOS,Feirão Pontual - 3 Feirões,Ludmila Martins,Renan Winterink,26,Até 30,18/05/2026,Acima de 90 dias,PAGA
14239814000198,BLUE COMERCIO DE VEICULOS LTDA,RevendaCarro,SPINT1 - CHRISTIANE LOPES,Rafael,FEIRÃO SETEMBRO - G,Juliana Grande,Juliana Grande,369,Acima 101,31/08/2026,Até 15 dias,PAGA
14265315000175,FENIX VEICULOS,Revenda Multimarcas,NO2 - LUIZ CLAUDIO DA PALMA DE ALMEIDA MAIA,Ana Maria Walfredo Neves,Feirão Pontual - 3 Feirões,Fernanda Souza,Fernanda Souza,6,Até 10,03/08/2026,Até 30 dias,PAGA
14301312000140,LOC WEB COMERCIO DE VEICULOS EIRELI,RevendaCarro,SP4 - TIAGO FLORIANO OLIVEIRA,Ricardo Francisco Catarino,FEIRÃO SETEMBRO - P,Luana Marques,Juliana Grande,0,Sem Estoque,21/01/2022,Acima de 90 dias,PAGA
14315177000191,VEICULOS SEMI NOVOS JOAO PAULO DA SILVA FERNANDES MONTEIRO LTDA,RevendaCarro,CO1 - NADIA JAMAYARA CARDOSO PRIMO,GENIVAL CRUZ,2 FEIROES - P,Tatiane Silva,Renan Winterink,7,Até 10,26/08/2026,Até 15 dias,PAGA
14332130000136,Dan Comercio de Veículos LTDA,Revenda Multimarcas,SE1 - BRUNO NOGUEIRA MARTINS,Letícia Alves e Lima,Feirão Pontual - Feirão Setembro,Ludmila Martins,Renan Winterink,0,Sem Estoque,,Nunca atualizou,PAGA
14356204000174,Alpina Comercio de Veículos Novos e Usados Ltda,Revenda Multimarcas,SP4 - TIAGO FLORIANO OLIVEIRA,Renato Lourenço Vieira,Feirão Pontual - 3 Feirões,Luana Marques,Juliana Grande,64,Até 100,28/08/2026,Até 15 dias,PAGA
14410646000151,FABRI E FERREIRA PRUDENTE COMERCIO DE VEICULOS LTDA,RevendaCarro,SPINT4 - VINICIUS THIAGO PINHEIRO DOS SANTOS,Gilson Bonome,FEIRÃO SETEMBRO - P,Juliana Grande,Juliana Grande,31,Até 50,25/08/2026,Até 15 dias,PAGA
14412853000145,Ouro Car,Revenda Multimarcas,NE3 - PAULO AMERICO LEMOS DE SEIXAS FILHO,Marcos Luís Freitas de Santana,Feirão Pontual - 3 Feirões,Fernanda Souza,Fernanda Souza,2,Até 5,20/03/2024,Acima de 90 dias,PAGA
14426556000159,ESQUINA MOTORS,Revenda Multimarcas,SC1 - ELIANE DA SILVEIRA,EVERTON MATEUS MARCZINSKI,Feirão Pontual - Feirão Setembro,Gabriel Pereira,Renan Winterink,86,Até 100,28/08/2026,Até 15 dias,EM PROCESSAMENTO
14468597000108,FINANCE CAR LTDA,Revenda Multimarcas,MG1 - DOUGLAS HENRIQUE FERREIRA,marcos vincius do couto,Feirão Pontual - 2 Feirões,Ludmila Martins,Renan Winterink,0,Sem Estoque,,Nunca atualizou,PAGA
14474007000150,STANDER MULTIMARCAS LTDA,Revenda Multimarcas,RS1 - DAIANE DOS SANTOS CORREA,PATRICIA BILHALVA,Feirão Pontual - Feirão Setembro,Bruna de Paula,Renan Winterink,9,Até 10,15/08/2026,Até 30 dias,PAGA
14498318000159,AUTO REPASSE VEICULOS LTDA,RevendaCarro,SPINT5 - EDILSON BERNAL MOLEIRO,ANDREIA FIASCHI ANDREOLI,FEIRÃO SETEMBRO - P,Juliana Grande,Juliana Grande,41,Até 50,31/08/2026,Até 15 dias,PENDENTE_ACEITE
14520313000185,PIRACICABANO VEICULOS LTDA,RevendaCarro,SPINT1 - CHRISTIANE LOPES,Caique Costa Pelegrino,FEIRÃO SETEMBRO - P,Juliana Grande,Juliana Grande,61,Até 100,29/08/2026,Até 15 dias,PAGA
14520702000100,Cak veículos,Revenda Multimarcas,CO1 - NADIA JAMAYARA CARDOSO PRIMO,Sandra Soares da Nóbrega,Feirão Pontual - 3 Feirões,Tatiane Silva,Renan Winterink,58,Até 100,31/08/2026,Até 15 dias,1 PARC ATRASO
14531458000181,FELIPE VAL PITSCH & CIA LTDA,RevendaCarro,SPINT3 - FABIO YOSHIKAZU TANIGUTI,AYRES RODRIGO VALENTE LUCARINI,FEIRÃO SETEMBRO - M,Andre Souza,Luana Mota,8,Até 10,19/05/2026,Acima de 90 dias,PAGA
14585637000100,LEITAO MOTOS,Revenda Multimarcas,NE1 - FRANCISCA IVANISE CARVALHO FERNANDES,Ennes Carlos Simoes Maciel,Feirão Pontual - 3 Feirões,Fernanda Souza,Fernanda Souza,0,Sem Estoque,,Nunca atualizou,PAGA
14624908000180,SINAI MOTORS COMERCIO DE VEICULOS LTDA,RevendaCarro,SP3 - EDWARD PEREZ CAMPOS,LEANDRO PIGNATARI,FEIRÃO SETEMBRO - P,Luana Marques,Juliana Grande,0,Sem Estoque,25/02/2026,Acima de 90 dias,PAGA
14709550000199,JB MOTORS VEICULOS LTDA,RevendaCarro,CO2 - THEONILO GONCALINO DE ALMEIDA,liliane deknis,FEIRÃO SETEMBRO - P,Tatiane Silva,Renan Winterink,0,Sem Estoque,07/08/2025,Acima de 90 dias,AGUARDANDO_PAGAMENTO
14713934000185,RL VEICULOS MULTMARCAS,Revenda Multimarcas,NE2 - TASSIA CAMILA GOMES DE OLIVEIRA,Felipe Caldas,Feirão Pontual - 3 Feirões,Ruana Figueroa,Fernanda Souza,31,Até 50,08/04/2026,Acima de 90 dias,1 PARC ATRASO
14926748000124,VITEC COMERCIO E SERVICOS - LTDA,RevendaCarro,CO1 - NADIA JAMAYARA CARDOSO PRIMO,Danilo de Lima Rodrigues,2 FEIROES - G,Tatiane Silva,Renan Winterink,0,Sem Estoque,13/06/2025,Acima de 90 dias,PAGA
15121317000153,Nick multimarcas,Revenda Multimarcas,SC1 - ELIANE DA SILVEIRA,Thomas Edison Pereira,Feirão Pontual - 3 Feirões,Gabriel Pereira,Renan Winterink,5,Até 5,22/03/2025,Acima de 90 dias,PAGA
15134906000176,GRIFFE MULTIMARCAS VEICULOS E IMOVEIS LTDA,RevendaCarro,SP7 - FLAVIA DE FATIMA CORREA,Tábata Regina Pereira Lima,FEIRÃO SETEMBRO - P,Juliana Grande,Juliana Grande,52,Até 100,28/08/2026,Até 15 dias,PENDENTE_ACEITE
15217191000115,RIBEIRANIA MOTORS,Revenda Multimarcas,SPINT3 - FABIO YOSHIKAZU TANIGUTI,PAULO RENATO FERREIRA DA SILVA,Feirão Pontual - Feirão Setembro,Andre Souza,Luana Mota,78,Até 100,31/08/2026,Até 15 dias,PAGA
15249452000189,Platinum Comercio De Veiculos Ltda,Revenda Multimarcas,SC1 - ELIANE DA SILVEIRA,Ariela da silva,Feirão Pontual - 3 Feirões,Gabriel Pereira,Renan Winterink,78,Até 100,28/08/2026,Até 15 dias,1 PARC ATRASO
15250887000143,V8 Motors,RevendaCarro,PR1 - DOUGLAS INÁCIO DA SILVA,Joao leonardo Dacheri,FEIRÃO SETEMBRO - M,Lucynara Ochiai,Renan Winterink,0,Sem Estoque,,Nunca atualizou,PAGA
15271555000145,Green Bay Car,Revenda Multimarcas,SP4 - TIAGO FLORIANO OLIVEIRA,Victoria Barreiro,Feirão Pontual - Feirão Setembro,Luana Marques,Juliana Grande,22,Até 30,28/08/2026,Até 15 dias,PAGA
15383688000103,N1 IMPORTS,Revenda Multimarcas,SP3 - EDWARD PEREZ CAMPOS,FERNANDA RAMOS DONATO,Feirão Pontual - 3 Feirões,Luana Marques,Juliana Grande,24,Até 30,31/08/2026,Até 15 dias,AGUARDANDO_PAGAMENTO
15411152000154,ALEXCAR MULTIMARCAS COMERCIO DE VEICULOS LTDA,RevendaCarro,SPINT4 - VINICIUS THIAGO PINHEIRO DOS SANTOS,GLAUBER JOSE BELOTO,FEIRÃO SETEMBRO - M,Juliana Grande,Juliana Grande,0,Sem Estoque,21/06/2023,Acima de 90 dias,PAGA
15694471000114,GT MARCAS,Concessionária,SC1 - ELIANE DA SILVEIRA,Cynthia Fernandes Moura,Feirão Pontual - 3 Feirões,Gabriel Pereira,Renan Winterink,9,Até 10,15/05/2026,Acima de 90 dias,PAGA
15770273000192,CRS Comercio de Veiculos,RevendaCarro,SP7 - FLAVIA DE FATIMA CORREA,Natália Gabriele Teixeira,FEIRÃO SETEMBRO - M,Juliana Grande,Juliana Grande,0,Sem Estoque,,Nunca atualizou,PAGA
1584603000140,KAFKA MULTIMARCAS,RevendaCarro,SC1 - ELIANE DA SILVEIRA,Thomas Edison Pereira,FEIRÃO SETEMBRO - M,Gabriel Pereira,Renan Winterink,0,Sem Estoque,,Nunca atualizou,PENDENTE_ACEITE
1623440000168,GONGRA COMERCIO DE VEICULOS LTDA,RevendaCarro,PR1 - DOUGLAS INÁCIO DA SILVA,Vitoria Cabral Ferreira,2 FEIROES - P,Lucynara Ochiai,Renan Winterink,184,Acima 101,26/08/2026,Até 15 dias,PAGA
16526145000160,Arena Motors - Sul,Revenda Multimarcas,SP8 - VAGO,Vinícius Santos Silva,Feirão Pontual - 3 Feirões,Juliana Grande,Juliana Grande,300,Acima 101,31/08/2026,Até 15 dias,2 PARC ATRASO
16526145000322,Arena Motors - SP Market,Revenda Multimarcas,SP8 - VAGO,Vinícius Santos Silva,Feirão Pontual - 3 Feirões,Juliana Grande,Juliana Grande,222,Acima 101,31/08/2026,Até 15 dias,1 PARC ATRASO
16526145000403,Arena Motors - Leste ,Revenda Multimarcas,SP8 - VAGO,RINAN HELBER DE LIMA BORGES,Feirão Pontual - 3 Feirões,Juliana Grande,Juliana Grande,291,Acima 101,31/08/2026,Até 15 dias,1 PARC ATRASO
16526145000594,Arena Motors - Santo André,Revenda Multimarcas,SP8 - VAGO,RINAN HELBER DE LIMA BORGES,Feirão Pontual - 3 Feirões,Juliana Grande,Juliana Grande,366,Acima 101,28/08/2026,Até 15 dias,PAGA
16637319000162,HR MULTIMARCAS VEICULOS EIRELI,RevendaCarro,SP8 - VAGO,Karoli Gomes,FEIRÃO SETEMBRO - P,Juliana Grande,Juliana Grande,0,Sem Estoque,17/08/2022,Acima de 90 dias,AGUARDANDO_PAGAMENTO
16836569000121,Divisa Caminhões e Veículos,Revenda Multimarcas,SC2 - FABIANO HEIL DIAS,Felipe Ronchi,Feirão Pontual - Feirão Setembro,Gabriel Pereira,Renan Winterink,0,Sem Estoque,,Nunca atualizou,PAGA
1684526000109,CORONETTI AUTOMOVEIS,Revenda Multimarcas,SC2 - FABIANO HEIL DIAS,IVO RODRIGUES DE SOUZA,Feirão Pontual - Feirão Setembro,Gabriel Pereira,Renan Winterink,0,Sem Estoque,,Nunca atualizou,PAGA
16897929000103,SANTA FÉ MOTORS LTDA,RevendaCarro,SPINT1 - CHRISTIANE LOPES,Maêda Ferreira Mendes,FEIRÃO SETEMBRO - M,Juliana Grande,Juliana Grande,0,Sem Estoque,20/08/2025,Acima de 90 dias,PAGA
16923273000148,Bm Automoveis,Revenda Multimarcas,MG1 - DOUGLAS HENRIQUE FERREIRA,Elaine Cristina Moreira Dias,Feirão Pontual - Feirão Setembro,Ludmila Martins,Renan Winterink,82,Até 100,28/08/2026,Até 15 dias,PAGA
16925806000120,MINAS CAR VEICULOS LTDA,RevendaCarro,MG1 - DOUGLAS HENRIQUE FERREIRA,Thamara Resende Sousa,2 FEIROES - M,Ludmila Martins,Renan Winterink,0,Sem Estoque,,Nunca atualizou,PENDENTE_ACEITE
17003405000186,GUTO COMERCIO DE VEICULOS LTDA,RevendaCarro,SPINT3 - FABIO YOSHIKAZU TANIGUTI,Laís dos Santos Rover,FEIRÃO SETEMBRO - M,Andre Souza,Luana Mota,26,Até 30,28/08/2026,Até 15 dias,PAGA
17042015000115,ELITE CAR VEICULOS,Revenda Multimarcas,RS1 - DAIANE DOS SANTOS CORREA,CARLOS ROBERTO MACHADO LA ROCCA,Feirão Pontual - Feirão Setembro,Bruna de Paula,Renan Winterink,0,Sem Estoque,,Nunca atualizou,PAGA
17047293000165,AJ VEICULOS LTDA,RevendaCarro,NE1 - FRANCISCA IVANISE CARVALHO FERNANDES,Iann Gabriel Moreira de Souza,FEIRÃO SETEMBRO - P,Fernanda Souza,Fernanda Souza,2,Até 5,21/08/2026,Até 15 dias,PAGA
17166610000162,Palestra Multimarcas,RevendaCarro,SP4 - TIAGO FLORIANO OLIVEIRA,Felipe Santos,FEIRÃO SETEMBRO - M,Luana Marques,Juliana Grande,0,Sem Estoque,,Nunca atualizou,PENDENTE_ACEITE
17192002000122,K. R. COMERCIO DE VEICULOS LTDA,RevendaCarro,SPINT3 - FABIO YOSHIKAZU TANIGUTI,MARLENE LAZARA RONCADA ROSSI,FEIRÃO SETEMBRO - M,Andre Souza,Luana Mota,53,Até 100,26/08/2026,Até 15 dias,PAGA
17318358000160,Felipe Auto,Revenda Multimarcas,NE3 - PAULO AMERICO LEMOS DE SEIXAS FILHO,Marcos Luís Freitas de Santana,Feirão Pontual - 3 Feirões,Fernanda Souza,Fernanda Souza,5,Até 5,08/05/2026,Acima de 90 dias,PAGA
17338061000166,VIA NORTE MULTIMARCAS LTDA,RevendaCarro,NE2 - TASSIA CAMILA GOMES DE OLIVEIRA,Ricardo Maia Melo,FEIRÃO SETEMBRO - P,Ruana Figueroa,Fernanda Souza,25,Até 30,25/08/2026,Até 15 dias,PENDENTE_ACEITE
17349676000198,TK VEICULOS LTDA,RevendaCarro,NE1 - FRANCISCA IVANISE CARVALHO FERNANDES,Max Rodrigo da Costa Barreto,FEIRÃO SETEMBRO - G,Fernanda Souza,Fernanda Souza,7,Até 10,15/05/2026,Acima de 90 dias,PAGA
17363726000191,NERI VEICULOS LTDA,Revenda Multimarcas,CO2 - THEONILO GONCALINO DE ALMEIDA,Bruno Marx Vilas Boas da Silva,Feirão Pontual - 3 Feirões,Tatiane Silva,Renan Winterink,7,Até 10,22/05/2026,Acima de 90 dias,PAGA
17493433000129,Grupo santos,Revenda Multimarcas,NE3 - PAULO AMERICO LEMOS DE SEIXAS FILHO,Júlio César de Souza,Feirão Pontual - 3 Feirões,Fernanda Souza,Fernanda Souza,0,Sem Estoque,,Nunca atualizou,4 PARC ATRASO
17523667000171,Moret Veiculos chapeco,Revenda Multimarcas,SC2 - FABIANO HEIL DIAS,Ricardo Mandarano,Feirão Pontual - Feirão Setembro,Gabriel Pereira,Renan Winterink,0,Sem Estoque,,Nunca atualizou,PAGA
17599466000158,Tim tim multimarcas,Revenda Multimarcas,SP7 - FLAVIA DE FATIMA CORREA,Everton Paiva lima,Feirão Pontual - 3 Feirões,Juliana Grande,Juliana Grande,0,Sem Estoque,12/08/2026,Até 30 dias,4 PARC ATRASO
17655543000140,S&V Veículos,RevendaCarro,SE1 - BRUNO NOGUEIRA MARTINS,Karen luana santos,FEIRÃO SETEMBRO - P,Ludmila Martins,Renan Winterink,0,Sem Estoque,,Nunca atualizou,PAGA
17729148000164,ALEXANDRE AUTOMOVEIS LTDA,RevendaCarro,SPINT1 - CHRISTIANE LOPES,Nathália pinheiro Alexandrino,FEIRÃO SETEMBRO - P,Juliana Grande,Juliana Grande,0,Sem Estoque,,Nunca atualizou,PAGA
17817609000150,Tudo Tudo Veiculos,RevendaCarro,RS1 - DAIANE DOS SANTOS CORREA,Rafaela Bachi Steffli,FEIRÃO SETEMBRO - M,Bruna de Paula,Renan Winterink,0,Sem Estoque,,Nunca atualizou,PAGA
17870956000147,Confia Automóveis,RevendaCarro,SC1 - ELIANE DA SILVEIRA,Hemilly Marcon Nunes de Stefani,FEIRÃO SETEMBRO - M,Gabriel Pereira,Renan Winterink,0,Sem Estoque,,Nunca atualizou,PAGA
17945888000138,Fiocar Multimarcas,RevendaCarro,SPINT1 - CHRISTIANE LOPES,Mariana Franco Fernandes,FEIRÃO SETEMBRO - P,Juliana Grande,Juliana Grande,0,Sem Estoque,,Nunca atualizou,PENDENTE_ACEITE
17949166000151,KADOSH CAR,RevendaCarro,SP4 - TIAGO FLORIANO OLIVEIRA,ANA PAULA MAURICIO,FEIRÃO SETEMBRO - M,Luana Marques,Juliana Grande,0,Sem Estoque,,Nunca atualizou,PENDENTE_ACEITE
17949740000171,Realize veiculos ltda,Revenda Multimarcas,NE2 - TASSIA CAMILA GOMES DE OLIVEIRA,CARLOS EDUARDO LOCIO ROSADO,Feirão Pontual - 3 Feirões,Ruana Figueroa,Fernanda Souza,24,Até 30,21/08/2026,Até 15 dias,1 PARC ATRASO
18162772000195,BRUNO MULTIMARCAS,Revenda Multimarcas,SP3 - EDWARD PEREZ CAMPOS,FRANCISCO ESIO DANTAS FRANCO,Feirão Pontual - Feirão Setembro,Luana Marques,Juliana Grande,0,Sem Estoque,22/04/2024,Acima de 90 dias,EM PROCESSAMENTO
18342453000161,S a multimarcas,RevendaCarro,SP7 - FLAVIA DE FATIMA CORREA,adriene da fonseca lopes rodrigues,FEIRÃO SETEMBRO - P,Juliana Grande,Juliana Grande,0,Sem Estoque,,Nunca atualizou,PAGA
18542565000166,Divisa multimarcas ltda,Revenda Multimarcas,CO1 - NADIA JAMAYARA CARDOSO PRIMO,Hudson do nascimento santana,Feirão Pontual - 2 Feirões,Tatiane Silva,Renan Winterink,34,Até 50,31/08/2026,Até 15 dias,PAGA
18589082000117,JULIANO VEICULOS,Revenda Multimarcas,RS1 - DAIANE DOS SANTOS CORREA,ADRIANA ALLES,Feirão Pontual - 2 Feirões,Bruna de Paula,Renan Winterink,60,Até 100,28/08/2026,Até 15 dias,PAGA
18701734000163,Autofinance LTDA,Revenda Multimarcas,NE2 - TASSIA CAMILA GOMES DE OLIVEIRA,Clenilze de Azevedo Farias,Feirão Pontual - 3 Feirões,Ruana Figueroa,Fernanda Souza,279,Acima 101,31/08/2026,Até 15 dias,PAGA
18707036000175,ALESSANDRO JOSE GASPARO,RevendaCarro,SPINT3 - FABIO YOSHIKAZU TANIGUTI,Marlei Roncada,FEIRÃO SETEMBRO - M,Andre Souza,Luana Mota,49,Até 50,31/08/2026,Até 15 dias,PAGA
18746127000110,RM CAR LTDA,Revenda Multimarcas,NE3 - PAULO AMERICO LEMOS DE SEIXAS FILHO,Maria Iolanda dos Santos Rolemberg,Feirão Pontual - 3 Feirões,Fernanda Souza,Fernanda Souza,0,Sem Estoque,,Nunca atualizou,PAGA
18751659000145,inkar comercio de automoveis ltda,Revenda Multimarcas,MG1 - DOUGLAS HENRIQUE FERREIRA,carolina jardim rocha araujo,Feirão Pontual - Feirão Setembro,Ludmila Martins,Renan Winterink,42,Até 50,31/08/2026,Até 15 dias,PAGA
18775013000106,Radial Automóveis,Revenda Multimarcas,CO1 - NADIA JAMAYARA CARDOSO PRIMO,Luís Rodrigues Filho,Feirão Pontual - 3 Feirões,Tatiane Silva,Renan Winterink,110,Acima 101,31/08/2026,Até 15 dias,1 PARC ATRASO
1878110000113,LUCAS DA SILVA CUNHA,Revenda Multimarcas,NE3 - PAULO AMERICO LEMOS DE SEIXAS FILHO,ELISIA NATALY LIMA MARTINS BARROS,Feirão Pontual - 3 Feirões,Fernanda Souza,Fernanda Souza,15,Até 20,24/08/2026,Até 15 dias,PAGA
18909247000190,MARANATA VEICULOS,Revenda Multimarcas,MG1 - DOUGLAS HENRIQUE FERREIRA,Poliane Lopes de Souza Penido,Feirão Pontual - 3 Feirões,Ludmila Martins,Renan Winterink,43,Até 50,31/08/2026,Até 15 dias,3 PARC ATRASO
18914121000104,Souza da Agua Veículos,RevendaCarro,SP2 - LUIZ DE OLIVEIRA CRUZ,Jaqueline dos Santos Conceição,FEIRÃO SETEMBRO - M,Luana Mota,Luana Mota,36,Até 50,01/07/2026,61 a 90 dias,AGUARDANDO_PAGAMENTO
18986049000120,TR veiculos ltda,Revenda Multimarcas,NE3 - PAULO AMERICO LEMOS DE SEIXAS FILHO,SÉRGIO RICARDO PARISIO SANTOS,Feirão Pontual - 3 Feirões,Fernanda Souza,Fernanda Souza,25,Até 30,17/08/2026,Até 15 dias,PAGA
18990834000157,REVEA,RevendaCarro,NO2 - LUIZ CLAUDIO DA PALMA DE ALMEIDA MAIA,VANESSA CARVALHO SOARES,FEIRÃO SETEMBRO - M,Fernanda Souza,Fernanda Souza,0,Sem Estoque,,Nunca atualizou,PAGA
19056528000100,VANESSA CIOLFI MEDEIROS COMERCIO DE AUTOMOVEIS,RevendaCarro,SP3 - EDWARD PEREZ CAMPOS,FRANCISCO ESIO DANTAS FRANCO,FEIRÃO SETEMBRO - M,Luana Marques,Juliana Grande,0,Sem Estoque,09/03/2026,Acima de 90 dias,PENDENTE_ACEITE
19141716000137,FARO E MOREIRA MULTIMARCAS,RevendaCarro,SE1 - BRUNO NOGUEIRA MARTINS,viviane de almeida,FEIRÃO SETEMBRO - M,Ludmila Martins,Renan Winterink,20,Até 20,18/05/2026,Acima de 90 dias,PAGA
19173853000153,SM VEICULOS,Revenda Multimarcas,SE1 - BRUNO NOGUEIRA MARTINS,Maryhá Receputi,Feirão Pontual - Feirão Setembro,Ludmila Martins,Renan Winterink,0,Sem Estoque,,Nunca atualizou,PAGA
19377457000148,AVENIDA MULTIMARCAS,RevendaCarro,SPINT4 - VINICIUS THIAGO PINHEIRO DOS SANTOS,Rui de Almeida Oliveira,FEIRÃO SETEMBRO - P,Juliana Grande,Juliana Grande,0,Sem Estoque,,Nunca atualizou,PAGA
19534634000152,KFK Multimarcas,Revenda Multimarcas,SP3 - EDWARD PEREZ CAMPOS,Eduardo Felipe Faria,Feirão Pontual - Feirão Setembro,Luana Marques,Juliana Grande,0,Sem Estoque,29/09/2025,Acima de 90 dias,PAGA
1992732000178,Tocos Veículos,Revenda Multimarcas,SP5 - STEPHANIE REIS,juliane aparecida do nascimento alves,Feirão Pontual - 3 Feirões,Andre Souza,Luana Mota,28,Até 30,26/08/2026,Até 15 dias,1 PARC ATRASO
19978029000170,uniao pelotas comercio de veiculos ltda,Revenda Multimarcas,RS1 - DAIANE DOS SANTOS CORREA,patricia bilhalva oliveira,Feirão Pontual - Feirão Setembro,Bruna de Paula,Renan Winterink,1,Até 5,18/05/2026,Acima de 90 dias,PAGA
1998844000136,DAYTONA VEICULOS LTDA,Revenda Multimarcas,SE1 - BRUNO NOGUEIRA MARTINS,FABIO AGNOLET,Feirão Pontual - Feirão Setembro,Ludmila Martins,Renan Winterink,0,Sem Estoque,,Nunca atualizou,PAGA
20001567000190,Rota 19 Motors,RevendaCarro,SPINT2 - MARCELO DE SOUSA CAETANO,Liciane Santana,FEIRÃO SETEMBRO - M,Juliana Grande,Juliana Grande,0,Sem Estoque,,Nunca atualizou,PAGA
20089570000107,Bandeca multimarcas,Revenda Multimarcas,SPINT3 - FABIO YOSHIKAZU TANIGUTI,Junior César donato de souza,Feirão Pontual - 3 Feirões,Andre Souza,Luana Mota,0,Sem Estoque,26/06/2026,61 a 90 dias,PAGA
20159039000163,SHELBY MOTORS COMERCIO DE VEICULOS EIRELI,RevendaCarro,SP8 - VAGO,Bruno Bocaletti,FEIRÃO SETEMBRO - M,Juliana Grande,Juliana Grande,0,Sem Estoque,14/03/2023,Acima de 90 dias,AGUARDANDO_PAGAMENTO
20227724000180,Lindauto Veiculos,RevendaCarro,MG1 - DOUGLAS HENRIQUE FERREIRA,Elaine Cristina Moreira Dias,FEIRÃO SETEMBRO - P,Ludmila Martins,Renan Winterink,0,Sem Estoque,,Nunca atualizou,PAGA
20247195000186,GOMES E ALMEIDA AUTOMOVEIS LEME LTDA,RevendaCarro,SPINT2 - MARCELO DE SOUSA CAETANO,Cléia Nizi,FEIRÃO SETEMBRO - M,Juliana Grande,Juliana Grande,16,Até 20,25/08/2026,Até 15 dias,PAGA
20260959000173,XANDE VEICULOS,RevendaCarro,NE3 - PAULO AMERICO LEMOS DE SEIXAS FILHO,JEFFERSON DA SILVA TENORIO,FEIRÃO SETEMBRO - M,Fernanda Souza,Fernanda Souza,0,Sem Estoque,,Nunca atualizou,PAGA
20264049000169,dudu veiculos,RevendaCarro,NE3 - PAULO AMERICO LEMOS DE SEIXAS FILHO,elisangela silva gomes,FEIRÃO SETEMBRO - P,Fernanda Souza,Fernanda Souza,0,Sem Estoque,26/07/2024,Acima de 90 dias,PAGA
20442120000237,LIAL VEICULOS,RevendaCarro,MG1 - DOUGLAS HENRIQUE FERREIRA,GABRIEL RAMON FERNANDES,FEIRÃO SETEMBRO - M,Ludmila Martins,Renan Winterink,0,Sem Estoque,,Nunca atualizou,AGUARDANDO_PAGAMENTO
20595366000168,SMART VEÍCULOS,Revenda Multimarcas,SPINT5 - EDILSON BERNAL MOLEIRO,carlos alberto rosa,Feirão Pontual - 3 Feirões,Juliana Grande,Juliana Grande,33,Até 50,31/08/2026,Até 15 dias,PAGA
20606319000172,PRIMUS MOTORS,Revenda Multimarcas,MG1 - DOUGLAS HENRIQUE FERREIRA,Neide Tomaz da Costa,Feirão Pontual - Feirão Setembro,Ludmila Martins,Renan Winterink,0,Sem Estoque,,Nunca atualizou,PAGA
20672864000167,DARLEY VEICULOS,RevendaCarro,SC2 - FABIANO HEIL DIAS,MATEUS MOLINET FERREIRA,FEIRÃO SETEMBRO - P,Gabriel Pereira,Renan Winterink,0,Sem Estoque,,Nunca atualizou,PAGA
20691842000144,alfa multimarcas ltda,RevendaCarro,SPINT1 - CHRISTIANE LOPES,Brian laurentino,FEIRÃO SETEMBRO - M,Juliana Grande,Juliana Grande,0,Sem Estoque,,Nunca atualizou,PAGA
20716848000129,JMG comércio de veículos ltda,Revenda Multimarcas,NE1 - FRANCISCA IVANISE CARVALHO FERNANDES,Lucas Moreira Teixeira,Feirão Pontual - 3 Feirões,Fernanda Souza,Fernanda Souza,0,Sem Estoque,05/04/2024,Acima de 90 dias,4 PARC ATRASO
21010676000136,Roberto Multimarcas,RevendaCarro,SP3 - EDWARD PEREZ CAMPOS,Eduardo Luis Braceiro,FEIRÃO SETEMBRO - M,Luana Marques,Juliana Grande,0,Sem Estoque,,Nunca atualizou,PAGA
21145472000102,L & A veiculos,RevendaCarro,NE1 - FRANCISCA IVANISE CARVALHO FERNANDES,Marinilda Martins costa e silva,FEIRÃO SETEMBRO - M,Fernanda Souza,Fernanda Souza,0,Sem Estoque,,Nunca atualizou,PAGA
21156410000104,FAVORETTI VEICULOS,RevendaCarro,NE3 - PAULO AMERICO LEMOS DE SEIXAS FILHO,Maria Eduarda Valadares Tourinho,FEIRÃO SETEMBRO - P,Fernanda Souza,Fernanda Souza,0,Sem Estoque,,Nunca atualizou,PENDENTE_ACEITE
21230160000105,Pemavel Comercio De Veiculos Ltda,Revenda Multimarcas,SC1 - ELIANE DA SILVEIRA,Everton Mateus Marczinski,Feirão Pontual - 3 Feirões,Gabriel Pereira,Renan Winterink,119,Acima 101,31/08/2026,Até 15 dias,PAGA
21310717000100,Jl Veiculos,RevendaCarro,PR1 - DOUGLAS INÁCIO DA SILVA,Renan Rodrigues dos Santos Ribas,FEIRÃO SETEMBRO - P,Lucynara Ochiai,Renan Winterink,0,Sem Estoque,,Nunca atualizou,PAGA
21362817000341,MCAR AUTOMOVEIS LTDA,RevendaCarro,SC1 - ELIANE DA SILVEIRA,Bruno Augusto Iank Ribeiro,FEIRÃO SETEMBRO - M,Gabriel Pereira,Renan Winterink,0,Sem Estoque,17/03/2025,Acima de 90 dias,PAGA
21454031000192,GL-GLAUBER VEICULOS LTDA,RevendaCarro,SE1 - BRUNO NOGUEIRA MARTINS,Anderson Alcion Ferreira Duque Parada,FEIRÃO SETEMBRO - M,Ludmila Martins,Renan Winterink,31,Até 50,10/08/2026,Até 30 dias,PENDENTE_ACEITE
21514783000100,AUTO FACIL VEICULOS LTDA,RevendaCarro,SC1 - ELIANE DA SILVEIRA,Ricardo dos Santos Santos,2 FEIROES - G,Gabriel Pereira,Renan Winterink,28,Até 30,28/08/2026,Até 15 dias,AGUARDANDO_PAGAMENTO
21559650000141,RT Veículos,Revenda Multimarcas,NO2 - LUIZ CLAUDIO DA PALMA DE ALMEIDA MAIA,Marcia Regina Brito Portal,Feirão Pontual - 3 Feirões,Fernanda Souza,Fernanda Souza,21,Até 30,26/08/2026,Até 15 dias,PAGA
21561346000139,C-Car Multimarcas,Revenda Multimarcas,SC1 - ELIANE DA SILVEIRA,Eduardo Bittencourt,Feirão Pontual - 3 Feirões,Gabriel Pereira,Renan Winterink,36,Até 50,28/08/2026,Até 15 dias,PAGA
21571248000182,SLZ VEICULOS LTDA,RevendaCarro,NE1 - FRANCISCA IVANISE CARVALHO FERNANDES,hugo santos,FEIRÃO SETEMBRO - G,Fernanda Souza,Fernanda Souza,0,Sem Estoque,21/01/2026,Acima de 90 dias,PENDENTE_ACEITE
21588031000185,RENAN COMERCIO DE VEICULOS LTDA,RevendaCarro,SPINT4 - VINICIUS THIAGO PINHEIRO DOS SANTOS,IAHGO LOSSAVARO MARIM,FEIRÃO SETEMBRO - M,Juliana Grande,Juliana Grande,35,Até 50,25/08/2026,Até 15 dias,PAGA
21703449000196,PAI E FILHO VEICULOS LTDA,RevendaCarro,SC2 - FABIANO HEIL DIAS,Matheus cuty Rodrigues,FEIRÃO SETEMBRO - P,Gabriel Pereira,Renan Winterink,7,Até 10,20/08/2026,Até 15 dias,PAGA
21722580000109,OESTE MULTIMARCAS,Revenda Multimarcas,SC2 - FABIANO HEIL DIAS,Karine busatto,Feirão Pontual - Feirão Setembro,Gabriel Pereira,Renan Winterink,1,Até 5,15/05/2026,Acima de 90 dias,PAGA
21729039000114,Auto Vrum Comercio de Veiculos Ltda,RevendaCarro,PR1 - DOUGLAS INÁCIO DA SILVA,Lizandra da Silva Jianni,FEIRÃO SETEMBRO - G,Lucynara Ochiai,Renan Winterink,120,Acima 101,31/08/2026,Até 15 dias,PAGA
21804036000106,Di Car Automoveis,RevendaCarro,SC2 - FABIANO HEIL DIAS,Micaela Pereira,FEIRÃO SETEMBRO - P,Gabriel Pereira,Renan Winterink,0,Sem Estoque,,Nunca atualizou,PAGA
21900974000100,VH MOTORS LTDA,RevendaCarro,NE3 - PAULO AMERICO LEMOS DE SEIXAS FILHO,Sidnei Miranda de Sousa,2 FEIROES - P,Fernanda Souza,Fernanda Souza,9,Até 10,19/11/2025,Acima de 90 dias,PAGA
21922677000157,AUTO SELECT VEICULOS LTDA,RevendaCarro,SC1 - ELIANE DA SILVEIRA,Ricardo dos Santos Santos,FEIRÃO SETEMBRO - G,Gabriel Pereira,Renan Winterink,16,Até 20,26/08/2026,Até 15 dias,PAGA
22029168000162,FERNANDO E FILHOS VEICULOS EIRELI,RevendaCarro,NE2 - TASSIA CAMILA GOMES DE OLIVEIRA,Janaina lima,FEIRÃO SETEMBRO - P,Ruana Figueroa,Fernanda Souza,0,Sem Estoque,05/02/2024,Acima de 90 dias,PAGA
22035493000138,TREND AUTOMOVEIS LTDA,RevendaCarro,MG1 - DOUGLAS HENRIQUE FERREIRA,carolina jardim rocha araujo,FEIRÃO SETEMBRO - P,Ludmila Martins,Renan Winterink,40,Até 50,31/08/2026,Até 15 dias,PAGA
22053107000130,EDSON RODRIGUES DA SILVA FILHO,RevendaCarro,NE2 - TASSIA CAMILA GOMES DE OLIVEIRA,Claudio Gonçalves Soutinho,2 FEIROES - M,Ruana Figueroa,Fernanda Souza,0,Sem Estoque,,Nunca atualizou,PAGA
22064508000196,Maximus Veiculos,Revenda Multimarcas,MG1 - DOUGLAS HENRIQUE FERREIRA,Carolina jardim Rocha Araújo,Feirão Pontual - Feirão Setembro,Ludmila Martins,Renan Winterink,0,Sem Estoque,,Nunca atualizou,PAGA
22155754000153,Urupês veículos,RevendaCarro,MG1 - DOUGLAS HENRIQUE FERREIRA,Ingrid Karla Aparecida Felipe Morais Pereira,FEIRÃO SETEMBRO - M,Ludmila Martins,Renan Winterink,0,Sem Estoque,,Nunca atualizou,PENDENTE_ACEITE
22238555000109,ALMAT VEICULOS LTDA,RevendaCarro,SPINT2 - MARCELO DE SOUSA CAETANO,everton martins oliveira,FEIRÃO SETEMBRO - M,Juliana Grande,Juliana Grande,0,Sem Estoque,,Nunca atualizou,PAGA
22290964000154,haubman comercio de veiculos ltda,Revenda Multimarcas,RS1 - DAIANE DOS SANTOS CORREA,patricia bilhalva,Feirão Pontual - Feirão Setembro,Bruna de Paula,Renan Winterink,0,Sem Estoque,,Nunca atualizou,PAGA
22452480000164,MONZANI VEICULOS LTDA,RevendaCarro,SPINT2 - MARCELO DE SOUSA CAETANO,affonso vinicius mansano reck,FEIRÃO SETEMBRO - M,Juliana Grande,Juliana Grande,0,Sem Estoque,,Nunca atualizou,PAGA
22527737000108,VS Veículos,Revenda Multimarcas,SC1 - ELIANE DA SILVEIRA,Marcello Lima de Mello,Feirão Pontual - 3 Feirões,Gabriel Pereira,Renan Winterink,27,Até 30,28/08/2026,Até 15 dias,PAGA
22581742000190,FV VEÍCULOS LTDA,Revenda Multimarcas,SC2 - FABIANO HEIL DIAS,Roberson Sampaio Cardoso Junior,Feirão Pontual - Feirão Setembro,Gabriel Pereira,Renan Winterink,0,Sem Estoque,,Nunca atualizou,PAGA
22600635000162,AUTO SALON COMERCIO DE AUTOMOVEIS LTDA,Revenda Multimarcas,SP4 - TIAGO FLORIANO OLIVEIRA,Rafael Ramos Contessoto,Feirão Pontual - Feirão Setembro,Luana Marques,Juliana Grande,114,Acima 101,16/07/2024,Acima de 90 dias,PAGA
22745234000109,ACTUS INTERMEDIACAO E CONSULTORIA EM NEGOCIOS LTDA,Revenda Multimarcas,MG1 - DOUGLAS HENRIQUE FERREIRA,Poliane Lopes de Souza Penido,Feirão Pontual - 3 Feirões,Ludmila Martins,Renan Winterink,63,Até 100,26/08/2026,Até 15 dias,PAGA
22773033000107,VASCONCELOS VEICULOS LTDA,RevendaCarro,MG1 - DOUGLAS HENRIQUE FERREIRA,MARCOS VINICIUS DO COUTO,2 FEIROES - M,Ludmila Martins,Renan Winterink,0,Sem Estoque,,Nunca atualizou,PAGA
22780599000166,Auto Drive Multimarcas,RevendaCarro,PR1 - DOUGLAS INÁCIO DA SILVA,Lizandra da Silva Jianni,FEIRÃO SETEMBRO - P,Lucynara Ochiai,Renan Winterink,2,Até 5,28/08/2026,Até 15 dias,PAGA
22849214000170,Auto 100 Multimarcas,RevendaCarro,RS1 - DAIANE DOS SANTOS CORREA,Greice Nunes,FEIRÃO SETEMBRO - P,Bruna de Paula,Renan Winterink,0,Sem Estoque,,Nunca atualizou,PAGA
22852808000130,TH MOTORS,Revenda Multimarcas,CO2 - THEONILO GONCALINO DE ALMEIDA,CHRISLEY MIRANDA SILVA,Feirão Pontual - 3 Feirões,Tatiane Silva,Renan Winterink,11,Até 20,09/06/2026,61 a 90 dias,PAGA
22949425000184,H R serviços e comércio ltda,RevendaCarro,NO2 - LUIZ CLAUDIO DA PALMA DE ALMEIDA MAIA,Robson Picanco Ferreira,FEIRÃO SETEMBRO - M,Fernanda Souza,Fernanda Souza,0,Sem Estoque,,Nunca atualizou,PENDENTE_ACEITE
22979292000199,Barulho automóveis,RevendaCarro,PR1 - DOUGLAS INÁCIO DA SILVA,Joao leonardo Dacheri,FEIRÃO SETEMBRO - M,Lucynara Ochiai,Renan Winterink,0,Sem Estoque,,Nunca atualizou,PENDENTE_ACEITE
2304444000146,Hods Car,RevendaCarro,RS1 - DAIANE DOS SANTOS CORREA,Thiago abbadia correia,FEIRÃO SETEMBRO - M,Bruna de Paula,Renan Winterink,25,Até 30,15/05/2026,Acima de 90 dias,AGUARDANDO_PAGAMENTO
23370105000138,Daniel Veiculos,RevendaCarro,SPINT4 - VINICIUS THIAGO PINHEIRO DOS SANTOS,Fabio henrique masson gula,FEIRÃO SETEMBRO - P,Juliana Grande,Juliana Grande,0,Sem Estoque,,Nunca atualizou,PAGA
23457991000131,MULTICAR COMERCIO VAREJISTA DE AUTOMOVEIS LTDA,RevendaCarro,SC1 - ELIANE DA SILVEIRA,Ricardo dos Santos Santos,FEIRÃO SETEMBRO - M,Gabriel Pereira,Renan Winterink,0,Sem Estoque,02/07/2025,Acima de 90 dias,PAGA
23683538000143,JM CAR COMERCIO DE VEICULOS LTDA,Revenda Multimarcas,NE1 - FRANCISCA IVANISE CARVALHO FERNANDES,ANTONIO WANDESON DUARTE PEREIRA,Feirão Pontual - 3 Feirões,Fernanda Souza,Fernanda Souza,0,Sem Estoque,02/04/2026,Acima de 90 dias,4 PARC ATRASO
23720645000102,New Prime Autos Comercio de Veiculos Ltda,Revenda Multimarcas,SP4 - TIAGO FLORIANO OLIVEIRA,Felipe Henrique Meira Rebola,Feirão Pontual - 3 Feirões,Luana Marques,Juliana Grande,220,Acima 101,26/08/2026,Até 15 dias,AGUARDANDO_PAGAMENTO
23726041000165,JAJA VEICULOS LTDA,RevendaCarro,NE1 - FRANCISCA IVANISE CARVALHO FERNANDES,EDGARD TAVARES DE SOUZA JUNIOR,FEIRÃO SETEMBRO - M,Fernanda Souza,Fernanda Souza,6,Até 10,14/05/2026,Acima de 90 dias,PAGA
23748177000176,"QUEIROZ BARRETO COMERCIO,SERVICOS E LOCACOES DE VEICULOS LTDA  Selecionar outra loja",RevendaCarro,NE1 - FRANCISCA IVANISE CARVALHO FERNANDES,Leivia Emanuelle Oliveira dos Santos,FEIRÃO SETEMBRO - M,Fernanda Souza,Fernanda Souza,0,Sem Estoque,,Nunca atualizou,PAGA
23757028000173,O L DE MENEZES,RevendaCarro,NO2 - LUIZ CLAUDIO DA PALMA DE ALMEIDA MAIA,VANESSA CARVALHO SOARES,FEIRÃO SETEMBRO - M,Fernanda Souza,Fernanda Souza,0,Sem Estoque,,Nunca atualizou,PENDENTE_ACEITE
23760314000198,M Car Veiculos,RevendaCarro,NE1 - FRANCISCA IVANISE CARVALHO FERNANDES,Leivia Emanuelle Oliveira dos Santos,FEIRÃO SETEMBRO - P,Fernanda Souza,Fernanda Souza,0,Sem Estoque,,Nunca atualizou,PAGA
23795353000120,CONECT car,RevendaCarro,NE2 - TASSIA CAMILA GOMES DE OLIVEIRA,José Romário Feitosa dos Santos,FEIRÃO SETEMBRO - P,Ruana Figueroa,Fernanda Souza,0,Sem Estoque,,Nunca atualizou,PAGA
23857821000144,RAFA REPASSE SC,Revenda Multimarcas,SC1 - ELIANE DA SILVEIRA,RAFAELLY NUNES ALVES,Feirão Pontual - 2 Feirões,Gabriel Pereira,Renan Winterink,0,Sem Estoque,,Nunca atualizou,PAGA
23874319000141,BR Seminovos,RevendaCarro,NE3 - PAULO AMERICO LEMOS DE SEIXAS FILHO,Marcos Luis Freitas de Santana,FEIRÃO SETEMBRO - P,Fernanda Souza,Fernanda Souza,10,Até 10,27/08/2026,Até 15 dias,PAGA
23917705000173,Maguari Veiculos,Revenda Multimarcas,NO2 - LUIZ CLAUDIO DA PALMA DE ALMEIDA MAIA,Marcia Regina Brito Portal,Feirão Pontual - 3 Feirões,Fernanda Souza,Fernanda Souza,61,Até 100,25/08/2026,Até 15 dias,PAGA
24118517000148,V8 GARAGE LTDA,Revenda Multimarcas,SC1 - ELIANE DA SILVEIRA,VITOR DA CUNHA MALLMANN,Feirão Pontual - 3 Feirões,Gabriel Pereira,Renan Winterink,14,Até 20,29/08/2026,Até 15 dias,PAGA
24154966000141,Financia car comércio de veículos,RevendaCarro,NE3 - PAULO AMERICO LEMOS DE SEIXAS FILHO,Helio Santos Ribeiro Rocha,FEIRÃO SETEMBRO - P,Fernanda Souza,Fernanda Souza,0,Sem Estoque,,Nunca atualizou,PENDENTE_ACEITE
24232491000164,Auto 10 multimarcas,RevendaCarro,SC2 - FABIANO HEIL DIAS,Alisson Diego Grochovski,FEIRÃO SETEMBRO - P,Gabriel Pereira,Renan Winterink,0,Sem Estoque,,Nunca atualizou,AGUARDANDO_PAGAMENTO
24243785000191,PETROCAR MULTIMARCAS,RevendaCarro,NE3 - PAULO AMERICO LEMOS DE SEIXAS FILHO,ELISIA NATALY LIMA MARTINS BARROS,FEIRÃO SETEMBRO - P,Fernanda Souza,Fernanda Souza,0,Sem Estoque,,Nunca atualizou,PAGA
24355219000171,Villareal Veiculos,RevendaCarro,SE1 - BRUNO NOGUEIRA MARTINS,Diego Timoteo Santos,FEIRÃO SETEMBRO - M,Ludmila Martins,Renan Winterink,0,Sem Estoque,,Nunca atualizou,PAGA
24358161000110,SKINA CAR MULTIMARCAS-COMERCIO E LOCACAO DE VEICULOS EIRELI,RevendaCarro,SP4 - TIAGO FLORIANO OLIVEIRA,EDMIS TANAKAI NERI,FEIRÃO SETEMBRO - G,Luana Marques,Juliana Grande,1,Até 5,28/08/2026,Até 15 dias,AGUARDANDO_PAGAMENTO
24403072000148,INJET MOTORS COMERCIO DE VEICULOS LTDA,RevendaCarro,MG1 - DOUGLAS HENRIQUE FERREIRA,Neide Tomaz da Costa,FEIRÃO SETEMBRO - P,Ludmila Martins,Renan Winterink,39,Até 50,28/08/2026,Até 15 dias,AGUARDANDO_PAGAMENTO
24492511000136,portal veiculos comercio e consignação ltda,RevendaCarro,SPINT2 - MARCELO DE SOUSA CAETANO,lucas postali furlani,FEIRÃO SETEMBRO - P,Juliana Grande,Juliana Grande,0,Sem Estoque,,Nunca atualizou,PAGA
24534551000101,Guaruja Automoves,Revenda Multimarcas,SP5 - STEPHANIE REIS,Rafael Andrade Brito,Feirão Pontual - 3 Feirões,Andre Souza,Luana Mota,22,Até 30,25/08/2026,Até 15 dias,4 PARC ATRASO
24593090000210,IFPP COMERCIO E SERVICOS LTDA,Revenda Multimarcas,NO1 - MARCOS WILLIAM MAIA LEMES JUNIOR,ALAN VITOR ENES ROCHA,Feirão Pontual - 3 Feirões,,,12,Até 20,28/08/2026,Até 15 dias,PAGA
24605565000160,Decisão Veiculos,RevendaCarro,SPINT1 - CHRISTIANE LOPES,Nathália pinheiro Alexandrino,FEIRÃO SETEMBRO - M,Juliana Grande,Juliana Grande,1,Até 5,10/08/2026,Até 30 dias,PAGA
24617181000168,2 MMOTORS,Revenda Multimarcas,SP4 - TIAGO FLORIANO OLIVEIRA,RENATO LOURENÇO VIEIRA,Feirão Pontual - 2 Feirões,Luana Marques,Juliana Grande,3,Até 5,29/08/2026,Até 15 dias,PAGA
24650937000170,Dbk Automóveis,RevendaCarro,SC2 - FABIANO HEIL DIAS,VILMANIR COLDEBELLA,FEIRÃO SETEMBRO - P,Gabriel Pereira,Renan Winterink,0,Sem Estoque,,Nunca atualizou,PAGA
24659290000148,Amilcar veiculos,RevendaCarro,SPINT3 - FABIO YOSHIKAZU TANIGUTI,Wellington Antônio da Silva,FEIRÃO SETEMBRO - P,Andre Souza,Luana Mota,0,Sem Estoque,,Nunca atualizou,PAGA
24756407000101,TERLUCIO E MARCIO COMERCIO VAREJISTA DE VEICULOS LTDA,RevendaCarro,NE2 - TASSIA CAMILA GOMES DE OLIVEIRA,José Romário Feitosa dos Santos,FEIRÃO SETEMBRO - P,Ruana Figueroa,Fernanda Souza,32,Até 50,26/08/2026,Até 15 dias,PENDENTE_ACEITE
24761651000162,Paula Aparecida gomes,RevendaCarro,SE1 - BRUNO NOGUEIRA MARTINS,Victor Ferreira Drummond de Andrade,FEIRÃO SETEMBRO - M,Ludmila Martins,Renan Winterink,0,Sem Estoque,,Nunca atualizou,PAGA
24762121000139,L TORRE IMPORTS,Revenda Multimarcas,SP4 - TIAGO FLORIANO OLIVEIRA,Victoria Barreiro,Feirão Pontual - 3 Feirões,Luana Marques,Juliana Grande,14,Até 20,28/08/2026,Até 15 dias,PAGA
24778036000169,BM MOTORS MULTIMARCAS,RevendaCarro,SP4 - TIAGO FLORIANO OLIVEIRA,camila mendes santos,FEIRÃO SETEMBRO - M,Luana Marques,Juliana Grande,0,Sem Estoque,,Nunca atualizou,PAGA
24783731000119,MUGCAR MOTORS LTDA,RevendaCarro,SPINT5 - EDILSON BERNAL MOLEIRO,Gabriel Sandro Munhos de Melo,FEIRÃO SETEMBRO - G,Juliana Grande,Juliana Grande,0,Sem Estoque,24/10/2025,Acima de 90 dias,PAGA
24865726000155,PR VEICULOS LTDA,Revenda Multimarcas,NE2 - TASSIA CAMILA GOMES DE OLIVEIRA,Andreia Antunes,Feirão Pontual - 3 Feirões,Ruana Figueroa,Fernanda Souza,11,Até 20,31/08/2026,Até 15 dias,4 PARC ATRASO
24994059000100,JR COMERCIO DE VEICULOS E INTERMEDIACAO LTDA,RevendaCarro,SP4 - TIAGO FLORIANO OLIVEIRA,eduardo henrique de almeida,FEIRÃO SETEMBRO - M,Luana Marques,Juliana Grande,4,Até 5,31/08/2026,Até 15 dias,PAGA
25046643000105,LSOUZA EMPREENDIMENTOS LTDA,Revenda Multimarcas,SC1 - ELIANE DA SILVEIRA,Guilherme Francisco dos Santos,Feirão Pontual - 3 Feirões,Gabriel Pereira,Renan Winterink,57,Até 100,28/08/2026,Até 15 dias,PAGA
2507550000127,Pilot. Gostoso,ConcessionariaMoto,CO2 - THEONILO GONCALINO DE ALMEIDA,caique sousa da silva,FEIRÃO SETEMBRO - M,Tatiane Silva,Renan Winterink,0,Sem Estoque,,Nunca atualizou,PAGA
25168487000147,POLERA COMERCIO DE VEICULOS LTDA,RevendaCarro,SP4 - TIAGO FLORIANO OLIVEIRA,Erika mendes de Oliveira,FEIRÃO SETEMBRO - G,Luana Marques,Juliana Grande,0,Sem Estoque,31/03/2025,Acima de 90 dias,AGUARDANDO_PAGAMENTO
25197337000161,EDERSON & RIQUELME MOTORS LTDA,Revenda Multimarcas,SC1 - ELIANE DA SILVEIRA,RAFAELLY NUNES ALVES,Feirão Pontual - 3 Feirões,Gabriel Pereira,Renan Winterink,10,Até 10,27/08/2026,Até 15 dias,PAGA
25210043000122,BATATAIS VEICULOS LTDA,RevendaCarro,SPINT3 - FABIO YOSHIKAZU TANIGUTI,RICARDO BEVILAQUA NACARI,FEIRÃO SETEMBRO - M,Andre Souza,Luana Mota,0,Sem Estoque,17/11/2025,Acima de 90 dias,PENDENTE_ACEITE
25224599000178,CREDIAUTO,Revenda Multimarcas,NE3 - PAULO AMERICO LEMOS DE SEIXAS FILHO,Maria Iolanda dos Santos Rolemberg,Feirão Pontual - 3 Feirões,Fernanda Souza,Fernanda Souza,67,Até 100,25/08/2026,Até 15 dias,PAGA
25361046000167,G P de Souza veículos ltda,RevendaCarro,SPINT2 - MARCELO DE SOUSA CAETANO,Marcio Rodrigo Ferlin,FEIRÃO SETEMBRO - P,Juliana Grande,Juliana Grande,0,Sem Estoque,,Nunca atualizou,PAGA
25391642000190,Autoshow comercio de veiculos ltda,Revenda Multimarcas,SC2 - FABIANO HEIL DIAS,Jose Alexandre Pereira de Souza,Feirão Pontual - 3 Feirões,Gabriel Pereira,Renan Winterink,82,Até 100,25/08/2026,Até 15 dias,PAGA
25408682000105,série 7 automóveis,RevendaCarro,PR1 - DOUGLAS INÁCIO DA SILVA,Altair Fábio pereira,FEIRÃO SETEMBRO - M,Lucynara Ochiai,Renan Winterink,0,Sem Estoque,,Nunca atualizou,PENDENTE_ACEITE
25421566000118,Donna Veiculos,RevendaCarro,PR1 - DOUGLAS INÁCIO DA SILVA,Renan Rodrigues dos Santos Ribas,FEIRÃO SETEMBRO - M,Lucynara Ochiai,Renan Winterink,0,Sem Estoque,,Nunca atualizou,PAGA
2542382000100,FRIZZI & FRIZZI LTDA,RevendaCarro,SPINT1 - CHRISTIANE LOPES,Joice Cristine do Amaral,FEIRÃO SETEMBRO - M,Juliana Grande,Juliana Grande,0,Sem Estoque,,Nunca atualizou,PAGA
25432753000105,Ronconi motor,RevendaCarro,SP2 - LUIZ DE OLIVEIRA CRUZ,Vanessa Grando Correa,2 FEIROES - P,Luana Mota,Luana Mota,0,Sem Estoque,,Nunca atualizou,PAGA
2550786000146,ALDI AUTOMOVEIS LTDA,RevendaCarro,SP2 - LUIZ DE OLIVEIRA CRUZ,Vanessa Grando Correa,FEIRÃO SETEMBRO - M,Luana Mota,Luana Mota,30,Até 30,29/08/2026,Até 15 dias,PAGA
25694520000172,AROEIRA MULTIMARCAS LTDA,Revenda Multimarcas,SP4 - TIAGO FLORIANO OLIVEIRA,FELIPE PEREIRE DOS SANTOS,Feirão Pontual - 3 Feirões,Luana Marques,Juliana Grande,6,Até 10,20/08/2026,Até 15 dias,PAGA
26033888000403,RRV COMÉRCIO DE VEÍCULOS LTDA,Revenda Multimarcas,SP8 - VAGO,Erika mendes de Oliveira,Feirão Pontual - Feirão Setembro,Juliana Grande,Juliana Grande,0,Sem Estoque,20/08/2024,Acima de 90 dias,PAGA
26125460000130,KAIROS MULTIMARCAS LTDA,RevendaCarro,SP5 - STEPHANIE REIS,Luciane Moreira Mancini,FEIRÃO SETEMBRO - M,Andre Souza,Luana Mota,0,Sem Estoque,,Nunca atualizou,AGUARDANDO_PAGAMENTO
26161155000101,Maranata Veículos,RevendaCarro,SP5 - STEPHANIE REIS,Gabriel Kolarik Miranda,FEIRÃO SETEMBRO - G,Andre Souza,Luana Mota,15,Até 20,28/08/2026,Até 15 dias,AGUARDANDO_PAGAMENTO
26231189000117,FABAO CAR,Revenda Multimarcas,SC1 - ELIANE DA SILVEIRA,Rafaelly Nunes,Feirão Pontual - Feirão Setembro,Gabriel Pereira,Renan Winterink,0,Sem Estoque,,Nunca atualizou,PAGA
26267939000100,Avenida veiculos itapema ltda,Revenda Multimarcas,SC1 - ELIANE DA SILVEIRA,JULIO CESAR DE OLIVEIRA FARIAS,Feirão Pontual - 3 Feirões,Gabriel Pereira,Renan Winterink,0,Sem Estoque,17/05/2022,Acima de 90 dias,PAGA
26295713000113,Real Multimarcas,Revenda Multimarcas,RS1 - DAIANE DOS SANTOS CORREA,André Luiz Hennemann,Feirão Pontual - 3 Feirões,Bruna de Paula,Renan Winterink,50,Até 50,28/08/2026,Até 15 dias,PAGA
26525781000121,Franco Car,RevendaCarro,RS1 - DAIANE DOS SANTOS CORREA,Danielly Mazza,FEIRÃO SETEMBRO - P,Bruna de Paula,Renan Winterink,46,Até 50,31/08/2026,Até 15 dias,PAGA
26569288000103,Brasil Multimarcas,RevendaCarro,PR1 - DOUGLAS INÁCIO DA SILVA,Joao leonardo Dacheri,2 FEIROES - M,Lucynara Ochiai,Renan Winterink,50,Até 50,17/08/2026,Até 15 dias,PAGA
26681242000181,F F VEICULOS EIRELI,RevendaCarro,NE1 - FRANCISCA IVANISE CARVALHO FERNANDES,IGOR DE MORAES ALCANTARA,FEIRÃO SETEMBRO - P,Fernanda Souza,Fernanda Souza,0,Sem Estoque,17/02/2022,Acima de 90 dias,PAGA
26702082000100,J D M DA SILVA,Revenda Multimarcas,NE1 - FRANCISCA IVANISE CARVALHO FERNANDES,Marinilda Martins costa e silva,Feirão Pontual - 3 Feirões,Fernanda Souza,Fernanda Souza,1,Até 5,18/05/2026,Acima de 90 dias,PAGA
26724832000144,Brainer comércio de veículos ltda,RevendaCarro,RS1 - DAIANE DOS SANTOS CORREA,Patrícia Bilhalva de Oliveira,FEIRÃO SETEMBRO - P,Bruna de Paula,Renan Winterink,0,Sem Estoque,,Nunca atualizou,PENDENTE_ACEITE
26770968000190,E. F. M. LEMES LTDA,RevendaCarro,CO2 - THEONILO GONCALINO DE ALMEIDA,BRUNO MARX VILAS BOAS DA SILVA,FEIRÃO SETEMBRO - P,Tatiane Silva,Renan Winterink,0,Sem Estoque,,Nunca atualizou,PAGA
26823509000128,Sandro Veículos,Revenda Multimarcas,CO1 - NADIA JAMAYARA CARDOSO PRIMO,Luís Rodrigues Filho,Feirão Pontual - 3 Feirões,Tatiane Silva,Renan Winterink,69,Até 100,31/08/2026,Até 15 dias,PAGA
26841255000170,VIA SEMINOVOS LTDA,Revenda Multimarcas,MG1 - DOUGLAS HENRIQUE FERREIRA,KAREN SILVA COELHO,Feirão Pontual - 3 Feirões,Ludmila Martins,Renan Winterink,12,Até 20,28/08/2026,Até 15 dias,PAGA
26895488000156,LILIAN EDUARDA DE O FREITAS VEICULOS LTDA,Revenda Multimarcas,NE2 - TASSIA CAMILA GOMES DE OLIVEIRA,RODOLFO PAES BARRETO,Feirão Pontual - 3 Feirões,Ruana Figueroa,Fernanda Souza,2,Até 5,22/04/2024,Acima de 90 dias,PAGA
26932017000170,DETILIO MOTORS LTDA,RevendaCarro,SP4 - TIAGO FLORIANO OLIVEIRA,viviani dos santos freitas,FEIRÃO SETEMBRO - G,Luana Marques,Juliana Grande,0,Sem Estoque,20/04/2022,Acima de 90 dias,PAGA
27164000102,Martini Motors,Revenda Multimarcas,SPINT1 - CHRISTIANE LOPES,Karen Milene Maia Bressan,Feirão Pontual - 3 Feirões,Juliana Grande,Juliana Grande,93,Até 100,31/08/2026,Até 15 dias,PAGA
27212481000155,ZERADO AUTOMOVEIS LTDA,RevendaCarro,NE1 - FRANCISCA IVANISE CARVALHO FERNANDES,Annie Lima Ximenes,FEIRÃO SETEMBRO - G,Fernanda Souza,Fernanda Souza,32,Até 50,27/08/2026,Até 15 dias,PAGA
27244645000126,Ponto Motors,RevendaCarro,SPINT5 - EDILSON BERNAL MOLEIRO,Carlos Alberto Rosa,FEIRÃO SETEMBRO - P,Juliana Grande,Juliana Grande,0,Sem Estoque,,Nunca atualizou,PAGA
27255958000180,JP MOTORS TIANGUA LTDA,Revenda Multimarcas,NE1 - FRANCISCA IVANISE CARVALHO FERNANDES,ENNES CARLOS SIMOES MACIEL,Feirão Pontual - 3 Feirões,Fernanda Souza,Fernanda Souza,5,Até 5,11/05/2026,Acima de 90 dias,PAGA
27262946000182,INOVA MULTIMARCAS,Revenda Multimarcas,SC2 - FABIANO HEIL DIAS,João Vitor Salvador dos Santos,Feirão Pontual - Feirão Setembro,Gabriel Pereira,Renan Winterink,0,Sem Estoque,12/11/2021,Acima de 90 dias,PAGA
27269524000139,FE CAR MOTORS,RevendaCarro,SP3 - EDWARD PEREZ CAMPOS,LEANDRO PIGNATARI,FEIRÃO SETEMBRO - M,Luana Marques,Juliana Grande,26,Até 30,27/08/2026,Até 15 dias,PAGA
27273825000136,Pokone multimarcas ltda,Revenda Multimarcas,CO2 - THEONILO GONCALINO DE ALMEIDA,Marcos Francisco de Oliveira,Feirão Pontual - 3 Feirões,Tatiane Silva,Renan Winterink,33,Até 50,07/07/2026,31 a 60 dias,PAGA
27433929000160,IMPER,Revenda Multimarcas,SE1 - BRUNO NOGUEIRA MARTINS,FABIO AGNOLET,Feirão Pontual - Feirão Setembro,Ludmila Martins,Renan Winterink,0,Sem Estoque,30/10/2021,Acima de 90 dias,PAGA
27461676000139,COMERCIO DE AUTOMOVEIS M F LTDA,RevendaCarro,CO2 - THEONILO GONCALINO DE ALMEIDA,chrisley miranda silva,FEIRÃO SETEMBRO - P,Tatiane Silva,Renan Winterink,1,Até 5,29/08/2026,Até 15 dias,PAGA
27477604000180,JL INOUE COMÉRCIO DE VEÍCULOS LTDA,RevendaCarro,PR2 - MARIA INES ANTUNES,Rosangela Maria Moura Monteiro,FEIRÃO SETEMBRO - P,Lucynara Ochiai,Renan Winterink,0,Sem Estoque,,Nunca atualizou,PAGA
27481979000113,THIAGO ARAUJO SILVA VEICULOS,RevendaCarro,SP5 - STEPHANIE REIS,Marcelo Mendes,2 FEIROES - M,Andre Souza,Luana Mota,10,Até 10,19/08/2026,Até 15 dias,PAGA
27502603000148,PADILHA & BARROS VEICULOS EIRELI,RevendaCarro,SP8 - VAGO,Wellington Emanoel Franco Resende,FEIRÃO SETEMBRO - M,Juliana Grande,Juliana Grande,23,Até 30,26/08/2026,Até 15 dias,PAGA
27678745000160,FIO COMERCIO DE AUTOMOVEIS LTDA,RevendaCarro,SC2 - FABIANO HEIL DIAS,Iago de Andrade Melo,FEIRÃO SETEMBRO - G,Gabriel Pereira,Renan Winterink,0,Sem Estoque,07/01/2026,Acima de 90 dias,PAGA
27730337000100,alfacar automoveis ltda me,Revenda Multimarcas,MG1 - DOUGLAS HENRIQUE FERREIRA,carolina jardim rocha araujo,Feirão Pontual - Feirão Setembro,Ludmila Martins,Renan Winterink,0,Sem Estoque,,Nunca atualizou,PAGA
27750059000153,Alexandre de matteo souza,RevendaCarro,SP7 - FLAVIA DE FATIMA CORREA,Everton Paiva lima,FEIRÃO SETEMBRO - M,Juliana Grande,Juliana Grande,0,Sem Estoque,,Nunca atualizou,PAGA
27754875000135,LUCIANO DE OLIVEIRA VEICULOS ME,RevendaCarro,SPINT3 - FABIO YOSHIKAZU TANIGUTI,VIVIAN DA SILVA MUNHOZ,FEIRÃO SETEMBRO - M,Andre Souza,Luana Mota,0,Sem Estoque,,Nunca atualizou,PAGA
27822269000100,M ROCHA TOLEDO MULTIMARCAS LTDA,RevendaCarro,SP3 - EDWARD PEREZ CAMPOS,FRANCISCO ESIO DANTAS FRANCO,FEIRÃO SETEMBRO - M,Luana Marques,Juliana Grande,33,Até 50,20/06/2026,61 a 90 dias,AGUARDANDO_PAGAMENTO
27967120000119,Autopadrao Veiculos,Revenda Multimarcas,SC1 - ELIANE DA SILVEIRA,Everton Mateus Marczinski,Feirão Pontual - 3 Feirões,Gabriel Pereira,Renan Winterink,6,Até 10,16/07/2026,31 a 60 dias,2 PARC ATRASO
27984112000180,MOVCAR DF,Revenda Multimarcas,CO1 - NADIA JAMAYARA CARDOSO PRIMO,Tiago da Cunha Alves,Feirão Pontual - 3 Feirões,Tatiane Silva,Renan Winterink,15,Até 20,31/08/2026,Até 15 dias,PAGA
28037998000118,L T DE OLIVEIRA CARVALHO LTDA,RevendaCarro,CO2 - THEONILO GONCALINO DE ALMEIDA,Leandro Dondoni,FEIRÃO SETEMBRO - P,Tatiane Silva,Renan Winterink,16,Até 20,19/08/2026,Até 15 dias,PAGA
28147012000162,WL AUTOMOVEIS,Revenda Multimarcas,SPINT2 - MARCELO DE SOUSA CAETANO,LUIZ FERNANDO SANTUCCI COLOSIMO,Feirão Pontual - 3 Feirões,Juliana Grande,Juliana Grande,55,Até 100,31/08/2026,Até 15 dias,PAGA
28157780000105,BERLIM MULTIMARCAS EIRELI,Revenda Multimarcas,SC2 - FABIANO HEIL DIAS,João Vitor S.,Feirão Pontual - Feirão Setembro,Gabriel Pereira,Renan Winterink,0,Sem Estoque,08/05/2025,Acima de 90 dias,EM PROCESSAMENTO
28159225000104,SABRINA SCHAEDLER LOZOVEY,RevendaCarro,SC2 - FABIANO HEIL DIAS,Mayara Caroline Neis,FEIRÃO SETEMBRO - M,Gabriel Pereira,Renan Winterink,0,Sem Estoque,,Nunca atualizou,AGUARDANDO_PAGAMENTO
28201230000138,Algis Motors,RevendaCarro,SPINT1 - CHRISTIANE LOPES,Felipe Daniel da Silva,FEIRÃO SETEMBRO - P,Juliana Grande,Juliana Grande,0,Sem Estoque,,Nunca atualizou,PAGA
28205610000140,MEU SEMINOVO COMERCIO DE VEICULOS,Revenda Multimarcas,SC1 - ELIANE DA SILVEIRA,LUCIANA PEREIRA,Feirão Pontual - 3 Feirões,Gabriel Pereira,Renan Winterink,72,Até 100,28/08/2026,Até 15 dias,PAGA
28217710000197,NOGUEIRA SOARES VEICULOS LTDA,RevendaCarro,NE3 - PAULO AMERICO LEMOS DE SEIXAS FILHO,Geisinea Rocha Mascarenhas,FEIRÃO SETEMBRO - M,Fernanda Souza,Fernanda Souza,0,Sem Estoque,26/11/2021,Acima de 90 dias,PAGA
28290403000131,Nova Odessa Veiculos,RevendaCarro,SPINT2 - MARCELO DE SOUSA CAETANO,EMANUELLA VANY MIGUEL PEREIRA,FEIRÃO SETEMBRO - M,Juliana Grande,Juliana Grande,11,Até 20,18/05/2026,Acima de 90 dias,PAGA
28346940000156,Elo Veiculos,RevendaCarro,SE1 - BRUNO NOGUEIRA MARTINS,Gabriel Goncalves de Moraes,FEIRÃO SETEMBRO - P,Ludmila Martins,Renan Winterink,0,Sem Estoque,,Nunca atualizou,PAGA
28386360000192,CEZARIO MOTORS LTDA,RevendaCarro,SP3 - EDWARD PEREZ CAMPOS,HENRIQUE ALVES GOMES,FEIRÃO SETEMBRO - M,Luana Marques,Juliana Grande,0,Sem Estoque,,Nunca atualizou,PAGA
28409104000173,JULIO C. DA SILVA ARAUJO COMERCIO DE VEICULOS,RevendaCarro,SP3 - EDWARD PEREZ CAMPOS,Eduardo Luis Braceiro,FEIRÃO SETEMBRO - M,Luana Marques,Juliana Grande,0,Sem Estoque,,Nunca atualizou,PENDENTE_ACEITE
28424867000193,P B MARCHETTI VEICULOS,RevendaCarro,SPINT2 - MARCELO DE SOUSA CAETANO,FABIO ALESSANDRO ARCHANJO,FEIRÃO SETEMBRO - M,Juliana Grande,Juliana Grande,0,Sem Estoque,17/02/2022,Acima de 90 dias,PAGA
28436149000137,QUITES COMERCIO E SERVICOS,Revenda Multimarcas,MG1 - DOUGLAS HENRIQUE FERREIRA,Leonardo Alves Rodrigues,Feirão Pontual - 3 Feirões,Ludmila Martins,Renan Winterink,47,Até 50,27/08/2026,Até 15 dias,PAGA
2850981000191,NOVA MASTER 08070-000,Revenda Multimarcas,SP4 - TIAGO FLORIANO OLIVEIRA,SILVIA PIRES DE ALMEIDA SOUZA,Feirão Pontual - 3 Feirões,Luana Marques,Juliana Grande,78,Até 100,26/08/2026,Até 15 dias,PAGA
28534944000168,Sacketi multimarcas,Revenda Multimarcas,SC1 - ELIANE DA SILVEIRA,Ana paula Tachinski cardoso,Feirão Pontual - 3 Feirões,Gabriel Pereira,Renan Winterink,26,Até 30,25/08/2026,Até 15 dias,PAGA
28545686000115,Baal Motors,RevendaCarro,CO1 - NADIA JAMAYARA CARDOSO PRIMO,Sandra Nóbrega,FEIRÃO SETEMBRO - P,Tatiane Silva,Renan Winterink,0,Sem Estoque,,Nunca atualizou,PAGA
28579388000146,PUMA MULTIMARCAS MATÃO LTDA,Revenda Multimarcas,SPINT3 - FABIO YOSHIKAZU TANIGUTI,Tânia Aparecida Da Silva,Feirão Pontual - 3 Feirões,Andre Souza,Luana Mota,32,Até 50,03/06/2026,61 a 90 dias,PAGA
28652195000173,Renato Veículos,Revenda Multimarcas,SPINT3 - FABIO YOSHIKAZU TANIGUTI,Walberti Fabricio Baptista Peteneli,Feirão Pontual - 3 Feirões,Andre Souza,Luana Mota,33,Até 50,29/08/2026,Até 15 dias,PAGA
28696759000170,GOMES AUTOMOVEIS COMÉRCIO E LOCAÇÃO DE VEICULOS,Revenda Multimarcas,SP4 - TIAGO FLORIANO OLIVEIRA,FELIPE PEREIRE DOS SANTOS,Feirão Pontual - 3 Feirões,Luana Marques,Juliana Grande,22,Até 30,24/08/2026,Até 15 dias,PAGA
28707414000174,felp veiculos,Revenda Multimarcas,MG1 - DOUGLAS HENRIQUE FERREIRA,carolina jardim rocha araujo,Feirão Pontual - Feirão Setembro,Ludmila Martins,Renan Winterink,0,Sem Estoque,,Nunca atualizou,AGUARDANDO_PAGAMENTO
28711320000179,MULLINARI VEÍCULOS,RevendaCarro,SE1 - BRUNO NOGUEIRA MARTINS,Isabella Marçal da Luz Marques de Freitas,FEIRÃO SETEMBRO - M,Ludmila Martins,Renan Winterink,0,Sem Estoque,,Nunca atualizou,PAGA
28729810000100,O Eskinao Do Automovel,RevendaCarro,NE3 - PAULO AMERICO LEMOS DE SEIXAS FILHO,GUTEMBERG TINEL OLIVEIRA,FEIRÃO SETEMBRO - P,Fernanda Souza,Fernanda Souza,0,Sem Estoque,,Nunca atualizou,PAGA
28918081000122,RACCAR MANO VEICULOS,Revenda Multimarcas,SC2 - FABIANO HEIL DIAS,Rafael Waldrich Eirof,Feirão Pontual - Feirão Setembro,Gabriel Pereira,Renan Winterink,3,Até 5,31/08/2026,Até 15 dias,PAGA
29078141000109,Anderson multimarcas Ltda,Revenda Multimarcas,SPINT3 - FABIO YOSHIKAZU TANIGUTI,Jessica Cristina de Oliveira,Feirão Pontual - 3 Feirões,Andre Souza,Luana Mota,0,Sem Estoque,,Nunca atualizou,PAGA
2910788000107,Top Veiculos Semi-Novos,RevendaCarro,SPINT4 - VINICIUS THIAGO PINHEIRO DOS SANTOS,lucas eredia amorim,FEIRÃO SETEMBRO - M,Juliana Grande,Juliana Grande,0,Sem Estoque,,Nunca atualizou,PAGA
2911518000102,Vip Motors,RevendaCarro,RS1 - DAIANE DOS SANTOS CORREA,CAMILA DA SILVA RAMIRES,FEIRÃO SETEMBRO - P,Bruna de Paula,Renan Winterink,0,Sem Estoque,,Nunca atualizou,PAGA
29121930000185,ANDERSON VIEIRA DA SILVA COMERCIO DE VEICULOS USADOS,RevendaCarro,SPINT4 - VINICIUS THIAGO PINHEIRO DOS SANTOS,Anderson Rodrigues de Sá,FEIRÃO SETEMBRO - M,Juliana Grande,Juliana Grande,1,Até 5,27/08/2026,Até 15 dias,PAGA
29134676000150,FAMILIA REIS COMERCIO DE VEICULOS LTDA,RevendaCarro,SP5 - STEPHANIE REIS,NUBIA IRES COSTA,FEIRÃO SETEMBRO - M,Andre Souza,Luana Mota,0,Sem Estoque,17/01/2026,Acima de 90 dias,PAGA
29177808000120,Prime veículos multimarcas Ltda,Revenda Multimarcas,SPINT4 - VINICIUS THIAGO PINHEIRO DOS SANTOS,Fabiana Pereira Quintiliano dos Reis,Feirão Pontual - Feirão Setembro,Juliana Grande,Juliana Grande,18,Até 20,21/08/2026,Até 15 dias,PAGA
29202341000121,Credi Facile Ltda,Revenda Multimarcas,SC1 - ELIANE DA SILVEIRA,Willian Monteiro Marcelino,Feirão Pontual - 3 Feirões,Gabriel Pereira,Renan Winterink,0,Sem Estoque,,Nunca atualizou,1 PARC ATRASO
29222674000112,MR MOTORS AUTOMOVEIS LTDA,RevendaCarro,CO2 - THEONILO GONCALINO DE ALMEIDA,Jefferson Clayton Lourenco,FEIRÃO SETEMBRO - P,Tatiane Silva,Renan Winterink,0,Sem Estoque,,Nunca atualizou,PAGA
29307558000104,Afonso Auto,Revenda Multimarcas,NE2 - TASSIA CAMILA GOMES DE OLIVEIRA,Gian Luka Santos Morais,Feirão Pontual - 3 Feirões,Ruana Figueroa,Fernanda Souza,3,Até 5,23/07/2026,31 a 60 dias,4 PARC ATRASO
2939060000108,WF VEÍCULOS,RevendaCarro,NE2 - TASSIA CAMILA GOMES DE OLIVEIRA,José Romário Feitosa dos Santos,FEIRÃO SETEMBRO - P,Ruana Figueroa,Fernanda Souza,28,Até 30,31/08/2026,Até 15 dias,PAGA
29398941000107,SRM PRIME,Revenda Multimarcas,MG1 - DOUGLAS HENRIQUE FERREIRA,Nathalia Pereira de Oliveira,Feirão Pontual - 3 Feirões,Ludmila Martins,Renan Winterink,17,Até 20,27/08/2026,Até 15 dias,PAGA
29405740000190,DIAN MOTOS E VEICULOS LTDA,Revenda Multimarcas,SC1 - ELIANE DA SILVEIRA,Diego de Moraes Subtil,Feirão Pontual - 2 Feirões,Gabriel Pereira,Renan Winterink,14,Até 20,29/07/2026,31 a 60 dias,PAGA
29496628000101,VITORIA VEICULOS LTDA,RevendaCarro,NE3 - PAULO AMERICO LEMOS DE SEIXAS FILHO,Thiago Dalforne de Sousa,FEIRÃO SETEMBRO - M,Fernanda Souza,Fernanda Souza,0,Sem Estoque,30/06/2023,Acima de 90 dias,AGUARDANDO_PAGAMENTO
29504641000165,Villa Veiculos,RevendaCarro,SPINT5 - EDILSON BERNAL MOLEIRO,daiane fernandes fidencio,FEIRÃO SETEMBRO - P,Juliana Grande,Juliana Grande,0,Sem Estoque,,Nunca atualizou,PAGA
29509590000164,MAIS VEICULOS,RevendaCarro,SE1 - BRUNO NOGUEIRA MARTINS,Hugo da Silva Rodrigues,FEIRÃO SETEMBRO - P,Ludmila Martins,Renan Winterink,0,Sem Estoque,,Nunca atualizou,PAGA
29519847000169,RENAN EMERSON MOTA CORREIA,Revenda Multimarcas,NE2 - TASSIA CAMILA GOMES DE OLIVEIRA,João Victor da Silva Torres,Feirão Pontual - 3 Feirões,Ruana Figueroa,Fernanda Souza,0,Sem Estoque,,Nunca atualizou,PAGA
29537791000175,Lume Serviços,RevendaCarro,SE1 - BRUNO NOGUEIRA MARTINS,Ronan Luiz da Silva,FEIRÃO SETEMBRO - M,Ludmila Martins,Renan Winterink,0,Sem Estoque,,Nunca atualizou,PAGA
29583742000179,Milico Multimarcas,RevendaCarro,RS1 - DAIANE DOS SANTOS CORREA,Camila da Silva Ramires,FEIRÃO SETEMBRO - P,Bruna de Paula,Renan Winterink,5,Até 5,27/08/2026,Até 15 dias,PAGA
29605390000105,SELECAO MULTIMARCAS,RevendaCarro,SP3 - EDWARD PEREZ CAMPOS,Eduardo Luis Braceiro,FEIRÃO SETEMBRO - M,Luana Marques,Juliana Grande,0,Sem Estoque,,Nunca atualizou,PAGA
29628865000189,PINHEIRO REVENDA DE CARROS MULTI MARCAS,RevendaCarro,RS1 - DAIANE DOS SANTOS CORREA,GILMAR OLIVEIRA PEREIRA,FEIRÃO SETEMBRO - M,Bruna de Paula,Renan Winterink,0,Sem Estoque,,Nunca atualizou,PAGA
29642992000132,Confielo veiculos ltda,RevendaCarro,SPINT1 - CHRISTIANE LOPES,Felipe menezes de mello,FEIRÃO SETEMBRO - P,Juliana Grande,Juliana Grande,0,Sem Estoque,,Nunca atualizou,PAGA
2974456000188,Canopus Honda,Concessionária,CO1 - NADIA JAMAYARA CARDOSO PRIMO,Wellington Carvalho Bem,Feirão Pontual - 3 Feirões,Tatiane Silva,Renan Winterink,10,Até 10,15/05/2026,Acima de 90 dias,PAGA
29753189000175,CF CAR VEICULOS LTDA,Revenda Multimarcas,MG1 - DOUGLAS HENRIQUE FERREIRA,Karen Sabrina Neves da Silva,Feirão Pontual - 3 Feirões,Ludmila Martins,Renan Winterink,34,Até 50,29/08/2026,Até 15 dias,PAGA
29774879000100,O. C. DE BRITO COMERCIO DE VEÍCULOS LTDA,Revenda Multimarcas,NE1 - FRANCISCA IVANISE CARVALHO FERNANDES,Ennes Carlos Simoes Maciel,Feirão Pontual - 3 Feirões,Fernanda Souza,Fernanda Souza,10,Até 10,15/05/2026,Acima de 90 dias,PAGA
29790777000189,V. PLACIDINO VEICULOS LTDA,Revenda Multimarcas,SC1 - ELIANE DA SILVEIRA,Everton Mateus Marczinski,Feirão Pontual - 3 Feirões,Gabriel Pereira,Renan Winterink,28,Até 30,29/08/2026,Até 15 dias,1 PARC ATRASO
29817135000126,TOQUETAO MULTIMARCAS COMERCIO DE VEICULOS E ESTACIONAMENTO LTDA,RevendaCarro,SPINT4 - VINICIUS THIAGO PINHEIRO DOS SANTOS,Joao Aparecido Toquetao Junior,FEIRÃO SETEMBRO - P,Juliana Grande,Juliana Grande,0,Sem Estoque,01/11/2021,Acima de 90 dias,PAGA
29855712000174,Gran motors,RevendaCarro,CO1 - NADIA JAMAYARA CARDOSO PRIMO,Túlio Martins Ferreira da Silva,2 FEIROES - M,Tatiane Silva,Renan Winterink,0,Sem Estoque,,Nunca atualizou,AGUARDANDO_PAGAMENTO
29967821000183,Depaulo car,Concessionária,NE2 - TASSIA CAMILA GOMES DE OLIVEIRA,Janaina Matos,Feirão Pontual - 3 Feirões,Ruana Figueroa,Fernanda Souza,56,Até 100,26/08/2026,Até 15 dias,PAGA
30067627000120,MIRIAN BAHLS FREITAS SANTOS GONCALVES,RevendaCarro,SP2 - LUIZ DE OLIVEIRA CRUZ,Vanessa Grando Correa,2 FEIROES - M,Luana Mota,Luana Mota,0,Sem Estoque,26/08/2026,Até 15 dias,PENDENTE_ACEITE
30081730000125,BY CAR,Revenda Multimarcas,SP4 - TIAGO FLORIANO OLIVEIRA,Eduardo Henrique de Almeida,Feirão Pontual - Feirão Setembro,Luana Marques,Juliana Grande,0,Sem Estoque,,Nunca atualizou,AGUARDANDO_PAGAMENTO
30117264000190,Top Car Multimarcas,RevendaCarro,SP5 - STEPHANIE REIS,Gabriel Kolarik Miranda,FEIRÃO SETEMBRO - M,Andre Souza,Luana Mota,22,Até 30,11/08/2026,Até 30 dias,PAGA
30196806000168,COMIN MULTIMARCAS,Revenda Multimarcas,SC2 - FABIANO HEIL DIAS,VILMAR SOBCSIK,Feirão Pontual - Feirão Setembro,Gabriel Pereira,Renan Winterink,0,Sem Estoque,,Nunca atualizou,PAGA
30222264000150,ROCHA VEICULOS,RevendaCarro,NE3 - PAULO AMERICO LEMOS DE SEIXAS FILHO,Pablo Leonardo Oliveira Cazotti,FEIRÃO SETEMBRO - M,Fernanda Souza,Fernanda Souza,0,Sem Estoque,,Nunca atualizou,PAGA
30257549000127,PETRAS VEICULOS,Revenda Multimarcas,SPINT5 - EDILSON BERNAL MOLEIRO,ANDREIA FIASCHI ANDREOLI,Feirão Pontual - 3 Feirões,Juliana Grande,Juliana Grande,36,Até 50,31/08/2026,Até 15 dias,PAGA
30312386000138,Victor Multimarcas,RevendaCarro,PR1 - DOUGLAS INÁCIO DA SILVA,Eduardo José Cheim Rodrigues,FEIRÃO SETEMBRO - M,Lucynara Ochiai,Renan Winterink,32,Até 50,31/08/2026,Até 15 dias,PAGA
30387073000149,TONELLO UTILITARIOS LTDA,RevendaCarro,SC2 - FABIANO HEIL DIAS,JAILSON MORAES,FEIRÃO SETEMBRO - M,Gabriel Pereira,Renan Winterink,12,Até 20,24/08/2026,Até 15 dias,PAGA
30389529000100,EMARQUES VEICULOS,RevendaCarro,SE1 - BRUNO NOGUEIRA MARTINS,Marlon Borges de oliveira,FEIRÃO SETEMBRO - P,Ludmila Martins,Renan Winterink,0,Sem Estoque,,Nunca atualizou,PAGA
30393414000199,30.393.414/0001-99,RevendaCarro,SC1 - ELIANE DA SILVEIRA,Mateus da Silva Dutra,FEIRÃO SETEMBRO - M,Gabriel Pereira,Renan Winterink,0,Sem Estoque,,Nunca atualizou,PAGA
3044878000117,TAGUATINGA MOTOS LTDA,Concessionária,CO1 - NADIA JAMAYARA CARDOSO PRIMO,Wellington Carvalho Bem,Feirão Pontual - 3 Feirões,Tatiane Silva,Renan Winterink,7,Até 10,15/05/2026,Acima de 90 dias,PAGA
30471274000120,Auto Land Comercio de Veículos Ltda,Revenda Multimarcas,SP5 - STEPHANIE REIS,Cassia Leite de Oliveira,Feirão Pontual - Feirão Setembro,Andre Souza,Luana Mota,59,Até 100,31/08/2026,Até 15 dias,PAGA
30483187000192,Bauru Premium,RevendaCarro,SPINT4 - VINICIUS THIAGO PINHEIRO DOS SANTOS,vinicius rosi garcia thereza,FEIRÃO SETEMBRO - G,Juliana Grande,Juliana Grande,0,Sem Estoque,,Nunca atualizou,AGUARDANDO_PAGAMENTO
30518397000179,CAMBRAIA AUTOMOVEIS COMERCIO DE VEICULOS LTDA,Revenda Multimarcas,MG1 - DOUGLAS HENRIQUE FERREIRA,WESLEY PAULO GONCALVES,Feirão Pontual - 3 Feirões,Ludmila Martins,Renan Winterink,72,Até 100,31/08/2026,Até 15 dias,PAGA
30544754000173,BRISENCI VEICULOS LTDA,RevendaCarro,SPINT5 - EDILSON BERNAL MOLEIRO,veridiana furlani hummel dos santos,FEIRÃO SETEMBRO - P,Juliana Grande,Juliana Grande,0,Sem Estoque,,Nunca atualizou,PAGA
30588825000130,cone sul veiculos,Revenda Multimarcas,NO1 - MARCOS WILLIAM MAIA LEMES JUNIOR,MARCOS RODRIGUES DE MORAIS AZAMBUJA,Feirão Pontual - 3 Feirões,,,38,Até 50,27/08/2026,Até 15 dias,PAGA
30629340000147,MOVIZE COMERCIO DE VEICULOS LTDA,RevendaCarro,SPINT3 - FABIO YOSHIKAZU TANIGUTI,luciano de oliveira junior,FEIRÃO SETEMBRO - M,Andre Souza,Luana Mota,0,Sem Estoque,,Nunca atualizou,PAGA
30644944000162,Fest Car,Revenda Multimarcas,NE2 - TASSIA CAMILA GOMES DE OLIVEIRA,Jean Francisco Emídio de Almeida,Feirão Pontual - 3 Feirões,Ruana Figueroa,Fernanda Souza,32,Até 50,26/08/2026,Até 15 dias,PAGA
30645016000112,ROSIVANIA G DA SILVA VEICULOS,Revenda Multimarcas,NE2 - TASSIA CAMILA GOMES DE OLIVEIRA,RODOLFO PAES BARRETO,Feirão Pontual - 3 Feirões,Ruana Figueroa,Fernanda Souza,0,Sem Estoque,,Nunca atualizou,PAGA
30742768000100,Daniel Auto Oeste,Revenda Multimarcas,NE2 - TASSIA CAMILA GOMES DE OLIVEIRA,Clenilze de Azevedo Farias,Feirão Pontual - 3 Feirões,Ruana Figueroa,Fernanda Souza,0,Sem Estoque,15/10/2024,Acima de 90 dias,3 PARC ATRASO
30769685000104,B & J COMÉRCIO DE VEÍCULOS LTDA,Revenda Multimarcas,SC1 - ELIANE DA SILVEIRA,CLICIA SOUZA DOS SANTOS,Feirão Pontual - Feirão Setembro,Gabriel Pereira,Renan Winterink,0,Sem Estoque,,Nunca atualizou,PAGA
30786942000108,M. Baba Pinhal - Motos / Macauly Motos,RevendaMoto,PR2 - MARIA INES ANTUNES,lucas da silva cardoso,FEIRÃO SETEMBRO - M,Lucynara Ochiai,Renan Winterink,0,Sem Estoque,,Nunca atualizou,PAGA
30793455000172,ALETRINI MULTIMARCAS LTDA,RevendaCarro,SPINT2 - MARCELO DE SOUSA CAETANO,Fernanda Almeida,FEIRÃO SETEMBRO - M,Juliana Grande,Juliana Grande,0,Sem Estoque,,Nunca atualizou,PENDENTE_ACEITE
30831673000154,RHS VEICULOS,Revenda Multimarcas,PR1 - DOUGLAS INÁCIO DA SILVA,JOAO LEONARDO DACHERI,Feirão Pontual - 2 Feirões,Lucynara Ochiai,Renan Winterink,32,Até 50,31/08/2026,Até 15 dias,PAGA
30855461000107,Economy Cars LTDA,Revenda Multimarcas,SC1 - ELIANE DA SILVEIRA,Gustavo Jefferson Sousa,Feirão Pontual - 3 Feirões,Gabriel Pereira,Renan Winterink,10,Até 10,23/08/2026,Até 15 dias,3 PARC ATRASO
30868048000187,Mega Comercio de veículos ltda,Revenda Multimarcas,NO2 - LUIZ CLAUDIO DA PALMA DE ALMEIDA MAIA,Renata Marinho Lopes,Feirão Pontual - 3 Feirões,Fernanda Souza,Fernanda Souza,2,Até 5,11/05/2026,Acima de 90 dias,PAGA
30924870000118,Baragão Veículos,RevendaCarro,PR1 - DOUGLAS INÁCIO DA SILVA,Cheila Sandra antonelli,FEIRÃO SETEMBRO - M,Lucynara Ochiai,Renan Winterink,0,Sem Estoque,21/01/2023,Acima de 90 dias,PENDENTE_ACEITE
30964594000111,RICARDO CAMPOS SOLUCOES,Revenda Multimarcas,NE3 - PAULO AMERICO LEMOS DE SEIXAS FILHO,Sidnei Miranda de Sousa,Feirão Pontual - Feirão Setembro,Fernanda Souza,Fernanda Souza,0,Sem Estoque,,Nunca atualizou,PAGA
3100118000180,Santa Paula Veículos,Revenda Multimarcas,SP4 - TIAGO FLORIANO OLIVEIRA,Felipe Henrique Meira Rebola,Feirão Pontual - 3 Feirões,Luana Marques,Juliana Grande,104,Acima 101,29/08/2026,Até 15 dias,PAGA
310130000120,Lucraf veículos Ltda,Revenda Multimarcas,RS1 - DAIANE DOS SANTOS CORREA,Márcio Paz Lopes,Feirão Pontual - Feirão Setembro,Bruna de Paula,Renan Winterink,0,Sem Estoque,,Nunca atualizou,PAGA
31017404000111,RENOVE CAR MULTIMARCAS,Revenda Multimarcas,RS1 - DAIANE DOS SANTOS CORREA,Israel salomao,Feirão Pontual - Feirão Setembro,Bruna de Paula,Renan Winterink,0,Sem Estoque,,Nunca atualizou,PAGA
31037378000193,Fip Multimarcas,Revenda Multimarcas,SPINT4 - VINICIUS THIAGO PINHEIRO DOS SANTOS,Gabriel Furlan,Feirão Pontual - 3 Feirões,Juliana Grande,Juliana Grande,6,Até 10,13/05/2026,Acima de 90 dias,PAGA
31046426000100,CMD Veiculos,Revenda Multimarcas,SPINT3 - FABIO YOSHIKAZU TANIGUTI,Jessica Cristina de Oliveira,Feirão Pontual - 3 Feirões,Andre Souza,Luana Mota,0,Sem Estoque,,Nunca atualizou,PAGA
3108066000198,comercial sudoeste veiculos,Revenda Multimarcas,SPINT5 - EDILSON BERNAL MOLEIRO,carlos alberto rosa,Feirão Pontual - 3 Feirões,Juliana Grande,Juliana Grande,35,Até 50,31/08/2026,Até 15 dias,1 PARC ATRASO
31150660000182,GLOBAL VEICULOS,RevendaCarro,SPINT3 - FABIO YOSHIKAZU TANIGUTI,Luiz Roberto galvao,FEIRÃO SETEMBRO - M,Andre Souza,Luana Mota,0,Sem Estoque,,Nunca atualizou,PAGA
31198807000104,WI VEICULOS LTDA,RevendaCarro,MG1 - DOUGLAS HENRIQUE FERREIRA,Jean Edson de Simas Granito,FEIRÃO SETEMBRO - P,Ludmila Martins,Renan Winterink,0,Sem Estoque,10/08/2023,Acima de 90 dias,PAGA
31263223000175,LN COMPANY COMERCIO E CONSIGNACAO DE AUTOMOVEIS LTDA,RevendaCarro,MG1 - DOUGLAS HENRIQUE FERREIRA,Wesley Paulo Gonçalves,FEIRÃO SETEMBRO - M,Ludmila Martins,Renan Winterink,0,Sem Estoque,05/11/2024,Acima de 90 dias,PAGA
31323042000197,SIM VEICULOS,RevendaCarro,RS1 - DAIANE DOS SANTOS CORREA,MARCELO STEFFEN,FEIRÃO SETEMBRO - P,Bruna de Paula,Renan Winterink,37,Até 50,31/08/2026,Até 15 dias,PAGA
31367481000100,FRIASCOMERCIODEVEICULOSLTDA,Revenda Multimarcas,SPINT2 - MARCELO DE SOUSA CAETANO,Rogerio Andre Torello,Feirão Pontual - 3 Feirões,Juliana Grande,Juliana Grande,66,Até 100,27/08/2026,Até 15 dias,PAGA
31444207000189,Pedro Augusto Toledo Lopes,RevendaCarro,SP7 - FLAVIA DE FATIMA CORREA,Thais mendes da silva ribeiro,FEIRÃO SETEMBRO - M,Juliana Grande,Juliana Grande,0,Sem Estoque,23/05/2026,Acima de 90 dias,PAGA
31449756000146,DMotors,RevendaCarro,SP3 - EDWARD PEREZ CAMPOS,LEANDRO PIGNATARI,FEIRÃO SETEMBRO - P,Luana Marques,Juliana Grande,0,Sem Estoque,,Nunca atualizou,PENDENTE_ACEITE
31474993000248,CENAHAUS AUTOMOVEIS LTDA,Revenda Multimarcas,SC2 - FABIANO HEIL DIAS,Ivo Rodrigues de Souza,Feirão Pontual - 3 Feirões,Gabriel Pereira,Renan Winterink,27,Até 30,21/08/2026,Até 15 dias,PAGA
31485732000142,barcelona multimarcas,Revenda Multimarcas,SC1 - ELIANE DA SILVEIRA,Eduardo Bittencourt,Feirão Pontual - Feirão Setembro,Gabriel Pereira,Renan Winterink,0,Sem Estoque,,Nunca atualizou,PAGA
31534638000136,AG Automoveis,Revenda Multimarcas,MG1 - DOUGLAS HENRIQUE FERREIRA,Ana Carolina Florencia,Feirão Pontual - 3 Feirões,Ludmila Martins,Renan Winterink,73,Até 100,29/08/2026,Até 15 dias,PAGA
31537101000120,CASA VERDE AUTOMOVEIS,Revenda Multimarcas,PR2 - MARIA INES ANTUNES,anderval junior moraes,Feirão Pontual - 3 Feirões,Lucynara Ochiai,Renan Winterink,16,Até 20,09/10/2024,Acima de 90 dias,PAGA
31544727000163,Dezenove Motors,Revenda Multimarcas,PR1 - DOUGLAS INÁCIO DA SILVA,Márcos Douglas ferreira,Feirão Pontual - Feirão Setembro,Lucynara Ochiai,Renan Winterink,0,Sem Estoque,08/01/2024,Acima de 90 dias,PAGA
31571577000187,H 2 COMERCIO DE VEICULOS LTDA,Revenda Multimarcas,NO1 - MARCOS WILLIAM MAIA LEMES JUNIOR,Adriana Figueredo Noronha Frota,Feirão Pontual - 3 Feirões,,,21,Até 30,31/08/2026,Até 15 dias,PAGA
31595898000111,GENINHO E MATHEUS CONSULTORIA AUTOMOTIVA LTDA,Revenda Multimarcas,MG1 - DOUGLAS HENRIQUE FERREIRA,Juliana Nogueira Lemos Gomes,Feirão Pontual - Feirão Setembro,Ludmila Martins,Renan Winterink,0,Sem Estoque,,Nunca atualizou,PAGA
31599065000129,VINTE E UM VEICULOS,Revenda Multimarcas,NE2 - TASSIA CAMILA GOMES DE OLIVEIRA,João Victor da Silva Torres,Feirão Pontual - 3 Feirões,Ruana Figueroa,Fernanda Souza,0,Sem Estoque,16/12/2024,Acima de 90 dias,PAGA
31704538000100,RM VEICULOS,RevendaCarro,SPINT2 - MARCELO DE SOUSA CAETANO,claudinei cremonesi junior,FEIRÃO SETEMBRO - P,Juliana Grande,Juliana Grande,6,Até 10,22/05/2026,Acima de 90 dias,PAGA
31724979000174,ALVES COMERCIO DE AUTOMOVEIS,Revenda Multimarcas,NO2 - LUIZ CLAUDIO DA PALMA DE ALMEIDA MAIA,Wallasse Correa,Feirão Pontual - 3 Feirões,Fernanda Souza,Fernanda Souza,8,Até 10,16/07/2026,31 a 60 dias,PAGA
31808564000189,4 rodas veículos Ltda,RevendaCarro,SPINT2 - MARCELO DE SOUSA CAETANO,Natália barbosa Bastos,FEIRÃO SETEMBRO - M,Juliana Grande,Juliana Grande,0,Sem Estoque,,Nunca atualizou,PENDENTE_ACEITE
31838700000183,Carlinhos Car,Revenda Multimarcas,NE3 - PAULO AMERICO LEMOS DE SEIXAS FILHO,Marcos Luís Freitas de Santana,Feirão Pontual - 3 Feirões,Fernanda Souza,Fernanda Souza,8,Até 10,17/06/2026,61 a 90 dias,PAGA
3184146000122,Nova alternativa Veiculos ltda,Revenda Multimarcas,NE1 - FRANCISCA IVANISE CARVALHO FERNANDES,Fabíola elcky Barbosa de Sá,Feirão Pontual - 3 Feirões,Fernanda Souza,Fernanda Souza,45,Até 50,31/08/2026,Até 15 dias,PAGA
31854838000176,AUTO SHOW SEMINOVOS,Revenda Multimarcas,SC1 - ELIANE DA SILVEIRA,Cynthia Fernandes Moura,Feirão Pontual - 3 Feirões,Gabriel Pereira,Renan Winterink,51,Até 100,28/08/2026,Até 15 dias,1 PARC ATRASO
31889714000126,Global Motors Comercio de Veiculos Ltda,RevendaCarro,PR1 - DOUGLAS INÁCIO DA SILVA,Henrique Fernandez Beltrão,FEIRÃO SETEMBRO - M,Lucynara Ochiai,Renan Winterink,0,Sem Estoque,27/05/2024,Acima de 90 dias,PAGA
31923300000176,STEINBACH COMERCIO DE VEICULOS LTDA,RevendaCarro,SC1 - ELIANE DA SILVEIRA,Evandro Fernando Machado Marczinski,FEIRÃO SETEMBRO - M,Gabriel Pereira,Renan Winterink,19,Até 20,31/07/2026,31 a 60 dias,PAGA
31939386000125,IPOJUCA COMERCIO DE VEICULOS LTDA,RevendaCarro,NE2 - TASSIA CAMILA GOMES DE OLIVEIRA,João victor Vicente dos Santos,FEIRÃO SETEMBRO - P,Ruana Figueroa,Fernanda Souza,0,Sem Estoque,,Nunca atualizou,PAGA
31996125000147,MAIKON VEÍCULOS LTDA,RevendaCarro,SC2 - FABIANO HEIL DIAS,Rafael Waldrich Eirof,FEIRÃO SETEMBRO - P,Gabriel Pereira,Renan Winterink,19,Até 20,28/08/2026,Até 15 dias,PAGA
3200537000193,Helinho Automoveis,RevendaCarro,SE1 - BRUNO NOGUEIRA MARTINS,Rodrigo C6 Ipatinga,FEIRÃO SETEMBRO - P,Ludmila Martins,Renan Winterink,0,Sem Estoque,,Nunca atualizou,PENDENTE_ACEITE
32015899000102,P R GUEDES,RevendaCarro,CO2 - THEONILO GONCALINO DE ALMEIDA,Wender Costa Miranda,FEIRÃO SETEMBRO - M,Tatiane Silva,Renan Winterink,0,Sem Estoque,,Nunca atualizou,PAGA
32093503000145,EDMILA HONORIO DA SILVA LTDA,RevendaCarro,SP4 - TIAGO FLORIANO OLIVEIRA,Silvia Pires de Almeida Souza,FEIRÃO SETEMBRO - M,Luana Marques,Juliana Grande,18,Até 20,31/08/2026,Até 15 dias,PAGA
32302686000161,Ana Paula Fernandes,Revenda Multimarcas,SP3 - EDWARD PEREZ CAMPOS,Henrique Alves Gomes,Feirão Pontual - Feirão Setembro,Luana Marques,Juliana Grande,0,Sem Estoque,,Nunca atualizou,PAGA
32310588000176,Fox Veiculos,Revenda Multimarcas,SP5 - STEPHANIE REIS,Valéria A G Costa,Feirão Pontual - Feirão Setembro,Andre Souza,Luana Mota,7,Até 10,22/08/2026,Até 15 dias,PAGA
32345681000116,Douglas Vinícius de Oliveira,RevendaCarro,SPINT3 - FABIO YOSHIKAZU TANIGUTI,Jessica Oliveira,FEIRÃO SETEMBRO - M,Andre Souza,Luana Mota,0,Sem Estoque,,Nunca atualizou,PAGA
32438148000107,Roni Motors,Revenda Multimarcas,SP5 - STEPHANIE REIS,Rafael Andrade Brito,Feirão Pontual - 3 Feirões,Andre Souza,Luana Mota,37,Até 50,29/08/2026,Até 15 dias,PAGA
32519609000168,PRIME DE LINS COMERCIO DE VEICULOS LTDA,RevendaCarro,SPINT4 - VINICIUS THIAGO PINHEIRO DOS SANTOS,GLAUBER JOSE BELOTO,FEIRÃO SETEMBRO - M,Juliana Grande,Juliana Grande,0,Sem Estoque,01/08/2023,Acima de 90 dias,PAGA
32614267000165,Ideal multimarcas,Revenda Multimarcas,SC1 - ELIANE DA SILVEIRA,Cynthia Fernandes Moura,Feirão Pontual - 3 Feirões,Gabriel Pereira,Renan Winterink,32,Até 50,14/08/2026,Até 30 dias,1 PARC ATRASO
3263411000168,BENEDITO GONCALVES AUTOMOVEIS,RevendaCarro,SPINT1 - CHRISTIANE LOPES,Tatiana de Sousa Abrão,FEIRÃO SETEMBRO - G,Juliana Grande,Juliana Grande,0,Sem Estoque,03/11/2021,Acima de 90 dias,PAGA
32666592000171,PL MOTORS,Revenda Multimarcas,SPINT4 - VINICIUS THIAGO PINHEIRO DOS SANTOS,Fabiana Pereira Quintiliano dos Reis Fabiana,Feirão Pontual - 3 Feirões,Juliana Grande,Juliana Grande,50,Até 50,28/08/2026,Até 15 dias,PAGA
32703212000121,ONE VEICULOS LTDA,Revenda Multimarcas,CO1 - NADIA JAMAYARA CARDOSO PRIMO,SILVIO EURIPEDES CORREA JUNIOR,Feirão Pontual - 3 Feirões,Tatiane Silva,Renan Winterink,7,Até 10,28/08/2026,Até 15 dias,PAGA
32750544000167,Fabiano Motors,Revenda Multimarcas,SP7 - FLAVIA DE FATIMA CORREA,Luiz Fernando Ferreira Henrique,Feirão Pontual - 3 Feirões,Juliana Grande,Juliana Grande,15,Até 20,27/08/2026,Até 15 dias,PAGA
3277094000139,OSVALDO VEICULOS LTDA,RevendaCarro,SPINT2 - MARCELO DE SOUSA CAETANO,victor fagotti soares,FEIRÃO SETEMBRO - M,Juliana Grande,Juliana Grande,30,Até 30,13/11/2025,Acima de 90 dias,PENDENTE_ACEITE
32792473000165,Leo Motors MS Negócios Ltda,RevendaCarro,CO2 - THEONILO GONCALINO DE ALMEIDA,Helaine Cristina de Almeida Barbosa,FEIRÃO SETEMBRO - P,Tatiane Silva,Renan Winterink,0,Sem Estoque,,Nunca atualizou,PAGA
32936020000165,BARUC COMERCIO DE VEICULOS LTDA,RevendaCarro,SP3 - EDWARD PEREZ CAMPOS,Eduardo Luis Braceiro,FEIRÃO SETEMBRO - M,Luana Marques,Juliana Grande,55,Até 100,29/08/2026,Até 15 dias,PAGA
32992683000105,Macedo car se ltda,Revenda Multimarcas,NE3 - PAULO AMERICO LEMOS DE SEIXAS FILHO,Clevina Santos melo,Feirão Pontual - Feirão Setembro,Fernanda Souza,Fernanda Souza,0,Sem Estoque,,Nunca atualizou,PAGA
33068868000182,ASL COMERCIO DE VEICULOS LTDA,RevendaCarro,PR1 - DOUGLAS INÁCIO DA SILVA,DIEGO JAKPOZYNEK,FEIRÃO SETEMBRO - M,Lucynara Ochiai,Renan Winterink,41,Até 50,31/08/2026,Até 15 dias,PAGA
33108865000125,Maxi Car Comercio de Veiculos LTDA,RevendaCarro,SC2 - FABIANO HEIL DIAS,Felipe Gabriel Kerscher,FEIRÃO SETEMBRO - G,Gabriel Pereira,Renan Winterink,0,Sem Estoque,,Nunca atualizou,PENDENTE_ACEITE
33204392000160,Atacadão do Carro,Revenda Multimarcas,PR1 - DOUGLAS INÁCIO DA SILVA,João Leonardo Dacheri,Feirão Pontual - 2 Feirões,Lucynara Ochiai,Renan Winterink,0,Sem Estoque,,Nunca atualizou,PAGA
3321969000152,JOAO MARCELO APARECIDO BENATTI & CIA LTDA,Revenda Multimarcas,SPINT3 - FABIO YOSHIKAZU TANIGUTI,Jessica Cristina de Oliveira,Feirão Pontual - 3 Feirões,Andre Souza,Luana Mota,47,Até 50,29/08/2026,Até 15 dias,PAGA
33343712000162,TOP VEICULOS,Revenda Multimarcas,SC1 - ELIANE DA SILVEIRA,DIego de Moraes Subtil,Feirão Pontual - 3 Feirões,Gabriel Pereira,Renan Winterink,43,Até 50,28/08/2026,Até 15 dias,PAGA
33393700000142,Auto Giro,Revenda Multimarcas,SC2 - FABIANO HEIL DIAS,Ivo Rodrigues de Souza,Feirão Pontual - 3 Feirões,Gabriel Pereira,Renan Winterink,21,Até 30,28/08/2026,Até 15 dias,1 PARC ATRASO
33398854000127,Neko Garages,RevendaCarro,SP8 - VAGO,Karina Pasquarelli Oliveira,FEIRÃO SETEMBRO - P,Juliana Grande,Juliana Grande,25,Até 30,31/08/2026,Até 15 dias,PAGA
33410808000104,4 Rodas Automoveis,RevendaCarro,SC2 - FABIANO HEIL DIAS,VILMAR SOBCSIK,FEIRÃO SETEMBRO - M,Gabriel Pereira,Renan Winterink,0,Sem Estoque,,Nunca atualizou,PAGA
33472892000182,SULSERRA MOTORS COMERCIO DE VEICULOS LTDA,RevendaCarro,RS1 - DAIANE DOS SANTOS CORREA,Greice Nunes,FEIRÃO SETEMBRO - P,Bruna de Paula,Renan Winterink,0,Sem Estoque,,Nunca atualizou,PAGA
33482323000118,PINHEIRO VEICULOS LTDA,RevendaCarro,CO2 - THEONILO GONCALINO DE ALMEIDA,RUI ADALBERTO KUNZE JUNIOR,FEIRÃO SETEMBRO - G,Tatiane Silva,Renan Winterink,22,Até 30,31/08/2026,Até 15 dias,PAGA
33514611000107,FABIO VEICULOS,Revenda Multimarcas,NO1 - MARCOS WILLIAM MAIA LEMES JUNIOR,GLEYDSON RODRIGUES RIBEIRO DE ALMEIDA,Feirão Pontual - Feirão Setembro,,,0,Sem Estoque,,Nunca atualizou,AGUARDANDO_PAGAMENTO
33556484000109,ADAO DOUGLAS RODRIGUES DA COSTA,Revenda Multimarcas,NE3 - PAULO AMERICO LEMOS DE SEIXAS FILHO,Elísia Nataly Lima Martins Barros,Feirão Pontual - 2 Feirões,Fernanda Souza,Fernanda Souza,7,Até 10,18/08/2026,Até 15 dias,PAGA
33671979000189,J R B DE OLIVEIRA FILHO,RevendaCarro,NE1 - FRANCISCA IVANISE CARVALHO FERNANDES,jonathas da silva andrade,FEIRÃO SETEMBRO - M,Fernanda Souza,Fernanda Souza,0,Sem Estoque,07/04/2025,Acima de 90 dias,PENDENTE_ACEITE
33674978000198,LEAO MOTORS LTDA,RevendaCarro,CO1 - NADIA JAMAYARA CARDOSO PRIMO,MARCOS HIGINO DA SILVA,FEIRÃO SETEMBRO - M,Tatiane Silva,Renan Winterink,0,Sem Estoque,,Nunca atualizou,PAGA
33739013000136,Fontanella Assessoria E Comercio Ltda,Revenda Multimarcas,SC1 - ELIANE DA SILVEIRA,Everton Mateus Marczinski,Feirão Pontual - 3 Feirões,Gabriel Pereira,Renan Winterink,14,Até 20,28/08/2026,Até 15 dias,PAGA
33749776000168,ALEX SILVA,Revenda Multimarcas,NE1 - FRANCISCA IVANISE CARVALHO FERNANDES,ALEX RAMOS LEITE DA SILVA,Feirão Pontual - 3 Feirões,Fernanda Souza,Fernanda Souza,9,Até 10,22/08/2026,Até 15 dias,3 PARC ATRASO
33763796000193,A MARINHO PICANCO LTDA,RevendaCarro,NO2 - LUIZ CLAUDIO DA PALMA DE ALMEIDA MAIA,RENATA LOPES,FEIRÃO SETEMBRO - P,Fernanda Souza,Fernanda Souza,0,Sem Estoque,,Nunca atualizou,PAGA
33882843000118,SENNA RS MOTORS,RevendaCarro,RS1 - DAIANE DOS SANTOS CORREA,Danielly Mazza,FEIRÃO SETEMBRO - P,Bruna de Paula,Renan Winterink,11,Até 20,30/07/2026,31 a 60 dias,PAGA
33883532000173,Lancia Veiculos,RevendaCarro,SP2 - LUIZ DE OLIVEIRA CRUZ,Eliana Serafim de Freitas,FEIRÃO SETEMBRO - M,Luana Mota,Luana Mota,0,Sem Estoque,,Nunca atualizou,PAGA
33906703000132,Nacional veículos Ltda,RevendaCarro,NO2 - LUIZ CLAUDIO DA PALMA DE ALMEIDA MAIA,Denise Rocha da Costa,FEIRÃO SETEMBRO - M,Fernanda Souza,Fernanda Souza,0,Sem Estoque,,Nunca atualizou,PAGA
33948616000148,V R MOTORS,RevendaCarro,SPINT5 - EDILSON BERNAL MOLEIRO,Carlos Alberto Rosa,2 FEIROES - P,Juliana Grande,Juliana Grande,0,Sem Estoque,,Nunca atualizou,PAGA
33979492000168,Blumenau Multimarcas,Revenda Multimarcas,SC2 - FABIANO HEIL DIAS,João Vitor Salvador dos Santos,Feirão Pontual - 3 Feirões,Gabriel Pereira,Renan Winterink,30,Até 30,26/08/2026,Até 15 dias,1 PARC ATRASO
33980966000191,Fernando Repasses,RevendaCarro,SC1 - ELIANE DA SILVEIRA,Alex Mateus Gugel,FEIRÃO SETEMBRO - P,Gabriel Pereira,Renan Winterink,43,Até 50,27/08/2026,Até 15 dias,PAGA
34004870000150,Rubens Antunes Automóveis LTDA / IMPERAR MULTIMARCAS,Revenda Multimarcas,SC1 - ELIANE DA SILVEIRA,Everton Mateus Marczinski,Feirão Pontual - 3 Feirões,Gabriel Pereira,Renan Winterink,44,Até 50,31/08/2026,Até 15 dias,1 PARC ATRASO
34018588000122,SILVA ARAUJO COMERCIO DE VEICULOS LTDA,RevendaCarro,SE1 - BRUNO NOGUEIRA MARTINS,Dene Moreira Alves,FEIRÃO SETEMBRO - P,Ludmila Martins,Renan Winterink,0,Sem Estoque,,Nunca atualizou,AGUARDANDO_PAGAMENTO
3406561000183,PA Automóveis,Revenda Multimarcas,SE1 - BRUNO NOGUEIRA MARTINS,Jefferson Vinicio de Oliveira Pereira,Feirão Pontual - Feirão Setembro,Ludmila Martins,Renan Winterink,0,Sem Estoque,05/11/2022,Acima de 90 dias,PAGA
34086531000160,CONNECTCAR COMERCIO DE VEICULOS LTDA,RevendaCarro,NO2 - LUIZ CLAUDIO DA PALMA DE ALMEIDA MAIA,Denise Rocha da Costa,FEIRÃO SETEMBRO - M,Fernanda Souza,Fernanda Souza,8,Até 10,15/05/2026,Acima de 90 dias,PAGA
34146877000107,REI DO FEIRAO MULTIMARCAS LTDA,Revenda Multimarcas,SC1 - ELIANE DA SILVEIRA,Eduardo Bittencourt,Feirão Pontual - 3 Feirões,Gabriel Pereira,Renan Winterink,102,Acima 101,26/08/2026,Até 15 dias,1 PARC ATRASO
34163643000178,Auto vale,RevendaCarro,RS1 - DAIANE DOS SANTOS CORREA,Maicon Augusto de castro,FEIRÃO SETEMBRO - M,Bruna de Paula,Renan Winterink,0,Sem Estoque,,Nunca atualizou,PAGA
34166654000101,HORSE AUTOMOVEIS,Revenda Multimarcas,SC1 - ELIANE DA SILVEIRA,CYNTHIA FERNANDES MOURA,Feirão Pontual - Feirão Setembro,Gabriel Pereira,Renan Winterink,0,Sem Estoque,,Nunca atualizou,PAGA
34284525000118,Vip Car Multimarcas,Revenda Multimarcas,NE2 - TASSIA CAMILA GOMES DE OLIVEIRA,Gian Luka Santos Morais,Feirão Pontual - 3 Feirões,Ruana Figueroa,Fernanda Souza,0,Sem Estoque,,Nunca atualizou,4 PARC ATRASO
34285661000122,HB multimarcas importados Eireli,RevendaCarro,CO1 - NADIA JAMAYARA CARDOSO PRIMO,Rafael Alves Coelho,FEIRÃO SETEMBRO - M,Tatiane Silva,Renan Winterink,0,Sem Estoque,,Nunca atualizou,PAGA
3430123000150,ELITE MOTORS VEICULOS,RevendaCarro,CO1 - NADIA JAMAYARA CARDOSO PRIMO,GENIVAL CRUZ,FEIRÃO SETEMBRO - P,Tatiane Silva,Renan Winterink,0,Sem Estoque,28/08/2026,Até 15 dias,PAGA
34338933000105,PAULISTA COMERCIO E LOCADORA DE VEICULOS EIRELI,RevendaCarro,CO1 - NADIA JAMAYARA CARDOSO PRIMO,AMANDA MALLMANN MARTINS,FEIRÃO SETEMBRO - M,Tatiane Silva,Renan Winterink,0,Sem Estoque,25/03/2022,Acima de 90 dias,PENDENTE_ACEITE
34360710000144,JG VEICULOS,Revenda Multimarcas,MG1 - DOUGLAS HENRIQUE FERREIRA,Carolina jardim Rocha Araújo,Feirão Pontual - Feirão Setembro,Ludmila Martins,Renan Winterink,0,Sem Estoque,,Nunca atualizou,PAGA
34403695000174,Rodocar Veículos,Revenda Multimarcas,SE1 - BRUNO NOGUEIRA MARTINS,Brunno Andrade Marques,Feirão Pontual - 2 Feirões,Ludmila Martins,Renan Winterink,0,Sem Estoque,17/04/2025,Acima de 90 dias,PAGA
34437564000108,AUTO CLARO MULTIMARCAS LTDA,RevendaCarro,SPINT5 - EDILSON BERNAL MOLEIRO,CAROLINA ARAUJO DE PAIVA FRANCI,2 FEIROES - P,Juliana Grande,Juliana Grande,21,Até 30,28/08/2026,Até 15 dias,PAGA
34507623000177,INFINITY MOTORS,Revenda Multimarcas,SC2 - FABIANO HEIL DIAS,ALISSON DIEGO GROCHOVSKI,Feirão Pontual - Feirão Setembro,Gabriel Pereira,Renan Winterink,9,Até 10,19/05/2026,Acima de 90 dias,AGUARDANDO_PAGAMENTO
34536702000106,JOAB AUTOMOVEIS,RevendaCarro,SPINT4 - VINICIUS THIAGO PINHEIRO DOS SANTOS,lucas eredia amorim,FEIRÃO SETEMBRO - M,Juliana Grande,Juliana Grande,0,Sem Estoque,,Nunca atualizou,AGUARDANDO_PAGAMENTO
34577390000189,WFULL MOTORS LTDA,Revenda Multimarcas,CO1 - NADIA JAMAYARA CARDOSO PRIMO,GUSTAVO ISAC ROSA,Feirão Pontual - 2 Feirões,Tatiane Silva,Renan Winterink,0,Sem Estoque,,Nunca atualizou,PAGA
34640646000155,FABIO VEÍCULOS,Revenda Multimarcas,NE1 - FRANCISCA IVANISE CARVALHO FERNANDES,LUCAS DIOGO ALVES FERREIRA,Feirão Pontual - 3 Feirões,Fernanda Souza,Fernanda Souza,0,Sem Estoque,,Nunca atualizou,PAGA
34673115000169,Lmd Motors Comercio de Veículos Ltda,RevendaCarro,SP4 - TIAGO FLORIANO OLIVEIRA,Viviani dos Santos Freitas,FEIRÃO SETEMBRO - G,Luana Marques,Juliana Grande,0,Sem Estoque,,Nunca atualizou,PENDENTE_ACEITE
34696225000146,JOSE ALTAMIR DA SILVA REBELO / REBELO VEÍCULOS,RevendaCarro,RS1 - DAIANE DOS SANTOS CORREA,Douglas Maciel Padilha,FEIRÃO SETEMBRO - P,Bruna de Paula,Renan Winterink,0,Sem Estoque,,Nunca atualizou,PAGA
3474143000123,J L DA CUNHA,Revenda Multimarcas,NE2 - TASSIA CAMILA GOMES DE OLIVEIRA,Claudia de Lima Campelo,Feirão Pontual - 3 Feirões,Ruana Figueroa,Fernanda Souza,2,Até 5,15/06/2026,61 a 90 dias,PAGA
34754232000157,BAHAMAS AUTOMOVEIS,RevendaCarro,SC1 - ELIANE DA SILVEIRA,Cassiano Matteus Goes,FEIRÃO SETEMBRO - P,Gabriel Pereira,Renan Winterink,0,Sem Estoque,,Nunca atualizou,PAGA
34832361000116,Vertex motors,RevendaCarro,NE3 - PAULO AMERICO LEMOS DE SEIXAS FILHO,Sergio Ricardo Parisio Santos,FEIRÃO SETEMBRO - P,Fernanda Souza,Fernanda Souza,23,Até 30,25/08/2026,Até 15 dias,PAGA
34863254000155,SILVERIO MULTIMARCAS,Revenda Multimarcas,SPINT5 - EDILSON BERNAL MOLEIRO,ANDREIA FIASCHI ANDREOLI,Feirão Pontual - 3 Feirões,Juliana Grande,Juliana Grande,111,Acima 101,31/08/2026,Até 15 dias,PAGA
34874894000160,AUTO SPORT,Revenda Multimarcas,MG1 - DOUGLAS HENRIQUE FERREIRA,KAREN SABRINA NEVES DA SILVA,Feirão Pontual - Feirão Setembro,Ludmila Martins,Renan Winterink,16,Até 20,31/08/2026,Até 15 dias,PAGA
34904590000107,Kinhoshow10,Revenda Multimarcas,RS1 - DAIANE DOS SANTOS CORREA,Márcio Paz Lopes,Feirão Pontual - Feirão Setembro,Bruna de Paula,Renan Winterink,0,Sem Estoque,,Nunca atualizou,AGUARDANDO_PAGAMENTO
34910553000101,Yones Car,Revenda Multimarcas,PR2 - MARIA INES ANTUNES,Carlos Henrique Vicente Petrelli,Feirão Pontual - Feirão Setembro,Lucynara Ochiai,Renan Winterink,37,Até 50,27/08/2026,Até 15 dias,AGUARDANDO_PAGAMENTO
35010403000104,M G Silva Automóveis LTDA,Revenda Multimarcas,SPINT4 - VINICIUS THIAGO PINHEIRO DOS SANTOS,Rosilene Morais Alves Campos,Feirão Pontual - 3 Feirões,Juliana Grande,Juliana Grande,7,Até 10,20/05/2026,Acima de 90 dias,PAGA
35036621000100,Sempre Mais Comercio de Veiculos LTDA,Revenda Multimarcas,SP4 - TIAGO FLORIANO OLIVEIRA,Silvia Pires de Almeida Souza,Feirão Pontual - 3 Feirões,Luana Marques,Juliana Grande,116,Acima 101,31/08/2026,Até 15 dias,PAGA
35042158000109,VIRTUS MULTIMARCAS,Revenda Multimarcas,MG1 - DOUGLAS HENRIQUE FERREIRA,Gilbert Santos de Oliveira,Feirão Pontual - 3 Feirões,Ludmila Martins,Renan Winterink,60,Até 100,29/08/2026,Até 15 dias,PAGA
35076030000166,SHUANN DOCA VEICULOS LTDA,Revenda Multimarcas,SC2 - FABIANO HEIL DIAS,Luciano dos Santos,Feirão Pontual - 3 Feirões,Gabriel Pereira,Renan Winterink,11,Até 20,21/08/2026,Até 15 dias,1 PARC ATRASO
35114425000106,FD MULTIMARCAS COMERCIO DE VEICULOS AUTOMOTIVOS EITELI,Revenda Multimarcas,NE2 - TASSIA CAMILA GOMES DE OLIVEIRA,Andreia Antunes,Feirão Pontual - 3 Feirões,Ruana Figueroa,Fernanda Souza,0,Sem Estoque,04/08/2026,Até 30 dias,4 PARC ATRASO
35264543000109,Pablo Car,Revenda Multimarcas,NE3 - PAULO AMERICO LEMOS DE SEIXAS FILHO,Glaucio Luiz dos santos ferreira,Feirão Pontual - 3 Feirões,Fernanda Souza,Fernanda Souza,8,Até 10,26/08/2026,Até 15 dias,PAGA
35287604000145,Velomax,RevendaCarro,MG1 - DOUGLAS HENRIQUE FERREIRA,Elaine Cristina Moreira Dias,FEIRÃO SETEMBRO - P,Ludmila Martins,Renan Winterink,9,Até 10,27/08/2026,Até 15 dias,PAGA
35288889000139,PRIME LOCACAO E COMERCIO DE VEICULOS LTDA,RevendaCarro,SP4 - TIAGO FLORIANO OLIVEIRA,Rafael Contessoto,FEIRÃO SETEMBRO - M,Luana Marques,Juliana Grande,0,Sem Estoque,17/06/2026,61 a 90 dias,PENDENTE_ACEITE
35413961000102,AXEL VEICULOS LTDA,Revenda Multimarcas,NE2 - TASSIA CAMILA GOMES DE OLIVEIRA,SHIRLLEY BLAIR SOUSA ARAUJO,Feirão Pontual - 3 Feirões,Ruana Figueroa,Fernanda Souza,13,Até 20,28/08/2026,Até 15 dias,2 PARC ATRASO
35419841000112,NOME EMPRESARIAL GUIGO COMERCIO DE VEICULOS LTDA,RevendaCarro,RS1 - DAIANE DOS SANTOS CORREA,Adriana Alles,FEIRÃO SETEMBRO - P,Bruna de Paula,Renan Winterink,0,Sem Estoque,,Nunca atualizou,PAGA
35444364000145,Nossa Senhora Aparecida Veículos,Revenda Multimarcas,NE3 - PAULO AMERICO LEMOS DE SEIXAS FILHO,Maria Iolanda dos Santos Rolemberg,Feirão Pontual - 3 Feirões,Fernanda Souza,Fernanda Souza,21,Até 30,27/08/2026,Até 15 dias,2 PARC ATRASO
35450773000154,DIONATAN PLATE MACHADO,RevendaCarro,RS1 - DAIANE DOS SANTOS CORREA,CARLOS MAURICIO SILVA DA TRINDADE,FEIRÃO SETEMBRO - P,Bruna de Paula,Renan Winterink,0,Sem Estoque,,Nunca atualizou,PAGA
35512264000109,LISBOA COMERCIO DE AUTOMÓVEIS,Revenda Multimarcas,SC1 - ELIANE DA SILVEIRA,Everton Mateus Marczinski,Feirão Pontual - 3 Feirões,Gabriel Pereira,Renan Winterink,7,Até 10,01/07/2026,61 a 90 dias,2 PARC ATRASO
35517212000125,Estação automóveis,RevendaCarro,SPINT5 - EDILSON BERNAL MOLEIRO,José Raul Antunes,FEIRÃO SETEMBRO - P,Juliana Grande,Juliana Grande,0,Sem Estoque,,Nunca atualizou,PAGA
35517710000178,JS VEÍCULOS,Revenda Multimarcas,NE3 - PAULO AMERICO LEMOS DE SEIXAS FILHO,JEFFERSON DA SILVA TENORIO,Feirão Pontual - 3 Feirões,Fernanda Souza,Fernanda Souza,111,Acima 101,31/08/2026,Até 15 dias,PAGA
35608197000120,RAFFICK COMERCIO DE VEICULOS LTDA,RevendaCarro,SPINT4 - VINICIUS THIAGO PINHEIRO DOS SANTOS,RENAN FELIPE DE OLIVEIRA CHIARI,FEIRÃO SETEMBRO - M,Juliana Grande,Juliana Grande,0,Sem Estoque,01/11/2021,Acima de 90 dias,PAGA
35626741000167,R M P LINDOSO LTDA,RevendaCarro,NE1 - FRANCISCA IVANISE CARVALHO FERNANDES,JAINARA MAYRA SILVA PENHA DE OLIVEIRA,FEIRÃO SETEMBRO - M,Fernanda Souza,Fernanda Souza,0,Sem Estoque,,Nunca atualizou,AGUARDANDO_PAGAMENTO
35631513000185,FR MOTORS SERVICOS DE APOIO AO COMERCIO DE AUTOMOVEIS LTDA,RevendaCarro,SPINT5 - EDILSON BERNAL MOLEIRO,daiane fernandes fidencio,FEIRÃO SETEMBRO - P,Juliana Grande,Juliana Grande,0,Sem Estoque,,Nunca atualizou,AGUARDANDO_PAGAMENTO
35659567000159,MORAIS RENT CAR,Revenda Multimarcas,NO2 - LUIZ CLAUDIO DA PALMA DE ALMEIDA MAIA,Nayade Sabrina Mendes Malato,Feirão Pontual - 3 Feirões,Fernanda Souza,Fernanda Souza,0,Sem Estoque,,Nunca atualizou,3 PARC ATRASO
35662803000196,Flávia da Silva de matos intermediacao e agenciamento ltda,RevendaCarro,SC1 - ELIANE DA SILVEIRA,Julio cesar oliveira  farias,FEIRÃO SETEMBRO - P,Gabriel Pereira,Renan Winterink,0,Sem Estoque,,Nunca atualizou,PAGA
35687971000136,TURBO VEICULOS LTDA,Revenda Multimarcas,RS1 - DAIANE DOS SANTOS CORREA,0,Feirão Pontual - 3 Feirões,Bruna de Paula,Renan Winterink,39,Até 50,18/08/2026,Até 15 dias,PAGA
35701277000398,Cia do Carro,Revenda Multimarcas,SC1 - ELIANE DA SILVEIRA,Jaqueline Schlickmann Luciano Ferreira,Feirão Pontual - Feirão Setembro,Gabriel Pereira,Renan Winterink,0,Sem Estoque,,Nunca atualizou,PAGA
35713977000130,A. L. DE SOUZA AIRES LTDA,RevendaCarro,NO2 - LUIZ CLAUDIO DA PALMA DE ALMEIDA MAIA,Robson Picanco Ferreira,FEIRÃO SETEMBRO - P,Fernanda Souza,Fernanda Souza,0,Sem Estoque,,Nunca atualizou,PENDENTE_ACEITE
35750922000109,ARV MOTORS INTERMEDIACAOES E COMERCIO DE VEICULOS LTDA,RevendaCarro,SP8 - VAGO,Karoli Gomes,FEIRÃO SETEMBRO - M,Juliana Grande,Juliana Grande,0,Sem Estoque,01/12/2021,Acima de 90 dias,PAGA
35756173000119,FINAN AUTO,Revenda Multimarcas,SPINT2 - MARCELO DE SOUSA CAETANO,Priscila Ribeiro Scaransi,Feirão Pontual - 3 Feirões,Juliana Grande,Juliana Grande,62,Até 100,29/08/2026,Até 15 dias,PAGA
35785227000174,S B VEICULOS LTDA,Revenda Multimarcas,NO1 - MARCOS WILLIAM MAIA LEMES JUNIOR,PAULO PORTELLA,Feirão Pontual - 3 Feirões,,,33,Até 50,26/08/2026,Até 15 dias,PAGA
35795041000104,F M COMERCIO VAREJISTA DE VEICULOS LTDA,RevendaCarro,NE2 - TASSIA CAMILA GOMES DE OLIVEIRA,Thiago Romero Soares e Dantas,FEIRÃO SETEMBRO - P,Ruana Figueroa,Fernanda Souza,0,Sem Estoque,,Nunca atualizou,PENDENTE_ACEITE
35831026000166,ANDRE MOI COMERCIO DE VEICULOS LTDA,RevendaCarro,SPINT3 - FABIO YOSHIKAZU TANIGUTI,Wellington Antônio da Silva,FEIRÃO SETEMBRO - P,Andre Souza,Luana Mota,0,Sem Estoque,19/07/2024,Acima de 90 dias,PENDENTE_ACEITE
35852377000153,INVICTA VEICULOS NF LTDA,Revenda Multimarcas,MG1 - DOUGLAS HENRIQUE FERREIRA,Jean Edson de Simas Granito,Feirão Pontual - Feirão Setembro,Ludmila Martins,Renan Winterink,0,Sem Estoque,,Nunca atualizou,AGUARDANDO_PAGAMENTO
35858304000179,M F DA SILVA CORRETORA DE VEICULOS,RevendaCarro,NE2 - TASSIA CAMILA GOMES DE OLIVEIRA,Joseane nayara da silva Santos,FEIRÃO SETEMBRO - P,Ruana Figueroa,Fernanda Souza,0,Sem Estoque,,Nunca atualizou,PAGA
35874877000196,JP VEÍCULOS JUAZEIRO,Revenda Multimarcas,NE1 - FRANCISCA IVANISE CARVALHO FERNANDES,LUCAS DIOGO ALVES FERREIRA,Feirão Pontual - 3 Feirões,Fernanda Souza,Fernanda Souza,0,Sem Estoque,,Nunca atualizou,PAGA
35962151000105,Leo Automoveis,Revenda Multimarcas,SPINT2 - MARCELO DE SOUSA CAETANO,Mário Paulo Villa Scaff,Feirão Pontual - 3 Feirões,Juliana Grande,Juliana Grande,16,Até 20,25/08/2026,Até 15 dias,PAGA
35970458000158,TRINDADE VEICULOS LTDA,RevendaCarro,SE1 - BRUNO NOGUEIRA MARTINS,Gustavo Rezende,FEIRÃO SETEMBRO - P,Ludmila Martins,Renan Winterink,0,Sem Estoque,14/05/2024,Acima de 90 dias,PAGA
36040950000197,JR SALLN AUTOMOVEIS LTDA,Revenda Multimarcas,SP2 - LUIZ DE OLIVEIRA CRUZ,jaqueline dos santos conceicao,Feirão Pontual - Feirão Setembro,Luana Mota,Luana Mota,0,Sem Estoque,29/09/2025,Acima de 90 dias,PAGA
36051574000136,VILLAGGIO MULTIMARCAS LTDA,RevendaCarro,SPINT5 - EDILSON BERNAL MOLEIRO,CAROLINA ARAUJO DE PAIVA FRANCI,FEIRÃO SETEMBRO - P,Juliana Grande,Juliana Grande,0,Sem Estoque,,Nunca atualizou,PAGA
36063342000106,CSCAR COMERCIO DE VEICULOS LTDA,ConcessionariaCarro,NE2 - TASSIA CAMILA GOMES DE OLIVEIRA,Janaina lima,FEIRÃO SETEMBRO - P,Ruana Figueroa,Fernanda Souza,24,Até 30,18/08/2026,Até 15 dias,PAGA
36064105000151,CABEÇA BRANCA VEICULOS,RevendaCarro,CO1 - NADIA JAMAYARA CARDOSO PRIMO,OTONI OLIVEIRA PEREIRA,FEIRÃO SETEMBRO - P,Tatiane Silva,Renan Winterink,0,Sem Estoque,,Nunca atualizou,PAGA
36113873000158,ZACA INTERMEDIACOES E COMERCIO DE VEICULOS LTDA,RevendaCarro,SP7 - FLAVIA DE FATIMA CORREA,Raul lincoln de mello euzebio,FEIRÃO SETEMBRO - M,Juliana Grande,Juliana Grande,0,Sem Estoque,07/03/2024,Acima de 90 dias,PAGA
36131649000199,Airam motors Ltda,Revenda Multimarcas,CO1 - NADIA JAMAYARA CARDOSO PRIMO,Fabiana de Moraes cardoso,Feirão Pontual - 3 Feirões,Tatiane Silva,Renan Winterink,0,Sem Estoque,30/05/2026,Acima de 90 dias,5 PARC ATRASO
36155356000141,IRMAOS SCHUELER LTDA,RevendaCarro,MG1 - DOUGLAS HENRIQUE FERREIRA,Jean Edson de Simas Granito,FEIRÃO SETEMBRO - P,Ludmila Martins,Renan Winterink,0,Sem Estoque,17/05/2022,Acima de 90 dias,PAGA
36169005000190,J P DE ARAUJO VEICULOS LTDA,RevendaCarro,NO2 - LUIZ CLAUDIO DA PALMA DE ALMEIDA MAIA,SUELEM CRISTINA BACELAR LIPES DA ROCHA,FEIRÃO SETEMBRO - P,Fernanda Souza,Fernanda Souza,0,Sem Estoque,04/05/2026,Acima de 90 dias,AGUARDANDO_PAGAMENTO
36182941000130,W Lima đa Silva Comercio LTDA,RevendaCarro,CO2 - THEONILO GONCALINO DE ALMEIDA,Eduardo Oda Resende,FEIRÃO SETEMBRO - P,Tatiane Silva,Renan Winterink,0,Sem Estoque,,Nunca atualizou,PAGA
36187366000169,SC AUTO VEICULOS LTDA,RevendaCarro,SC2 - FABIANO HEIL DIAS,Luanna Caroline Milbratz,FEIRÃO SETEMBRO - M,Gabriel Pereira,Renan Winterink,30,Até 30,21/08/2026,Até 15 dias,PAGA
3624740000197,PR Veículos,RevendaCarro,PR1 - DOUGLAS INÁCIO DA SILVA,Elivelton Duarte,FEIRÃO SETEMBRO - M,Lucynara Ochiai,Renan Winterink,0,Sem Estoque,,Nunca atualizou,PAGA
36400967000108,LIZANDRO GOLDANI GOMES,Revenda Multimarcas,RS1 - DAIANE DOS SANTOS CORREA,Maicon Augusto de Castro,Feirão Pontual - 3 Feirões,Bruna de Paula,Renan Winterink,0,Sem Estoque,,Nunca atualizou,PAGA
36418001000106,RODRIGO AUTO CAR AUTOMOVEIS LTDA,RevendaCarro,SC2 - FABIANO HEIL DIAS,Micaela Pereira,FEIRÃO SETEMBRO - M,Gabriel Pereira,Renan Winterink,31,Até 50,29/08/2026,Até 15 dias,PAGA
36444400000133,IACAR MULTIMARCAS COM DE VEICULOS LTDA,RevendaCarro,SC2 - FABIANO HEIL DIAS,Ivo Rodrigues de Souza,FEIRÃO SETEMBRO - P,Gabriel Pereira,Renan Winterink,0,Sem Estoque,,Nunca atualizou,PAGA
36521903000165,ISIDORO AUTOMOVEIS PREMIUM,Revenda Multimarcas,SC2 - FABIANO HEIL DIAS,Rafael Carvalho Nunes,Feirão Pontual - Feirão Setembro,Gabriel Pereira,Renan Winterink,10,Até 10,27/08/2026,Até 15 dias,PAGA
36589194000150,Acesso Oeste veículos,RevendaCarro,MG1 - DOUGLAS HENRIQUE FERREIRA,carolina jardim rocha araujo,FEIRÃO SETEMBRO - P,Ludmila Martins,Renan Winterink,0,Sem Estoque,,Nunca atualizou,PAGA
36602356000142,Antunes automoveis,Revenda Multimarcas,MG1 - DOUGLAS HENRIQUE FERREIRA,Carolina jardim Rocha Araújo,Feirão Pontual - Feirão Setembro,Ludmila Martins,Renan Winterink,0,Sem Estoque,,Nunca atualizou,PAGA
36902770000177,IDEAL MOTORS MULTIMARCAS,Revenda Multimarcas,RS1 - DAIANE DOS SANTOS CORREA,GILMAR OLIVEIRA PEREIRA,Feirão Pontual - Feirão Setembro,Bruna de Paula,Renan Winterink,0,Sem Estoque,,Nunca atualizou,EM PROCESSAMENTO
36945559000131,GOLDCAR AUTOMOVEIS LTDA,Revenda Multimarcas,SC2 - FABIANO HEIL DIAS,JAILSON MORAES,Feirão Pontual - Feirão Setembro,Gabriel Pereira,Renan Winterink,0,Sem Estoque,,Nunca atualizou,PAGA
36995529000130,Show Car,RevendaCarro,PR1 - DOUGLAS INÁCIO DA SILVA,Henrique Fernandez Beltrão,FEIRÃO SETEMBRO - M,Lucynara Ochiai,Renan Winterink,0,Sem Estoque,,Nunca atualizou,PAGA
37023342000137,M2 Multimarcas Ltda,Revenda Multimarcas,SC2 - FABIANO HEIL DIAS,MAYARA CAROLINE NEIS,Feirão Pontual - 3 Feirões,Gabriel Pereira,Renan Winterink,0,Sem Estoque,15/05/2026,Acima de 90 dias,4 PARC ATRASO
37089528000199,G-CAR COMERCIO E SERVIÇOS AUTOMOTIVOS LTDA,RevendaCarro,MG1 - DOUGLAS HENRIQUE FERREIRA,Poliane Penido,FEIRÃO SETEMBRO - M,Ludmila Martins,Renan Winterink,0,Sem Estoque,,Nunca atualizou,PAGA
37100874000120,lucas veiculos ltda,Revenda Multimarcas,NE3 - PAULO AMERICO LEMOS DE SEIXAS FILHO,clevina santos melo,Feirão Pontual - 3 Feirões,Fernanda Souza,Fernanda Souza,0,Sem Estoque,,Nunca atualizou,PAGA
37187063000109,Redivo Veiculos Multimarcas,Revenda Multimarcas,SC1 - ELIANE DA SILVEIRA,Jaqueline Schlickmann Luciano Ferreira,Feirão Pontual - 3 Feirões,Gabriel Pereira,Renan Winterink,68,Até 100,28/08/2026,Até 15 dias,PAGA
37202339000180,EA Motors,Revenda Multimarcas,CO1 - NADIA JAMAYARA CARDOSO PRIMO,ANGELICA PERPETUA CARDOZO,Feirão Pontual - 3 Feirões,Tatiane Silva,Renan Winterink,0,Sem Estoque,26/08/2026,Até 15 dias,2 PARC ATRASO
37203730000108,CASSIANO COMERCIO DE VEICULOS LTDA,RevendaCarro,NE2 - TASSIA CAMILA GOMES DE OLIVEIRA,José Romário Feitosa dos Santos,FEIRÃO SETEMBRO - P,Ruana Figueroa,Fernanda Souza,0,Sem Estoque,,Nunca atualizou,PAGA
37213072000127,G O ARAGAO,RevendaCarro,NE2 - TASSIA CAMILA GOMES DE OLIVEIRA,ANTONIO JOSE AYRES,FEIRÃO SETEMBRO - P,Ruana Figueroa,Fernanda Souza,13,Até 20,14/07/2026,31 a 60 dias,PAGA
37282283000111,R5 MULTIMARCAS LTDA,Revenda Multimarcas,SPINT3 - FABIO YOSHIKAZU TANIGUTI,Jose Eduardo Rosa Costa,Feirão Pontual - 3 Feirões,Andre Souza,Luana Mota,2,Até 5,15/05/2026,Acima de 90 dias,PAGA
37293757000120,Biguacu Veiculos Ltda,Revenda Multimarcas,SC1 - ELIANE DA SILVEIRA,Gustavo Jefferson Sousa,Feirão Pontual - 3 Feirões,Gabriel Pereira,Renan Winterink,27,Até 30,25/08/2026,Até 15 dias,PAGA
37293885000174,CENTRAL MOTOS E VEÍCULOS LTDA,RevendaCarro,NE3 - PAULO AMERICO LEMOS DE SEIXAS FILHO,MAIRA GONCALVES AMORIM,FEIRÃO SETEMBRO - M,Fernanda Souza,Fernanda Souza,0,Sem Estoque,,Nunca atualizou,PAGA
37451046000137,Jvd comércio de automóveis,RevendaCarro,SC1 - ELIANE DA SILVEIRA,francielle cisenski,FEIRÃO SETEMBRO - P,Gabriel Pereira,Renan Winterink,0,Sem Estoque,,Nunca atualizou,PAGA
37456150000114,LUPER MOTORS LTDA,Revenda Multimarcas,SC1 - ELIANE DA SILVEIRA,Ariela da silva,Feirão Pontual - 3 Feirões,Gabriel Pereira,Renan Winterink,30,Até 30,28/08/2026,Até 15 dias,PAGA
37498570000163,Ferreira Car,Revenda Multimarcas,SPINT2 - MARCELO DE SOUSA CAETANO,ANNDRE DOS SANTOS,Feirão Pontual - 3 Feirões,Juliana Grande,Juliana Grande,0,Sem Estoque,29/07/2026,31 a 60 dias,5 PARC ATRASO
3751483000154,FLAMMA AUTOMOVEIS,Revenda Multimarcas,SC1 - ELIANE DA SILVEIRA,THOMAS EDISON PEREIRA,Feirão Pontual - 2 Feirões,Gabriel Pereira,Renan Winterink,34,Até 50,31/08/2026,Até 15 dias,PAGA
37526051000161,Euro Veiculos,Revenda Multimarcas,CO1 - NADIA JAMAYARA CARDOSO PRIMO,Jeferson wellinton cavalcante Matos,Feirão Pontual - 3 Feirões,Tatiane Silva,Renan Winterink,13,Até 20,26/08/2026,Até 15 dias,1 PARC ATRASO
37527036000138,CD COMERCIO DE VEÍCULOS LTDA,Revenda Multimarcas,NE2 - TASSIA CAMILA GOMES DE OLIVEIRA,João Victor Vicente dos Santos,Feirão Pontual - 3 Feirões,Ruana Figueroa,Fernanda Souza,32,Até 50,30/08/2026,Até 15 dias,2 PARC ATRASO
37539162000102,GARAGE AUTOMOVEIS LTDA,Revenda Multimarcas,MG1 - DOUGLAS HENRIQUE FERREIRA,Gilbert Santos de Oliveira,Feirão Pontual - Feirão Setembro,Ludmila Martins,Renan Winterink,0,Sem Estoque,,Nunca atualizou,PAGA
37568902000139,RENAN FERREIRA RODRIGUES,RevendaCarro,SP3 - EDWARD PEREZ CAMPOS,MARCOS ROBERTO OLIVEIRA DA SILVA,FEIRÃO SETEMBRO - M,Luana Marques,Juliana Grande,0,Sem Estoque,16/06/2021,Acima de 90 dias,PAGA
37618193000159,MB AUTO STORE,RevendaCarro,PR2 - MARIA INES ANTUNES,Lericia Cavalcanti Manoel,FEIRÃO SETEMBRO - P,Lucynara Ochiai,Renan Winterink,0,Sem Estoque,,Nunca atualizou,PAGA
37652285000155,B R OLIVEIRA  LTDA,Revenda Multimarcas,NE1 - FRANCISCA IVANISE CARVALHO FERNANDES,EDUARDO CESAR ARANHA BUNA,Feirão Pontual - 3 Feirões,Fernanda Souza,Fernanda Souza,4,Até 5,10/04/2026,Acima de 90 dias,PAGA
37668535000145,D V DA SILVA MOTOS,RevendaMoto,SPINT2 - MARCELO DE SOUSA CAETANO,Liciane Santana,FEIRÃO SETEMBRO - G,Juliana Grande,Juliana Grande,0,Sem Estoque,,Nunca atualizou,PAGA
37681712000123,Like automoveis,Revenda Multimarcas,NE3 - PAULO AMERICO LEMOS DE SEIXAS FILHO,Elisangela Silva Gomes,Feirão Pontual - 3 Feirões,Fernanda Souza,Fernanda Souza,0,Sem Estoque,15/05/2026,Acima de 90 dias,4 PARC ATRASO
37684801000123,União Veículos,RevendaCarro,NE1 - FRANCISCA IVANISE CARVALHO FERNANDES,hugo santos,FEIRÃO SETEMBRO - G,Fernanda Souza,Fernanda Souza,0,Sem Estoque,,Nunca atualizou,PENDENTE_ACEITE
37692948000165,fkm 83 siminovos ltda,Revenda Multimarcas,NE2 - TASSIA CAMILA GOMES DE OLIVEIRA,eduardo ferreira chagas,Feirão Pontual - 3 Feirões,Ruana Figueroa,Fernanda Souza,4,Até 5,21/07/2026,31 a 60 dias,PAGA
37717703000145,FABIO LUIS VIVEIRO LTDA,RevendaCarro,SPINT3 - FABIO YOSHIKAZU TANIGUTI,EDUARDO MACIEL,FEIRÃO SETEMBRO - M,Andre Souza,Luana Mota,21,Até 30,26/08/2026,Até 15 dias,PAGA
37786021000194,Maverick multimarcas com de veículos,RevendaCarro,PR1 - DOUGLAS INÁCIO DA SILVA,Caroline Vieira dos Santos,FEIRÃO SETEMBRO - P,Lucynara Ochiai,Renan Winterink,0,Sem Estoque,,Nunca atualizou,PAGA
37836849000100,DIPCAR VOLDAC,RevendaCarro,MG1 - DOUGLAS HENRIQUE FERREIRA,Carolina jardim Rocha Araújo,FEIRÃO SETEMBRO - P,Ludmila Martins,Renan Winterink,0,Sem Estoque,,Nunca atualizou,PAGA
37860444000107,M-CAR VEÍCULOS,RevendaCarro,SPINT3 - FABIO YOSHIKAZU TANIGUTI,AYRES RODRIGO VALENTE LUCARINI,FEIRÃO SETEMBRO - M,Andre Souza,Luana Mota,0,Sem Estoque,,Nunca atualizou,PAGA
37870299000145,BOX 8 COMERCIO DE AUTOMOVEIS LTDA  Z4 MULTIMARCAS,RevendaCarro,SC2 - FABIANO HEIL DIAS,Diego Olimpio Carneiro Baseggio,FEIRÃO SETEMBRO - P,Gabriel Pereira,Renan Winterink,0,Sem Estoque,,Nunca atualizou,AGUARDANDO_PAGAMENTO
37925475000107,MG CAR VEICULOS LTDA,Revenda Multimarcas,NE2 - TASSIA CAMILA GOMES DE OLIVEIRA,FELIPE CALDAS CAVALCANTE,Feirão Pontual - 3 Feirões,Ruana Figueroa,Fernanda Souza,1,Até 5,31/08/2026,Até 15 dias,PAGA
37931275000159,Base veículos ltda,RevendaCarro,SC2 - FABIANO HEIL DIAS,Karine Natália bizarro,FEIRÃO SETEMBRO - P,Gabriel Pereira,Renan Winterink,1,Até 5,31/08/2026,Até 15 dias,PAGA
37936381000125,Autovox Veículos LTDA,Revenda Multimarcas,NE3 - PAULO AMERICO LEMOS DE SEIXAS FILHO,Maria Iolanda dos Santos Rolemberg,Feirão Pontual - 3 Feirões,Fernanda Souza,Fernanda Souza,25,Até 30,31/08/2026,Até 15 dias,PAGA
37949718000139,Torres motors comercio de veiculo LTDA,Revenda Multimarcas,NE3 - PAULO AMERICO LEMOS DE SEIXAS FILHO,Elisangela Silva Gomes,Feirão Pontual - 3 Feirões,Fernanda Souza,Fernanda Souza,37,Até 50,31/08/2026,Até 15 dias,PAGA
37968121000131,GREFF CAR MULTIMARCAS LTDA,Revenda Multimarcas,SC2 - FABIANO HEIL DIAS,Felipe Gabriel Kerscher,Feirão Pontual - 3 Feirões,Gabriel Pereira,Renan Winterink,26,Até 30,06/08/2026,Até 30 dias,PAGA
38013596000137,B A S COMERCIO DE VEICULOS,Revenda Multimarcas,RS1 - DAIANE DOS SANTOS CORREA,Danielly Mazza,Feirão Pontual - Feirão Setembro,Bruna de Paula,Renan Winterink,29,Até 30,31/08/2026,Até 15 dias,PAGA
38023734000169,AUTOMAX COMERCIO DE VEICULOS LTDA,RevendaCarro,PR1 - DOUGLAS INÁCIO DA SILVA,Guilherme Ferreira Miranda,FEIRÃO SETEMBRO - M,Lucynara Ochiai,Renan Winterink,0,Sem Estoque,14/09/2023,Acima de 90 dias,PAGA
38026960000101,NETO SEMINOVOS,Revenda Multimarcas,SC1 - ELIANE DA SILVEIRA,Fernanda Meinchein da Silva Pinheiro,Feirão Pontual - 2 Feirões,Gabriel Pereira,Renan Winterink,31,Até 50,29/08/2026,Até 15 dias,PAGA
38033675000100,Rafael Alves de Azevedo,Revenda Multimarcas,RS1 - DAIANE DOS SANTOS CORREA,automotivemultimarcasgravatai@gmail.com,Feirão Pontual - Feirão Setembro,Bruna de Paula,Renan Winterink,0,Sem Estoque,,Nunca atualizou,AGUARDANDO_PAGAMENTO
38044395000105,Norte Car automoveis multimarcas,RevendaCarro,SC2 - FABIANO HEIL DIAS,Roberson Sampaio Cardoso junior,FEIRÃO SETEMBRO - M,Gabriel Pereira,Renan Winterink,0,Sem Estoque,,Nunca atualizou,AGUARDANDO_PAGAMENTO
38047374000135,PRADO MOTORS,Revenda Multimarcas,CO1 - NADIA JAMAYARA CARDOSO PRIMO,ANGELICA PERPETUA CARDOZO,Feirão Pontual - 3 Feirões,Tatiane Silva,Renan Winterink,15,Até 20,26/08/2026,Até 15 dias,1 PARC ATRASO
38049176000100,F. E D. COMERCIO DE VEICULOS AUTOMOTIVOS LTDA,RevendaCarro,NE2 - TASSIA CAMILA GOMES DE OLIVEIRA,Janaina lima,FEIRÃO SETEMBRO - P,Ruana Figueroa,Fernanda Souza,0,Sem Estoque,23/08/2025,Acima de 90 dias,PAGA
38111460000160,JAO VEICULOS LTDA,Revenda Multimarcas,SE1 - BRUNO NOGUEIRA MARTINS,Thais Dos Santos Liberato,Feirão Pontual - Feirão Setembro,Ludmila Martins,Renan Winterink,0,Sem Estoque,,Nunca atualizou,PAGA
38113881000120,Autonline Multimarcas Comercio de Veiculos,RevendaCarro,NE2 - TASSIA CAMILA GOMES DE OLIVEIRA,Clenilze de Azevedo Farias,FEIRÃO SETEMBRO - P,Ruana Figueroa,Fernanda Souza,0,Sem Estoque,,Nunca atualizou,PENDENTE_ACEITE
38118784000120,Prime Multimarcas Ltda,Revenda Multimarcas,MG1 - DOUGLAS HENRIQUE FERREIRA,FABIANA FERREIRA RODRIGUES,Feirão Pontual - 2 Feirões,Ludmila Martins,Renan Winterink,0,Sem Estoque,09/04/2026,Acima de 90 dias,PAGA
38175075000186,SANRAVI MOTORS COMERCIO DE VEICULOS LTDA,RevendaCarro,SPINT3 - FABIO YOSHIKAZU TANIGUTI,jose eduardo rosa costa,FEIRÃO SETEMBRO - M,Andre Souza,Luana Mota,0,Sem Estoque,,Nunca atualizou,AGUARDANDO_PAGAMENTO
38195260000132,ADRIANO URBANO VEICULO EIRELI,RevendaCarro,PR1 - DOUGLAS INÁCIO DA SILVA,guilherme grochau de oliveira,FEIRÃO SETEMBRO - M,Lucynara Ochiai,Renan Winterink,0,Sem Estoque,22/07/2025,Acima de 90 dias,PAGA
38202353000147,Sedacar Veículos Ltda,RevendaCarro,NE1 - FRANCISCA IVANISE CARVALHO FERNANDES,Janine aparecida Sales Araújo,2 FEIROES - G,Fernanda Souza,Fernanda Souza,58,Até 100,28/08/2026,Até 15 dias,PAGA
38202447000116,MF VEICULOS,Revenda Multimarcas,SP4 - TIAGO FLORIANO OLIVEIRA,CAMILA MENDES SANTOS MOREIRA,Feirão Pontual - 3 Feirões,Luana Marques,Juliana Grande,0,Sem Estoque,27/05/2026,Acima de 90 dias,4 PARC ATRASO
38241785000167,TRIADE CAR COMERCIO DE VEICULOS LTDA,RevendaCarro,NE1 - FRANCISCA IVANISE CARVALHO FERNANDES,Elania Santos de Oliveira,FEIRÃO SETEMBRO - G,Fernanda Souza,Fernanda Souza,0,Sem Estoque,14/08/2026,Até 30 dias,AGUARDANDO_PAGAMENTO
38262638000173,AUGUSTO VEICULOS,Revenda Multimarcas,NE3 - PAULO AMERICO LEMOS DE SEIXAS FILHO,ELISIA NATALY LIMA MARTINS BARROS,Feirão Pontual - 2 Feirões,Fernanda Souza,Fernanda Souza,7,Até 10,11/08/2026,Até 30 dias,PAGA
38312303000112,Raja Seminovos,Revenda Multimarcas,MG1 - DOUGLAS HENRIQUE FERREIRA,Vinicius José de Oliveira Alves,Feirão Pontual - 3 Feirões,Ludmila Martins,Renan Winterink,45,Até 50,31/08/2026,Até 15 dias,1 PARC ATRASO
38421215000159,PV VEICULOS LTDA,RevendaCarro,NE3 - PAULO AMERICO LEMOS DE SEIXAS FILHO,MAIRA GONCALVES AMORIM,FEIRÃO SETEMBRO - M,Fernanda Souza,Fernanda Souza,0,Sem Estoque,,Nunca atualizou,PAGA
3845603000182,JANING COMERCIO DE VEICULOS LTDA,RevendaCarro,SC1 - ELIANE DA SILVEIRA,Thomas Edison Pereira,FEIRÃO SETEMBRO - M,Gabriel Pereira,Renan Winterink,38,Até 50,26/08/2026,Até 15 dias,PAGA
38461391000114,BQ Brasil veículos,Revenda Multimarcas,NE2 - TASSIA CAMILA GOMES DE OLIVEIRA,Janaina lima,Feirão Pontual - Feirão Setembro,Ruana Figueroa,Fernanda Souza,0,Sem Estoque,21/06/2025,Acima de 90 dias,PAGA
38504176000153,HINGST IMOVEIS LTDA,RevendaCarro,SC2 - FABIANO HEIL DIAS,Juliana de Matos,FEIRÃO SETEMBRO - P,Gabriel Pereira,Renan Winterink,0,Sem Estoque,,Nunca atualizou,PAGA
38529842000108,GRID MULTIMARCAS,Revenda Multimarcas,SC2 - FABIANO HEIL DIAS,IVO RODRIGUES DE SOUZA,Feirão Pontual - Feirão Setembro,Gabriel Pereira,Renan Winterink,178,Acima 101,06/08/2026,Até 30 dias,PAGA
38657191000131,R2 MOTORS LTDA,RevendaCarro,RS1 - DAIANE DOS SANTOS CORREA,Danielly Mazza,FEIRÃO SETEMBRO - P,Bruna de Paula,Renan Winterink,124,Acima 101,28/08/2026,Até 15 dias,PAGA
39262283000185,Box Car Multimarcas comércio de veiculos Ltda,Revenda Multimarcas,NE2 - TASSIA CAMILA GOMES DE OLIVEIRA,Carlos Eduardo Locio Rosado,Feirão Pontual - 3 Feirões,Ruana Figueroa,Fernanda Souza,0,Sem Estoque,08/10/2025,Acima de 90 dias,3 PARC ATRASO
3928179000130,SCARELLI & LOPES LTDA,RevendaCarro,SPINT3 - FABIO YOSHIKAZU TANIGUTI,Luciano silvio martins,FEIRÃO SETEMBRO - M,Andre Souza,Luana Mota,23,Até 30,26/08/2026,Até 15 dias,PAGA
39283476000112,Tomtom automóveis ltda,Revenda Multimarcas,NE3 - PAULO AMERICO LEMOS DE SEIXAS FILHO,Clevina Santos melo,Feirão Pontual - 3 Feirões,Fernanda Souza,Fernanda Souza,8,Até 10,04/08/2026,Até 30 dias,2 PARC ATRASO
39313451000114,Classe A,Revenda Multimarcas,NE2 - TASSIA CAMILA GOMES DE OLIVEIRA,José Romário Feitosa dos Santos,Feirão Pontual - 3 Feirões,Ruana Figueroa,Fernanda Souza,32,Até 50,24/08/2026,Até 15 dias,3 PARC ATRASO
39316579000131,New Negocios,Revenda Multimarcas,NO2 - LUIZ CLAUDIO DA PALMA DE ALMEIDA MAIA,Marcia Regina Brito Portal,Feirão Pontual - 3 Feirões,Fernanda Souza,Fernanda Souza,20,Até 20,31/08/2026,Até 15 dias,PAGA
39351537000131,POLIGUARA CAR,Revenda Multimarcas,SP4 - TIAGO FLORIANO OLIVEIRA,Felipe Pereira dos Santos,Feirão Pontual - Feirão Setembro,Luana Marques,Juliana Grande,0,Sem Estoque,04/10/2024,Acima de 90 dias,AGUARDANDO_PAGAMENTO
39375987000164,VK CARS,Revenda Multimarcas,SP3 - EDWARD PEREZ CAMPOS,Eduardo Felipe Faria,Feirão Pontual - 3 Feirões,Luana Marques,Juliana Grande,0,Sem Estoque,01/04/2024,Acima de 90 dias,PAGA
39447753000185,CARVALHO CORRETORA DE VEICULOS LTDA,RevendaCarro,NE2 - TASSIA CAMILA GOMES DE OLIVEIRA,Janaina lima,FEIRÃO SETEMBRO - P,Ruana Figueroa,Fernanda Souza,0,Sem Estoque,17/11/2023,Acima de 90 dias,PAGA
39473687000118,Auto Repasse Intermediação comercial Ltda,Revenda Multimarcas,NE1 - FRANCISCA IVANISE CARVALHO FERNANDES,Janine Aparecida Sales Araujo,Feirão Pontual - Feirão Setembro,Fernanda Souza,Fernanda Souza,3,Até 5,27/08/2026,Até 15 dias,PAGA
39483759000108,EXPRESSA VEICULOS LTDA,Revenda Multimarcas,MG1 - DOUGLAS HENRIQUE FERREIRA,Elaine Cristina Moreira Dias,Feirão Pontual - Feirão Setembro,Ludmila Martins,Renan Winterink,41,Até 50,31/08/2026,Até 15 dias,AGUARDANDO_PAGAMENTO
3952589000116,Shalom Veículos,RevendaCarro,SPINT3 - FABIO YOSHIKAZU TANIGUTI,Luiz Antonio Alves Zara,FEIRÃO SETEMBRO - M,Andre Souza,Luana Mota,0,Sem Estoque,26/01/2018,Acima de 90 dias,PAGA
39544825000102,DALVAN VEICULOS  LTDA,Revenda Multimarcas,NE3 - PAULO AMERICO LEMOS DE SEIXAS FILHO,KRYSLAISA FONSECA FERRO,Feirão Pontual - 3 Feirões,Fernanda Souza,Fernanda Souza,7,Até 10,06/08/2026,Até 30 dias,1 PARC ATRASO
39575633000163,Seven Car Multimarcas LTDA,Revenda Multimarcas,NE3 - PAULO AMERICO LEMOS DE SEIXAS FILHO,Maria Iolanda dos Santos Rolemberg,Feirão Pontual - 3 Feirões,Fernanda Souza,Fernanda Souza,17,Até 20,28/08/2026,Até 15 dias,PAGA
39623779000137,MASTER AUTOMOVEIS,RevendaCarro,MG1 - DOUGLAS HENRIQUE FERREIRA,Gilbert Santos de Oliveira,FEIRÃO SETEMBRO - P,Ludmila Martins,Renan Winterink,0,Sem Estoque,,Nunca atualizou,PAGA
39651298000135,MULIMARCAS VEICULOS,RevendaCarro,CO2 - THEONILO GONCALINO DE ALMEIDA,Amanda Martinelo,FEIRÃO SETEMBRO - M,Tatiane Silva,Renan Winterink,0,Sem Estoque,,Nunca atualizou,PAGA
39681967000111,T queiroz comercio e locacao de veiculos,Revenda Multimarcas,NE2 - TASSIA CAMILA GOMES DE OLIVEIRA,Janaina Matos,Feirão Pontual - 3 Feirões,Ruana Figueroa,Fernanda Souza,62,Até 100,28/08/2026,Até 15 dias,PAGA
39708688000102,F DE S BALBY JUNIOR COMERCIO E SERVICOS,RevendaCarro,NE1 - FRANCISCA IVANISE CARVALHO FERNANDES,Yana da Costa Vieira,FEIRÃO SETEMBRO - G,Fernanda Souza,Fernanda Souza,4,Até 5,09/05/2026,Acima de 90 dias,PAGA
3972822000122,MEDEIROS & SULLATO COMERCIO DE VEICULOS LTDA,RevendaCarro,SP4 - TIAGO FLORIANO OLIVEIRA,SILVIA PIRES DE ALMEIDA SOUZA,FEIRÃO SETEMBRO - M,Luana Marques,Juliana Grande,70,Até 100,29/08/2026,Até 15 dias,PAGA
39728742000173,"CENTRAL CENTER CAR COMERCIO DE VEICULOS, PECAS E SERVICOS AUTOMOTIVOS LTDA",Revenda Multimarcas,SPINT5 - EDILSON BERNAL MOLEIRO,Carolina Araujo de Paiva Franci,Feirão Pontual - 3 Feirões,Juliana Grande,Juliana Grande,44,Até 50,07/05/2026,Acima de 90 dias,PAGA
39740597000146,PD CAR,RevendaCarro,MG1 - DOUGLAS HENRIQUE FERREIRA,Neide Tomaz da Costa,FEIRÃO SETEMBRO - P,Ludmila Martins,Renan Winterink,0,Sem Estoque,,Nunca atualizou,PAGA
39743328000133,FENIX MOTORS,RevendaCarro,SPINT4 - VINICIUS THIAGO PINHEIRO DOS SANTOS,Luan Rodrigues de Oliveira,FEIRÃO SETEMBRO - M,Juliana Grande,Juliana Grande,0,Sem Estoque,,Nunca atualizou,AGUARDANDO_PAGAMENTO
3975660000186,VIA NORTE COMERCIO DE VEICULO LTDA,Revenda Multimarcas,NE2 - TASSIA CAMILA GOMES DE OLIVEIRA,ANTONIO JOSE AYRES DA SILVA,Feirão Pontual - 3 Feirões,Ruana Figueroa,Fernanda Souza,41,Até 50,28/08/2026,Até 15 dias,PAGA
39801054000191,Minascar Ltda,Revenda Multimarcas,SE1 - BRUNO NOGUEIRA MARTINS,Brunno Andrade Marques,Feirão Pontual - 3 Feirões,Ludmila Martins,Renan Winterink,1,Até 5,18/05/2026,Acima de 90 dias,PAGA
39853936000109,LUIZA MUNGUBA RIBEIRO LTDA,RevendaCarro,NE2 - TASSIA CAMILA GOMES DE OLIVEIRA,Janaina lima,FEIRÃO SETEMBRO - P,Ruana Figueroa,Fernanda Souza,72,Até 100,28/09/2024,Acima de 90 dias,PAGA
39880569000124,LK VEICULOS,Revenda Multimarcas,SC2 - FABIANO HEIL DIAS,IVO RODRIGUES DE SOUZA,Feirão Pontual - Feirão Setembro,Gabriel Pereira,Renan Winterink,0,Sem Estoque,,Nunca atualizou,PAGA
39914641000197,JR Motors,RevendaCarro,SP5 - STEPHANIE REIS,Juliane Aparecida do Nascimento Alves,FEIRÃO SETEMBRO - P,Andre Souza,Luana Mota,0,Sem Estoque,,Nunca atualizou,PAGA
39983969000165,J L FIGUEREDO COELHO LTDA,Revenda Multimarcas,NE1 - FRANCISCA IVANISE CARVALHO FERNANDES,EDUARDO CESAR ARANHA BUNA,Feirão Pontual - 3 Feirões,Fernanda Souza,Fernanda Souza,30,Até 30,31/08/2026,Até 15 dias,1 PARC ATRASO
40030167000110,DNA COMERCIO E SOLUCOES EM VEICULOS LTDA,RevendaCarro,MG1 - DOUGLAS HENRIQUE FERREIRA,Ana Carolina Florência Pinto,FEIRÃO SETEMBRO - M,Ludmila Martins,Renan Winterink,82,Até 100,26/08/2026,Até 15 dias,PAGA
4008151000147,Alex Veiculos,RevendaCarro,RS1 - DAIANE DOS SANTOS CORREA,Patrícia Bilhalva de Oliveira,FEIRÃO SETEMBRO - P,Bruna de Paula,Renan Winterink,0,Sem Estoque,,Nunca atualizou,PAGA
40103448000155,Scala Veículos,Revenda Multimarcas,NE2 - TASSIA CAMILA GOMES DE OLIVEIRA,Cláudio Gonçalves Soutinho,Feirão Pontual - 3 Feirões,Ruana Figueroa,Fernanda Souza,75,Até 100,30/07/2026,31 a 60 dias,PAGA
40184204000144,TOM CAR,Revenda Multimarcas,MG1 - DOUGLAS HENRIQUE FERREIRA,NEIDE TOMAZ DA COSTA,Feirão Pontual - Feirão Setembro,Ludmila Martins,Renan Winterink,0,Sem Estoque,,Nunca atualizou,PAGA
4041484000178,VERGUEIRO VEICULOS DE SOROCABA LTDA,RevendaCarro,SPINT5 - EDILSON BERNAL MOLEIRO,ANDREIA FIASCHI ANDREOLI,FEIRÃO SETEMBRO - P,Juliana Grande,Juliana Grande,14,Até 20,27/08/2026,Até 15 dias,PENDENTE_ACEITE
40481734000154,Raptor motors Ltda,Revenda Multimarcas,SP3 - EDWARD PEREZ CAMPOS,EDUARDO FELIPE DE FARIA,Feirão Pontual - Feirão Setembro,Luana Marques,Juliana Grande,6,Até 10,02/02/2026,Acima de 90 dias,PAGA
40501906000104,RGS MOTOS,RevendaMoto,SC1 - ELIANE DA SILVEIRA,Evandro Fernando Machado Marczinski,FEIRÃO SETEMBRO - P,Gabriel Pereira,Renan Winterink,7,Até 10,23/07/2026,31 a 60 dias,PAGA
40525827000133,ubaldo de freitas vieira,RevendaCarro,SPINT3 - FABIO YOSHIKAZU TANIGUTI,fabio henrique pereira costa,FEIRÃO SETEMBRO - P,Andre Souza,Luana Mota,0,Sem Estoque,,Nunca atualizou,AGUARDANDO_PAGAMENTO
40526955000100,W B MACHADO COM DE VEICULOS,RevendaCarro,NO2 - LUIZ CLAUDIO DA PALMA DE ALMEIDA MAIA,Wallasse Correa,FEIRÃO SETEMBRO - M,Fernanda Souza,Fernanda Souza,0,Sem Estoque,,Nunca atualizou,PAGA
40578665000100,CK,Revenda Multimarcas,NO2 - LUIZ CLAUDIO DA PALMA DE ALMEIDA MAIA,Marcia Regina Brito Portal,Feirão Pontual - 3 Feirões,Fernanda Souza,Fernanda Souza,28,Até 30,18/06/2026,61 a 90 dias,PAGA
40612093000120,FAM veículos multimarcas ltda,Revenda Multimarcas,NE3 - PAULO AMERICO LEMOS DE SEIXAS FILHO,Sergio Ricardo Parisio Santos,Feirão Pontual - 3 Feirões,Fernanda Souza,Fernanda Souza,17,Até 20,27/08/2026,Até 15 dias,PAGA
40665423000145,IMPERIO COMERCIO DE AUTOMOVEIS LTDA,Revenda Multimarcas,MG1 - DOUGLAS HENRIQUE FERREIRA,Karen Sabrina Neves da Silva,Feirão Pontual - 3 Feirões,Ludmila Martins,Renan Winterink,44,Até 50,28/08/2026,Até 15 dias,PAGA
40679321000189,CAIO VINICIUS DE SOUZA MELO ME,RevendaCarro,SPINT4 - VINICIUS THIAGO PINHEIRO DOS SANTOS,Altino Ferreira dos Santos Junior,FEIRÃO SETEMBRO - P,Juliana Grande,Juliana Grande,0,Sem Estoque,,Nunca atualizou,PAGA
40704568000108,SHOPPING CARR,Revenda Multimarcas,RS1 - DAIANE DOS SANTOS CORREA,GILMAR OLIVEIRA PEREIRA,Feirão Pontual - Feirão Setembro,Bruna de Paula,Renan Winterink,0,Sem Estoque,,Nunca atualizou,PAGA
40833373000168,REAL CAR,Revenda Multimarcas,NE3 - PAULO AMERICO LEMOS DE SEIXAS FILHO,ELISIA NATALY LIMA MARTINS BARROS,Feirão Pontual - 3 Feirões,Fernanda Souza,Fernanda Souza,13,Até 20,25/08/2026,Até 15 dias,PAGA
40895420000106,AC VEICULOS,Revenda Multimarcas,NO1 - MARCOS WILLIAM MAIA LEMES JUNIOR,JOAO PEDRO DE BRITO SOUZA,Feirão Pontual - 3 Feirões,,,3,Até 5,24/08/2026,Até 15 dias,PAGA
40912227000128,ELITE VEICULOS,RevendaCarro,CO2 - THEONILO GONCALINO DE ALMEIDA,Italo matheus parise,FEIRÃO SETEMBRO - M,Tatiane Silva,Renan Winterink,10,Até 10,09/06/2026,61 a 90 dias,PAGA
40925793000174,GABRIEL DOS ANJOS ROCHA,Revenda Multimarcas,SC1 - ELIANE DA SILVEIRA,TAUAN DA ROSA TEIXEIRA,Feirão Pontual - Feirão Setembro,Gabriel Pereira,Renan Winterink,0,Sem Estoque,24/05/2026,Acima de 90 dias,PAGA
40982847000133,Rpm veiculos,Revenda Multimarcas,MG1 - DOUGLAS HENRIQUE FERREIRA,Carolina jardim Rocha Araújo,Feirão Pontual - Feirão Setembro,Ludmila Martins,Renan Winterink,0,Sem Estoque,,Nunca atualizou,AGUARDANDO_PAGAMENTO
41049837000102,ANDRE TAKASHI NAGASSAKI LTDA   /  AF VEICULOS,RevendaCarro,SPINT3 - FABIO YOSHIKAZU TANIGUTI,ALAN AUGUSTO TOZO,FEIRÃO SETEMBRO - P,Andre Souza,Luana Mota,0,Sem Estoque,,Nunca atualizou,PAGA
41071173000188,JE SILVA VEICULOS LTDA,Revenda Multimarcas,SC1 - ELIANE DA SILVEIRA,VITOR DA CUNHA MALLMANN,Feirão Pontual - 3 Feirões,Gabriel Pereira,Renan Winterink,26,Até 30,25/08/2026,Até 15 dias,3 PARC ATRASO
41085182000128,Luciana Chiacchio Ortunho,RevendaCarro,SPINT3 - FABIO YOSHIKAZU TANIGUTI,Renan Guimarães de Souza,FEIRÃO SETEMBRO - P,Andre Souza,Luana Mota,0,Sem Estoque,,Nunca atualizou,PAGA
41093784000127,TOP GEAR MULTIMARCAS LTDA.,RevendaCarro,SP4 - TIAGO FLORIANO OLIVEIRA,Luciana Brancaleoni,FEIRÃO SETEMBRO - G,Luana Marques,Juliana Grande,0,Sem Estoque,13/05/2026,Acima de 90 dias,PAGA
41110047000195,GHS Souza Veiculos Ltda,RevendaCarro,SPINT4 - VINICIUS THIAGO PINHEIRO DOS SANTOS,Altino Ferreira dos Santos Junior,FEIRÃO SETEMBRO - M,Juliana Grande,Juliana Grande,0,Sem Estoque,,Nunca atualizou,PAGA
4113824000129,FONTE VEICULOS,Revenda Multimarcas,SC2 - FABIANO HEIL DIAS,Luanna Caroline Milbratz,Feirão Pontual - 2 Feirões,Gabriel Pereira,Renan Winterink,91,Até 100,31/08/2026,Até 15 dias,PAGA
41160291000162,R 3 Comércio Veicular de novos e usados,Revenda Multimarcas,NE2 - TASSIA CAMILA GOMES DE OLIVEIRA,Jean Francisco Emídio de Almeida,Feirão Pontual - 3 Feirões,Ruana Figueroa,Fernanda Souza,5,Até 5,31/08/2026,Até 15 dias,PAGA
41171178000182,HERON AUTOMOVEIS,RevendaCarro,MG1 - DOUGLAS HENRIQUE FERREIRA,Gabriel Ramon Fernandes,2 FEIROES - M,Ludmila Martins,Renan Winterink,56,Até 100,30/08/2026,Até 15 dias,PAGA
41172611000102,R15 MOTORS,Revenda Multimarcas,NE1 - FRANCISCA IVANISE CARVALHO FERNANDES,EDUARDO CESAR ARANHA BUNA,Feirão Pontual - 3 Feirões,Fernanda Souza,Fernanda Souza,29,Até 30,29/08/2026,Até 15 dias,PAGA
41204931000199,Brasil Car,Revenda Multimarcas,CO1 - NADIA JAMAYARA CARDOSO PRIMO,Jeferson Wellinton Cavalcante Matos,Feirão Pontual - 3 Feirões,Tatiane Silva,Renan Winterink,0,Sem Estoque,12/08/2026,Até 30 dias,3 PARC ATRASO
41214001000116,F8 MOTORS COMERCIO DE VEÍCULOS LTDA,Revenda Multimarcas,PR1 - DOUGLAS INÁCIO DA SILVA,Josiane spognollo,Feirão Pontual - Feirão Setembro,Lucynara Ochiai,Renan Winterink,0,Sem Estoque,24/04/2026,Acima de 90 dias,PAGA
41232110000166,SS Car Comércio de automóveis LTDA,RevendaCarro,RS1 - DAIANE DOS SANTOS CORREA,Carlos Eduardo,FEIRÃO SETEMBRO - P,Bruna de Paula,Renan Winterink,0,Sem Estoque,,Nunca atualizou,PAGA
41245285000108,JOHN WILLYAN LOPES DE SOUZA,Revenda Multimarcas,NE2 - TASSIA CAMILA GOMES DE OLIVEIRA,Alison Kodi Hirata,Feirão Pontual - 3 Feirões,Ruana Figueroa,Fernanda Souza,0,Sem Estoque,26/04/2025,Acima de 90 dias,PAGA
41325834000154,LEANDRO PERETI ME,RevendaMoto,SC2 - FABIANO HEIL DIAS,VILMANIR COLDEBELLA,FEIRÃO SETEMBRO - P,Gabriel Pereira,Renan Winterink,0,Sem Estoque,,Nunca atualizou,PAGA
41327494000109,AUTO NORTE MULTIMARCAS COMERCIO DE VEICULOS LTDA,RevendaCarro,SP3 - EDWARD PEREZ CAMPOS,Fernanda Ramos Donato,FEIRÃO SETEMBRO - M,Luana Marques,Juliana Grande,25,Até 30,17/12/2024,Acima de 90 dias,PENDENTE_ACEITE
41353672000168,INVICTA VEICULOS,Revenda Multimarcas,MG1 - DOUGLAS HENRIQUE FERREIRA,Neide Tomaz da Costa,Feirão Pontual - Feirão Setembro,Ludmila Martins,Renan Winterink,0,Sem Estoque,,Nunca atualizou,PAGA
41439860000103,M&T REVENDA DE VEICULOS USADOS LTDA,RevendaCarro,NE1 - FRANCISCA IVANISE CARVALHO FERNANDES,Annie Lima Ximenes,FEIRÃO SETEMBRO - G,Fernanda Souza,Fernanda Souza,43,Até 50,31/08/2026,Até 15 dias,PAGA
41460747000100,ELITE MULTIMARCAS,Revenda Multimarcas,SC1 - ELIANE DA SILVEIRA,RICARDO DOS SANTOS SANTOS,Feirão Pontual - 3 Feirões,Gabriel Pereira,Renan Winterink,20,Até 20,28/08/2026,Até 15 dias,PAGA
41522565000116,REGENTE CAR COMERCIO DE VEICULOS LTDA,RevendaCarro,SPINT4 - VINICIUS THIAGO PINHEIRO DOS SANTOS,Gilson Bonome,FEIRÃO SETEMBRO - P,Juliana Grande,Juliana Grande,0,Sem Estoque,,Nunca atualizou,PAGA
4159457000102,Fran Veiculos,RevendaCarro,SPINT4 - VINICIUS THIAGO PINHEIRO DOS SANTOS,RENAN FELIPE DE OLIVEIRA CHIARI,FEIRÃO SETEMBRO - M,Juliana Grande,Juliana Grande,0,Sem Estoque,,Nunca atualizou,PAGA
41611749000152,M A Baena da Cunha Ltda,Revenda Multimarcas,NO2 - LUIZ CLAUDIO DA PALMA DE ALMEIDA MAIA,Marcia Regina Brito Portal,Feirão Pontual - 3 Feirões,Fernanda Souza,Fernanda Souza,0,Sem Estoque,14/08/2026,Até 30 dias,5 PARC ATRASO
41636649000180,GARAGE CARPOINT COMERCIO VEICULOS LTDA,RevendaCarro,SP3 - EDWARD PEREZ CAMPOS,HENRIQUE ALVES GOMES,FEIRÃO SETEMBRO - M,Luana Marques,Juliana Grande,0,Sem Estoque,08/10/2022,Acima de 90 dias,PAGA
41670097000127,MR CAR MULTIMARCAS E REPASSES,Revenda Multimarcas,SC1 - ELIANE DA SILVEIRA,RAFAELLY NUNES ALVES,Feirão Pontual - 3 Feirões,Gabriel Pereira,Renan Winterink,0,Sem Estoque,,Nunca atualizou,4 PARC ATRASO
41705182000183,Neves Veículos,Revenda Multimarcas,SC1 - ELIANE DA SILVEIRA,Fernanda gomes Farinha Quadros,Feirão Pontual - 3 Feirões,Gabriel Pereira,Renan Winterink,21,Até 30,28/08/2026,Até 15 dias,1 PARC ATRASO
41705942000152,G H SILVA LTDA.,RevendaCarro,SPINT3 - FABIO YOSHIKAZU TANIGUTI,Alessandra Cristina Silva Rosa,FEIRÃO SETEMBRO - P,Andre Souza,Luana Mota,17,Até 20,27/08/2026,Até 15 dias,PAGA
41721181000122,G A GENUNCIO JUNIOR,RevendaCarro,MG1 - DOUGLAS HENRIQUE FERREIRA,Neide Tomaz da Costa,FEIRÃO SETEMBRO - P,Ludmila Martins,Renan Winterink,0,Sem Estoque,02/09/2025,Acima de 90 dias,PAGA
41737931000154,Labone automóveis,Revenda Multimarcas,SP3 - EDWARD PEREZ CAMPOS,Plinio Viani Rangel de Farias,Feirão Pontual - Feirão Setembro,Luana Marques,Juliana Grande,0,Sem Estoque,,Nunca atualizou,EM PROCESSAMENTO
41745147000198,MAURO MULTIMARCAS,Revenda Multimarcas,SC2 - FABIANO HEIL DIAS,Ivo Rodrigues de Souza,Feirão Pontual - 3 Feirões,Gabriel Pereira,Renan Winterink,15,Até 20,26/08/2026,Até 15 dias,PAGA
4175082000166,Jm Veiculos,Revenda Multimarcas,NE1 - FRANCISCA IVANISE CARVALHO FERNANDES,Fabíola elcky Barbosa de Sá,Feirão Pontual - 3 Feirões,Fernanda Souza,Fernanda Souza,22,Até 30,22/05/2026,Acima de 90 dias,PAGA
41758522000134,SP VEICULOS,Revenda Multimarcas,MG1 - DOUGLAS HENRIQUE FERREIRA,Neide Tomaz da Costa,Feirão Pontual - Feirão Setembro,Ludmila Martins,Renan Winterink,0,Sem Estoque,,Nunca atualizou,PAGA
41761011000171,Rodicar Automóveis,Revenda Multimarcas,SC2 - FABIANO HEIL DIAS,Willian Monteiro Marcelino,Feirão Pontual - 3 Feirões,Gabriel Pereira,Renan Winterink,0,Sem Estoque,22/05/2026,Acima de 90 dias,4 PARC ATRASO
41775898000157,Facilita Veiculos LTDA,RevendaCarro,RS1 - DAIANE DOS SANTOS CORREA,Ericles Pavel Rolin Moreira,FEIRÃO SETEMBRO - M,Bruna de Paula,Renan Winterink,1,Até 5,14/05/2026,Acima de 90 dias,PAGA
41816473000149,LIDER AUTO VEICULOS MULTIMARCAS LTDA,RevendaCarro,CO1 - NADIA JAMAYARA CARDOSO PRIMO,Deivid Mayquel Custódio Fiuza,FEIRÃO SETEMBRO - M,Tatiane Silva,Renan Winterink,0,Sem Estoque,,Nunca atualizou,PAGA
41848812000179,Mobilidade Motors LTDA,Revenda Multimarcas,CO1 - NADIA JAMAYARA CARDOSO PRIMO,Jeferson Wellinton Cavalcante Matos,Feirão Pontual - 3 Feirões,Tatiane Silva,Renan Winterink,11,Até 20,21/08/2026,Até 15 dias,PAGA
4185066000154,D.S.R. RIBEIRO COMERCIO DE AUTOMOVEIS LTDA,RevendaCarro,SPINT1 - CHRISTIANE LOPES,Caique Costa Pelegrino,FEIRÃO SETEMBRO - M,Juliana Grande,Juliana Grande,116,Acima 101,31/08/2026,Até 15 dias,PAGA
42017623000117,ROTA 66 AUTOMARCAS LTDA,RevendaCarro,CO2 - THEONILO GONCALINO DE ALMEIDA,Marcos Francisco de Oliveira,FEIRÃO SETEMBRO - P,Tatiane Silva,Renan Winterink,22,Até 30,22/06/2026,61 a 90 dias,PAGA
42018073000150,SL MULTIMARCAS,RevendaCarro,PR1 - DOUGLAS INÁCIO DA SILVA,Carlos Eduardo,2 FEIROES - M,Lucynara Ochiai,Renan Winterink,0,Sem Estoque,,Nunca atualizou,PAGA
42036779000145,URSAO VEICULOS,RevendaCarro,CO2 - THEONILO GONCALINO DE ALMEIDA,Karolina Elizamara de Matos Ferreira Pedrozo,FEIRÃO SETEMBRO - M,Tatiane Silva,Renan Winterink,0,Sem Estoque,,Nunca atualizou,PAGA
42040308000100,4 RODAS COMERCIO VAREJISTA DE VEICULOS AUTOMOTORES EIRELI,RevendaCarro,CO1 - NADIA JAMAYARA CARDOSO PRIMO,Robson Rodrigues Alves da Silva,FEIRÃO SETEMBRO - M,Tatiane Silva,Renan Winterink,0,Sem Estoque,,Nunca atualizou,PENDENTE_ACEITE
42126884000175,CAR PREMIUM BOITUVA LTDA,RevendaCarro,SPINT5 - EDILSON BERNAL MOLEIRO,caiqui cabral,FEIRÃO SETEMBRO - P,Juliana Grande,Juliana Grande,0,Sem Estoque,,Nunca atualizou,PAGA
42132446000110,Carville Comercio de Veiculos LTDA,Revenda Multimarcas,SC1 - ELIANE DA SILVEIRA,Weslei Harnack,Feirão Pontual - 2 Feirões,Gabriel Pereira,Renan Winterink,25,Até 30,24/08/2026,Até 15 dias,PAGA
42158852000151,Sid Car Sidnei Veiculos LTDA,RevendaCarro,NE3 - PAULO AMERICO LEMOS DE SEIXAS FILHO,GUTEMBERG TINEL OLIVEIRA,FEIRÃO SETEMBRO - P,Fernanda Souza,Fernanda Souza,0,Sem Estoque,,Nunca atualizou,PAGA
4223672000117,RM VEICULOS LTDA,Revenda Multimarcas,NE3 - PAULO AMERICO LEMOS DE SEIXAS FILHO,ELISIA NATALY LIMA MARTINS BARROS,Feirão Pontual - 3 Feirões,Fernanda Souza,Fernanda Souza,22,Até 30,13/07/2026,31 a 60 dias,PAGA
42274853000161,AUTO CAR,RevendaCarro,NE3 - PAULO AMERICO LEMOS DE SEIXAS FILHO,JEFFERSON DA SILVA TENORIO,FEIRÃO SETEMBRO - M,Fernanda Souza,Fernanda Souza,0,Sem Estoque,,Nunca atualizou,PAGA
42325965000102,Ayra Veiculos,Revenda Multimarcas,MG1 - DOUGLAS HENRIQUE FERREIRA,Karen Sabrina Neves da Silva,Feirão Pontual - Feirão Setembro,Ludmila Martins,Renan Winterink,0,Sem Estoque,,Nunca atualizou,PAGA
423493000172,PONY VEICULOS LTDA,Revenda Multimarcas,CO1 - NADIA JAMAYARA CARDOSO PRIMO,Fabiana de Moraes cardoso,Feirão Pontual - 3 Feirões,Tatiane Silva,Renan Winterink,61,Até 100,31/08/2026,Até 15 dias,PAGA
42354799000164,CLICK MOTORS LTDA,RevendaCarro,SPINT4 - VINICIUS THIAGO PINHEIRO DOS SANTOS,Gabriel furlan,FEIRÃO SETEMBRO - M,Juliana Grande,Juliana Grande,0,Sem Estoque,10/03/2025,Acima de 90 dias,PAGA
42380371000196,SELECT CAR,RevendaCarro,SP5 - STEPHANIE REIS,Daniele Souza faverani,FEIRÃO SETEMBRO - M,Andre Souza,Luana Mota,0,Sem Estoque,,Nunca atualizou,PAGA
4238469000114,Silveira Veículos,RevendaCarro,RS1 - DAIANE DOS SANTOS CORREA,Danielly Mazza,FEIRÃO SETEMBRO - P,Bruna de Paula,Renan Winterink,0,Sem Estoque,,Nunca atualizou,PAGA
42412898000155,HOPE MULTIMARCAS LTDA,RevendaCarro,SP4 - TIAGO FLORIANO OLIVEIRA,EDMIS TANAKAI NERI,FEIRÃO SETEMBRO - M,Luana Marques,Juliana Grande,0,Sem Estoque,,Nunca atualizou,PENDENTE_ACEITE
42421134000126,M.H.S. MULTIMARCAS COMERCIO DE VEICULOS LTDA,RevendaCarro,MG1 - DOUGLAS HENRIQUE FERREIRA,Rafael de lelis cordeiro silva,FEIRÃO SETEMBRO - M,Ludmila Martins,Renan Winterink,0,Sem Estoque,,Nunca atualizou,PENDENTE_ACEITE
42426165000170,Lucas Mioto de Oliveira LTDA,RevendaMoto,SPINT4 - VINICIUS THIAGO PINHEIRO DOS SANTOS,Rosilene Morais Alves Campos,FEIRÃO SETEMBRO - M,Juliana Grande,Juliana Grande,0,Sem Estoque,,Nunca atualizou,PAGA
42462784000110,TURQUINHO VEICULOS LTDA,RevendaCarro,PR1 - DOUGLAS INÁCIO DA SILVA,Carlos Eduardo,FEIRÃO SETEMBRO - M,Lucynara Ochiai,Renan Winterink,0,Sem Estoque,,Nunca atualizou,PAGA
42582011000177,GABRIEL EGITO TAVARES,Revenda Multimarcas,NE2 - TASSIA CAMILA GOMES DE OLIVEIRA,eduardo ferreira chagas,Feirão Pontual - 3 Feirões,Ruana Figueroa,Fernanda Souza,0,Sem Estoque,09/04/2024,Acima de 90 dias,PAGA
42614936000152,Nc Veiculos,RevendaCarro,NE1 - FRANCISCA IVANISE CARVALHO FERNANDES,José Roberto Freitas Castro,FEIRÃO SETEMBRO - M,Fernanda Souza,Fernanda Souza,0,Sem Estoque,,Nunca atualizou,PAGA
42656955000141,JJC VEICULOS LTDA,RevendaCarro,PR1 - DOUGLAS INÁCIO DA SILVA,Caroline Vieira dos Santos,FEIRÃO SETEMBRO - P,Lucynara Ochiai,Renan Winterink,0,Sem Estoque,19/08/2025,Acima de 90 dias,PAGA
42661961000197,M2 CAR COMERCIO E SERVICOS LTDA,RevendaCarro,NE3 - PAULO AMERICO LEMOS DE SEIXAS FILHO,Geisinea Rocha Mascarenhas,FEIRÃO SETEMBRO - P,Fernanda Souza,Fernanda Souza,0,Sem Estoque,,Nunca atualizou,PAGA
42671091000137,Gb consultoria e comércio de veículos Ltda,Revenda Multimarcas,SP4 - TIAGO FLORIANO OLIVEIRA,Gregory Nicholas Philip Ribeiro da Rosa,Feirão Pontual - 3 Feirões,Luana Marques,Juliana Grande,37,Até 50,28/08/2026,Até 15 dias,PAGA
42673138000100,GS MULTIMARCAS LTDA,RevendaCarro,NO2 - LUIZ CLAUDIO DA PALMA DE ALMEIDA MAIA,Denise Rocha da Costa,FEIRÃO SETEMBRO - M,Fernanda Souza,Fernanda Souza,0,Sem Estoque,,Nunca atualizou,PAGA
42673826000161,Carros Usados JP,Revenda Multimarcas,NE2 - TASSIA CAMILA GOMES DE OLIVEIRA,José Romário Feitosa dos Santos,Feirão Pontual - 3 Feirões,Ruana Figueroa,Fernanda Souza,0,Sem Estoque,25/05/2026,Acima de 90 dias,4 PARC ATRASO
42742923000169,Nunes Automóveis,Revenda Multimarcas,NE3 - PAULO AMERICO LEMOS DE SEIXAS FILHO,Marcos Luís Freitas de Santana,Feirão Pontual - 3 Feirões,Fernanda Souza,Fernanda Souza,25,Até 30,29/08/2026,Até 15 dias,PAGA
42793234000183,AL Comércio de Veículos Ltda,RevendaCarro,SPINT3 - FABIO YOSHIKAZU TANIGUTI,Claudiney Alexandre Silva,FEIRÃO SETEMBRO - P,Andre Souza,Luana Mota,0,Sem Estoque,,Nunca atualizou,PAGA
42839339000126,MWR MOTORS,Revenda Multimarcas,PR1 - DOUGLAS INÁCIO DA SILVA,MARCOS FERREIRA,Feirão Pontual - 3 Feirões,Lucynara Ochiai,Renan Winterink,0,Sem Estoque,,Nunca atualizou,PAGA
42840657000107,Realiza multicar Ltda,Revenda Multimarcas,SE1 - BRUNO NOGUEIRA MARTINS,Bruno Alves Gomes,Feirão Pontual - Feirão Setembro,Ludmila Martins,Renan Winterink,0,Sem Estoque,,Nunca atualizou,PAGA
42848915000100,Samara Eva da Silva Carvalho,RevendaCarro,NE1 - FRANCISCA IVANISE CARVALHO FERNANDES,alex ramos leite da silva,FEIRÃO SETEMBRO - M,Fernanda Souza,Fernanda Souza,0,Sem Estoque,,Nunca atualizou,PENDENTE_ACEITE
42863516000100,Sakamoto Comércio de Veículos Ltda,RevendaCarro,SPINT4 - VINICIUS THIAGO PINHEIRO DOS SANTOS,Rafael Maimone Lecciolli,FEIRÃO SETEMBRO - M,Juliana Grande,Juliana Grande,0,Sem Estoque,,Nunca atualizou,PAGA
42885079000125,OMEGA AUTOMOVEIS,Revenda Multimarcas,MG1 - DOUGLAS HENRIQUE FERREIRA,Fabiana Ferreira Rodrigues,Feirão Pontual - 3 Feirões,Ludmila Martins,Renan Winterink,0,Sem Estoque,17/06/2026,61 a 90 dias,4 PARC ATRASO
42925462000160,FABIO A DE ALMEIDA,RevendaCarro,NE3 - PAULO AMERICO LEMOS DE SEIXAS FILHO,JEFFERSON DA SILVA TENORIO,FEIRÃO SETEMBRO - P,Fernanda Souza,Fernanda Souza,0,Sem Estoque,,Nunca atualizou,PAGA
42930920000159,SUPERCAR COMERCIO E INTERMEDICACAO DE VEICULOS LTDA,Revenda Multimarcas,SP8 - VAGO,BRUNO BOCALETTI,Feirão Pontual - Feirão Setembro,Juliana Grande,Juliana Grande,0,Sem Estoque,,Nunca atualizou,PAGA
42960002000172,Dw Carros Ltda.,Revenda Multimarcas,SP5 - STEPHANIE REIS,Cassia Leite de Oliveira,Feirão Pontual - Feirão Setembro,Andre Souza,Luana Mota,0,Sem Estoque,07/05/2026,Acima de 90 dias,PAGA
42979991000146,ROTA MULTICAR LTDA,Revenda Multimarcas,CO1 - NADIA JAMAYARA CARDOSO PRIMO,Amanda Mallmann,Feirão Pontual - Feirão Setembro,Tatiane Silva,Renan Winterink,61,Até 100,18/06/2026,61 a 90 dias,PAGA
43019685000120,AUTOTRES VEICULOS,RevendaCarro,SPINT4 - VINICIUS THIAGO PINHEIRO DOS SANTOS,IAHGO LOSSAVARO MARIM,FEIRÃO SETEMBRO - P,Juliana Grande,Juliana Grande,0,Sem Estoque,,Nunca atualizou,PENDENTE_ACEITE
43046594000184,Jbm automóveis ltda,Revenda Multimarcas,NE3 - PAULO AMERICO LEMOS DE SEIXAS FILHO,clevina santos melo,Feirão Pontual - 3 Feirões,Fernanda Souza,Fernanda Souza,3,Até 5,01/04/2026,Acima de 90 dias,PAGA
43077921000165,Auto Play Multimarcas Comercio De Veiculos Ltda,Revenda Multimarcas,SC2 - FABIANO HEIL DIAS,Luanna Caroline Milbratz,Feirão Pontual - 3 Feirões,Gabriel Pereira,Renan Winterink,20,Até 20,28/08/2026,Até 15 dias,PAGA
43119778000127,LEGACY AUTOS COMERCIO E SERVICOS LTDA,Revenda Multimarcas,NE1 - FRANCISCA IVANISE CARVALHO FERNANDES,Iann Gabriel Moreira de Souza,Feirão Pontual - 3 Feirões,Fernanda Souza,Fernanda Souza,34,Até 50,29/08/2026,Até 15 dias,PAGA
43180993000133,ALE CAR,Revenda Multimarcas,NE1 - FRANCISCA IVANISE CARVALHO FERNANDES,CARLOS DAVID PEREIRA MENDONCA,Feirão Pontual - 3 Feirões,Fernanda Souza,Fernanda Souza,13,Até 20,26/08/2026,Até 15 dias,PAGA
43274400000106,RR VEICULOS,Revenda Multimarcas,NO1 - MARCOS WILLIAM MAIA LEMES JUNIOR,JOAO PEDRO DE BRITO SOUZA,Feirão Pontual - 3 Feirões,,,0,Sem Estoque,,Nunca atualizou,PAGA
43298024000181,Autogiu consórcios e veículos ltda,Revenda Multimarcas,CO1 - NADIA JAMAYARA CARDOSO PRIMO,Loysa Renata Cordeiro de Souza,Feirão Pontual - 3 Feirões,Tatiane Silva,Renan Winterink,39,Até 50,27/08/2026,Até 15 dias,1 PARC ATRASO
43328869000172,A D G COMERCIO DE VEICULOS MULTIMARCAS LTDA,RevendaCarro,SP7 - FLAVIA DE FATIMA CORREA,Wesley Henrique Costa,FEIRÃO SETEMBRO - M,Juliana Grande,Juliana Grande,19,Até 20,21/06/2023,Acima de 90 dias,PENDENTE_ACEITE
43386209000148,VB VEICULOS MULTIMARCAS,Revenda Multimarcas,SPINT5 - EDILSON BERNAL MOLEIRO,Anderson Salomao de Moraes,Feirão Pontual - 3 Feirões,Juliana Grande,Juliana Grande,18,Até 20,21/08/2026,Até 15 dias,PAGA
43394189000157,UNI VEICULOS LTDA,RevendaCarro,SPINT1 - CHRISTIANE LOPES,DANIELLE RODRIGUES PIMENTEL,FEIRÃO SETEMBRO - P,Juliana Grande,Juliana Grande,14,Até 20,16/01/2025,Acima de 90 dias,PAGA
4340339000198,EKS Auto Prime,Revenda Multimarcas,SC2 - FABIANO HEIL DIAS,Felipe Ronchi,Feirão Pontual - Feirão Setembro,Gabriel Pereira,Renan Winterink,0,Sem Estoque,,Nunca atualizou,PAGA
43435549000111,EUROPA MOTORS,RevendaCarro,NO2 - LUIZ CLAUDIO DA PALMA DE ALMEIDA MAIA,Ana Maria Walfredo Neves,FEIRÃO SETEMBRO - P,Fernanda Souza,Fernanda Souza,0,Sem Estoque,,Nunca atualizou,PAGA
43477531000182,FB MULTIMARCAS LTDA,Revenda Multimarcas,NE2 - TASSIA CAMILA GOMES DE OLIVEIRA,Carlos Eduardo Locio Rosado,Feirão Pontual - 3 Feirões,Ruana Figueroa,Fernanda Souza,4,Até 5,17/12/2024,Acima de 90 dias,2 PARC ATRASO
43510432000155,Denner Car,Revenda Multimarcas,MG1 - DOUGLAS HENRIQUE FERREIRA,Wesley Paulo Gonçalves,Feirão Pontual - 3 Feirões,Ludmila Martins,Renan Winterink,34,Até 50,29/08/2026,Até 15 dias,PAGA
43532615000171,AMC VEÍCULOS MULTIMARCAS LTDA,Revenda Multimarcas,SC1 - ELIANE DA SILVEIRA,CLICIA SOUZA DOS SANTOS,Feirão Pontual - Feirão Setembro,Gabriel Pereira,Renan Winterink,0,Sem Estoque,29/07/2025,Acima de 90 dias,PAGA
43542978000198,TILLI CARROS COM DE VEIC LTDA,Revenda Multimarcas,NE2 - TASSIA CAMILA GOMES DE OLIVEIRA,Cinthya Wallenska Castro Cunha de Moura,Feirão Pontual - 3 Feirões,Ruana Figueroa,Fernanda Souza,6,Até 10,12/08/2026,Até 30 dias,3 PARC ATRASO
43607313000115,Leo multimarcas comercio de veículos,RevendaCarro,SP5 - STEPHANIE REIS,Juliane Aparecida do Nascimento Alves,FEIRÃO SETEMBRO - P,Andre Souza,Luana Mota,0,Sem Estoque,,Nunca atualizou,PAGA
43615329000170,THIAGO MOTOS MULTIMARCAS,RevendaMoto,SE1 - BRUNO NOGUEIRA MARTINS,Fabio Agnolet,FEIRÃO SETEMBRO - P,Ludmila Martins,Renan Winterink,0,Sem Estoque,,Nunca atualizou,PAGA
43639042000180,DJ COMERCIO DE VEÍCULOS LTDA,Revenda Multimarcas,NE2 - TASSIA CAMILA GOMES DE OLIVEIRA,João Victor Vicente dos Santos,Feirão Pontual - 3 Feirões,Ruana Figueroa,Fernanda Souza,15,Até 20,29/08/2026,Até 15 dias,PAGA
43641021000107,FILHO CAR,Revenda Multimarcas,NE1 - FRANCISCA IVANISE CARVALHO FERNANDES,CARLOS DAVID PEREIRA MENDONCA,Feirão Pontual - 3 Feirões,Fernanda Souza,Fernanda Souza,0,Sem Estoque,08/06/2026,61 a 90 dias,4 PARC ATRASO
4364567000106,Star Motos,ConcessionariaMoto,SE1 - BRUNO NOGUEIRA MARTINS,anny bianca ferreira cruz,FEIRÃO SETEMBRO - P,Ludmila Martins,Renan Winterink,0,Sem Estoque,,Nunca atualizou,PAGA
43652366000158,GD-CAR AUTOMOVEIS,Revenda Multimarcas,SC2 - FABIANO HEIL DIAS,Adriana Oliveira da Silva Pereira,Feirão Pontual - 3 Feirões,Gabriel Pereira,Renan Winterink,5,Até 5,15/05/2026,Acima de 90 dias,PAGA
43705241000149,Canal do Carro,RevendaCarro,SPINT1 - CHRISTIANE LOPES,Walter Andrade Marinho Filho,FEIRÃO SETEMBRO - M,Juliana Grande,Juliana Grande,0,Sem Estoque,,Nunca atualizou,PAGA
43791673000209,CARLÃO VEICULOS,RevendaCarro,NO1 - MARCOS WILLIAM MAIA LEMES JUNIOR,MARCOS AZAMBUJA,FEIRÃO SETEMBRO - P,,,0,Sem Estoque,,Nunca atualizou,PENDENTE_ACEITE
43801606000139,ASFOR AUTOS CORRETORA DE VEÍCULOS LTDA,RevendaCarro,NE1 - FRANCISCA IVANISE CARVALHO FERNANDES,JONATHAN JOSENIR DA SILVA LIMA,FEIRÃO SETEMBRO - M,Fernanda Souza,Fernanda Souza,0,Sem Estoque,,Nunca atualizou,PAGA
43826259000107,LEAO MOTORS REVENDEDORA DE VEICULOS LTDA,RevendaCarro,SP3 - EDWARD PEREZ CAMPOS,Fernanda Ramos Donato,FEIRÃO SETEMBRO - M,Luana Marques,Juliana Grande,0,Sem Estoque,,Nunca atualizou,PAGA
43853675000196,Elllen Fabiane Silva Ltda,RevendaCarro,SPINT3 - FABIO YOSHIKAZU TANIGUTI,Marlei Roncada,FEIRÃO SETEMBRO - M,Andre Souza,Luana Mota,0,Sem Estoque,,Nunca atualizou,PAGA
43858808000117,DS AUTOMOVEIS,Revenda Multimarcas,SC1 - ELIANE DA SILVEIRA,IZADORA GERALDO DE MEDEIROS,Feirão Pontual - 3 Feirões,Gabriel Pereira,Renan Winterink,0,Sem Estoque,,Nunca atualizou,PAGA
43880927000176,PREMIUM COMERCIO DE VEICULOS LTDA,Revenda Multimarcas,MG1 - DOUGLAS HENRIQUE FERREIRA,EVERSON GARCIA VIEIRA,Feirão Pontual - 3 Feirões,Ludmila Martins,Renan Winterink,15,Até 20,15/05/2026,Acima de 90 dias,PAGA
43883734000179,Domine Motors LTDA,RevendaCarro,SP5 - STEPHANIE REIS,Gustavo Pelosini Alves,FEIRÃO SETEMBRO - M,Andre Souza,Luana Mota,0,Sem Estoque,,Nunca atualizou,PAGA
43885008000195,LUAN VEICULOS,RevendaCarro,NE2 - TASSIA CAMILA GOMES DE OLIVEIRA,KLINGER VALERIO NUNES SILVA,FEIRÃO SETEMBRO - M,Ruana Figueroa,Fernanda Souza,0,Sem Estoque,,Nunca atualizou,AGUARDANDO_PAGAMENTO
43890315000164,VARELA MULTIMARCAS LTDA,Revenda Multimarcas,SC2 - FABIANO HEIL DIAS,Janaina Regina Dalberto,Feirão Pontual - Feirão Setembro,Gabriel Pereira,Renan Winterink,5,Até 5,19/05/2026,Acima de 90 dias,PAGA
43913817000163,M C VEICULOS,RevendaCarro,NE3 - PAULO AMERICO LEMOS DE SEIXAS FILHO,ELISIA NATALY LIMA MARTINS BARROS,FEIRÃO SETEMBRO - P,Fernanda Souza,Fernanda Souza,0,Sem Estoque,,Nunca atualizou,PAGA
4394739000186,AUTO NEWTON COMERCIO DE VEICULOS LTDA,RevendaCarro,SP5 - STEPHANIE REIS,NUBIA IRES COSTA,FEIRÃO SETEMBRO - M,Andre Souza,Luana Mota,78,Até 100,28/08/2026,Até 15 dias,PAGA
44016305000167,espindola carros ltda,Revenda Multimarcas,SC2 - FABIANO HEIL DIAS,rafael waldrich eirof,Feirão Pontual - Feirão Setembro,Gabriel Pereira,Renan Winterink,40,Até 50,27/08/2026,Até 15 dias,AGUARDANDO_PAGAMENTO
44025411000107,Guilherme Veiculos,RevendaMoto,SE1 - BRUNO NOGUEIRA MARTINS,Vinicius da Silva Rodrigues,FEIRÃO SETEMBRO - P,Ludmila Martins,Renan Winterink,0,Sem Estoque,,Nunca atualizou,PAGA
44050881000120,Premium Comercio de Veiculos Novos e Usados Ltda,Revenda Multimarcas,NO2 - LUIZ CLAUDIO DA PALMA DE ALMEIDA MAIA,Renata Marinho Lopes,Feirão Pontual - 3 Feirões,Fernanda Souza,Fernanda Souza,6,Até 10,30/07/2026,31 a 60 dias,PAGA
44101984000172,Jhon veiculos,Revenda Multimarcas,NE2 - TASSIA CAMILA GOMES DE OLIVEIRA,José Romário Feitosa dos Santos,Feirão Pontual - 3 Feirões,Ruana Figueroa,Fernanda Souza,0,Sem Estoque,22/07/2025,Acima de 90 dias,5 PARC ATRASO
44450044000199,NORTAO COMERCIO DE VEICULOS LTDA,RevendaCarro,NO2 - LUIZ CLAUDIO DA PALMA DE ALMEIDA MAIA,RENATA LOPES,FEIRÃO SETEMBRO - P,Fernanda Souza,Fernanda Souza,20,Até 20,08/10/2024,Acima de 90 dias,PAGA
44457343000155,AVANTE COMERCIO DE VEICULOS SOROCABA LTDA,RevendaCarro,SPINT5 - EDILSON BERNAL MOLEIRO,Fabio messias furquim,FEIRÃO SETEMBRO - P,Juliana Grande,Juliana Grande,8,Até 10,27/05/2025,Acima de 90 dias,PAGA
44494822000141,New Credi,Revenda Multimarcas,CO1 - NADIA JAMAYARA CARDOSO PRIMO,Keila Rosecler Bispo Matos,Feirão Pontual - 2 Feirões,Tatiane Silva,Renan Winterink,0,Sem Estoque,,Nunca atualizou,AGUARDANDO_PAGAMENTO
44502298000103,Auto + Seminovos,Revenda Multimarcas,SC1 - ELIANE DA SILVEIRA,Cynthia Fernandes Moura,Feirão Pontual - 3 Feirões,Gabriel Pereira,Renan Winterink,41,Até 50,31/08/2026,Até 15 dias,PAGA
44556814000182,FERREIRA AUTOMOVEIS LTDA,RevendaCarro,SC2 - FABIANO HEIL DIAS,Janaina Regina Dalberto,FEIRÃO SETEMBRO - P,Gabriel Pereira,Renan Winterink,0,Sem Estoque,,Nunca atualizou,PAGA
44612322000167,JP7 Veiculos,RevendaCarro,RS1 - DAIANE DOS SANTOS CORREA,Carlos Eduardo,FEIRÃO SETEMBRO - P,Bruna de Paula,Renan Winterink,0,Sem Estoque,,Nunca atualizou,PAGA
44619582000164,MARCOS ANTONIO LOPES DE CASTRO,Revenda Multimarcas,NE1 - FRANCISCA IVANISE CARVALHO FERNANDES,ANTONIO WANDESON DUARTE PEREIRA,Feirão Pontual - Feirão Setembro,Fernanda Souza,Fernanda Souza,17,Até 20,27/08/2026,Até 15 dias,PAGA
44806276000137,G12 COMERCIO DE VEICULOS LTDA,RevendaCarro,CO2 - THEONILO GONCALINO DE ALMEIDA,Silvestre Fernandes da Silva,FEIRÃO SETEMBRO - P,Tatiane Silva,Renan Winterink,0,Sem Estoque,,Nunca atualizou,PAGA
44950266000170,NM5 SELECT CAR,Revenda Multimarcas,SC1 - ELIANE DA SILVEIRA,Marcello Lima de Mello,Feirão Pontual - Feirão Setembro,Gabriel Pereira,Renan Winterink,0,Sem Estoque,,Nunca atualizou,PAGA
45014571000113,NAPOLI CAR MULTIMARCAS LTDA,RevendaCarro,MG1 - DOUGLAS HENRIQUE FERREIRA,Ana Carolina Florência Pinto,FEIRÃO SETEMBRO - M,Ludmila Martins,Renan Winterink,0,Sem Estoque,,Nunca atualizou,PENDENTE_ACEITE
45095898000167,Reis Multimarcas LTDA,RevendaCarro,SC1 - ELIANE DA SILVEIRA,Tauan da Rosa Teixeira,FEIRÃO SETEMBRO - M,Gabriel Pereira,Renan Winterink,0,Sem Estoque,,Nunca atualizou,PAGA
45104356000103,NORTE VEICULOS LTDA,RevendaCarro,NO2 - LUIZ CLAUDIO DA PALMA DE ALMEIDA MAIA,DANIEL EPAMINONDAS  LOPES MARTINS,FEIRÃO SETEMBRO - M,Fernanda Souza,Fernanda Souza,0,Sem Estoque,,Nunca atualizou,PENDENTE_ACEITE
45121759000160,KAROLAYNE MERCES DO NASCIMENTO DUARTE,RevendaCarro,NE2 - TASSIA CAMILA GOMES DE OLIVEIRA,ANTONIO MARCOS DA SILVA NOBREGA,FEIRÃO SETEMBRO - P,Ruana Figueroa,Fernanda Souza,5,Até 5,28/06/2024,Acima de 90 dias,PAGA
45161159000126,V12 AUTOFACIL,RevendaCarro,SPINT4 - VINICIUS THIAGO PINHEIRO DOS SANTOS,RENAN FELIPE DE OLIVEIRA CHIARI,FEIRÃO SETEMBRO - M,Juliana Grande,Juliana Grande,0,Sem Estoque,,Nunca atualizou,PENDENTE_ACEITE
45201995000197,YANKE REPASSE MG,RevendaCarro,MG1 - DOUGLAS HENRIQUE FERREIRA,ALBE RICARDO MICHETTE RAMOS,FEIRÃO SETEMBRO - M,Ludmila Martins,Renan Winterink,78,Até 100,31/08/2026,Até 15 dias,PENDENTE_ACEITE
4523182000136,MEGA FACIL LTDA,Revenda Multimarcas,SC1 - ELIANE DA SILVEIRA,EVERTON MATEUS MARCZINSKI,Feirão Pontual - 2 Feirões,Gabriel Pereira,Renan Winterink,0,Sem Estoque,,Nunca atualizou,PAGA
45251755000105,MAISA EVANGELISTA DE LIMA LTDA,Revenda Multimarcas,NE2 - TASSIA CAMILA GOMES DE OLIVEIRA,eduardo ferreira chagas,Feirão Pontual - 3 Feirões,Ruana Figueroa,Fernanda Souza,1,Até 5,24/08/2026,Até 15 dias,PAGA
45263060000135,MASTERCLASS FIN & REFIN LTDA,RevendaCarro,SPINT5 - EDILSON BERNAL MOLEIRO,ELISANGELA FURQUIM LEMOS,FEIRÃO SETEMBRO - P,Juliana Grande,Juliana Grande,0,Sem Estoque,,Nunca atualizou,PAGA
45302299000177,GTS Motors,Revenda Multimarcas,SP3 - EDWARD PEREZ CAMPOS,Eduardo Felipe Faria,Feirão Pontual - 3 Feirões,Luana Marques,Juliana Grande,0,Sem Estoque,17/08/2026,Até 15 dias,3 PARC ATRASO
45320266000150,Anel seminovos,Revenda Multimarcas,MG1 - DOUGLAS HENRIQUE FERREIRA,Cristiane Coelho challub Figueiredo,Feirão Pontual - 3 Feirões,Ludmila Martins,Renan Winterink,27,Até 30,31/08/2026,Até 15 dias,PAGA
45343342000142,CG EMPREENDIMENTOS COMÉRCIO E SERVIÇOS LTDA,Revenda Multimarcas,NO2 - LUIZ CLAUDIO DA PALMA DE ALMEIDA MAIA,Milene Rodrigues,Feirão Pontual - 3 Feirões,Fernanda Souza,Fernanda Souza,17,Até 20,18/08/2026,Até 15 dias,PAGA
45351172000148,CITY VEICULOS LTDA,RevendaCarro,CO1 - NADIA JAMAYARA CARDOSO PRIMO,ALLAN FRANCISCO DE SOUSA PEREIRA,FEIRÃO SETEMBRO - P,Tatiane Silva,Renan Winterink,0,Sem Estoque,,Nunca atualizou,PAGA
4537353000186,Atual Veiculos,RevendaCarro,NO2 - LUIZ CLAUDIO DA PALMA DE ALMEIDA MAIA,RENATA LOPES,FEIRÃO SETEMBRO - P,Fernanda Souza,Fernanda Souza,0,Sem Estoque,,Nunca atualizou,PAGA
45449643000155,MORO MULTIMARCAS LTDA,RevendaCarro,SC1 - ELIANE DA SILVEIRA,Clicia Souza dos Santos,FEIRÃO SETEMBRO - P,Gabriel Pereira,Renan Winterink,0,Sem Estoque,,Nunca atualizou,PAGA
45459082000175,LUCAS MAIA DE OLIVEIRA AUTOMOVEIS,RevendaCarro,SPINT3 - FABIO YOSHIKAZU TANIGUTI,celso vinicius silva mendes,FEIRÃO SETEMBRO - M,Andre Souza,Luana Mota,0,Sem Estoque,,Nunca atualizou,PAGA
45459660000173,PLATAFORMA CAR SHOP LTDA,RevendaCarro,SP3 - EDWARD PEREZ CAMPOS,LEANDRO PIGNATARI,FEIRÃO SETEMBRO - M,Luana Marques,Juliana Grande,5,Até 5,11/08/2026,Até 30 dias,PENDENTE_ACEITE
45494613000160,Vitor multimarcas,Revenda Multimarcas,SP5 - STEPHANIE REIS,Juliane Aparecida do Nascimento Alves,Feirão Pontual - Feirão Setembro,Andre Souza,Luana Mota,0,Sem Estoque,20/05/2026,Acima de 90 dias,PAGA
45495310000162,Strincar Veiculos Ltda,Revenda Multimarcas,SC2 - FABIANO HEIL DIAS,Rafael Carvalho Nunes,Feirão Pontual - 3 Feirões,Gabriel Pereira,Renan Winterink,34,Até 50,24/08/2026,Até 15 dias,PAGA
45561480000106,FABB COMERCIO E SERVICOS DE VEICULOS LTDA,RevendaCarro,NE2 - TASSIA CAMILA GOMES DE OLIVEIRA,ANTONIO MARCOS DA SILVA NOBREGA,FEIRÃO SETEMBRO - P,Ruana Figueroa,Fernanda Souza,39,Até 50,31/08/2026,Até 15 dias,PAGA
45569333000174,Guiacar multimarcas,Revenda Multimarcas,SC1 - ELIANE DA SILVEIRA,Ana Paula Tachinski Cardoso,Feirão Pontual - 2 Feirões,Gabriel Pereira,Renan Winterink,2,Até 5,21/05/2026,Acima de 90 dias,PAGA
45584987000177,DANIEL VEÍCULOS,RevendaCarro,NE1 - FRANCISCA IVANISE CARVALHO FERNANDES,PAULO DE MORAES ALCÂNTARA,FEIRÃO SETEMBRO - M,Fernanda Souza,Fernanda Souza,14,Até 20,20/05/2026,Acima de 90 dias,PAGA
45618572000177,GT MOTORS COMERCIO DE VEICULOS LTDA,RevendaCarro,SPINT4 - VINICIUS THIAGO PINHEIRO DOS SANTOS,emanuelle machi da costa,FEIRÃO SETEMBRO - M,Juliana Grande,Juliana Grande,0,Sem Estoque,,Nunca atualizou,PAGA
45698956000147,GP VEICULOS LTDA,RevendaCarro,PR1 - DOUGLAS INÁCIO DA SILVA,GUILHERME VOLNEI KOLC ROCHA,FEIRÃO SETEMBRO - G,Lucynara Ochiai,Renan Winterink,11,Até 20,25/08/2026,Até 15 dias,PAGA
45704557000141,Rota 66 bh ltda,Revenda Multimarcas,MG1 - DOUGLAS HENRIQUE FERREIRA,Gilbert Santos de Oliveira,Feirão Pontual - 3 Feirões,Ludmila Martins,Renan Winterink,58,Até 100,31/08/2026,Até 15 dias,2 PARC ATRASO
45712467000100,R S VIEIRA CORRETAGEM,RevendaCarro,NE1 - FRANCISCA IVANISE CARVALHO FERNANDES,Karina Araujo Ramalho,FEIRÃO SETEMBRO - P,Fernanda Souza,Fernanda Souza,0,Sem Estoque,,Nunca atualizou,PAGA
45717532000182,M CAR MULTIMARCAS,Revenda Multimarcas,NO1 - MARCOS WILLIAM MAIA LEMES JUNIOR,GLEYDSON RODRIGUES RIBEIRO DE ALMEIDA,Feirão Pontual - Feirão Setembro,,,0,Sem Estoque,,Nunca atualizou,PAGA
45718596000106,c14 comercio de veiculos ltda,RevendaCarro,SPINT1 - CHRISTIANE LOPES,vinicius felipe bernardes de godoi,FEIRÃO SETEMBRO - M,Juliana Grande,Juliana Grande,0,Sem Estoque,,Nunca atualizou,PAGA
45733898000145,Rota 408 Veículos,Revenda Multimarcas,NE2 - TASSIA CAMILA GOMES DE OLIVEIRA,Cláudio Gonçalves Soutinho,Feirão Pontual - 3 Feirões,Ruana Figueroa,Fernanda Souza,9,Até 10,03/06/2026,61 a 90 dias,4 PARC ATRASO
4574854000132,NETO NEVES & CIA . LTDA,RevendaCarro,SE1 - BRUNO NOGUEIRA MARTINS,Guilherme Duarte Sabir,FEIRÃO SETEMBRO - M,Ludmila Martins,Renan Winterink,0,Sem Estoque,12/11/2021,Acima de 90 dias,PAGA
45759962000167,G. P. MOTORS VEICULOS LTDA,RevendaCarro,SPINT4 - VINICIUS THIAGO PINHEIRO DOS SANTOS,Fabio de Oliveira Barbosa Junior,FEIRÃO SETEMBRO - P,Juliana Grande,Juliana Grande,0,Sem Estoque,,Nunca atualizou,PAGA
45820168000181,FERREIRA E SANTOS MULTIMARCAS,RevendaCarro,SP7 - FLAVIA DE FATIMA CORREA,Raul lincoln de mello euzebio,FEIRÃO SETEMBRO - M,Juliana Grande,Juliana Grande,0,Sem Estoque,,Nunca atualizou,AGUARDANDO_PAGAMENTO
45844556001174,AUTO JAPAN,Concessionária,MG1 - DOUGLAS HENRIQUE FERREIRA,Victor Costa Dias,Feirão Pontual - 3 Feirões,Ludmila Martins,Renan Winterink,17,Até 20,28/08/2026,Até 15 dias,2 PARC ATRASO
45872796000100,BIG VEICULOS LTDA,RevendaCarro,NE2 - TASSIA CAMILA GOMES DE OLIVEIRA,Jacinto Silva Ferreira,FEIRÃO SETEMBRO - P,Ruana Figueroa,Fernanda Souza,0,Sem Estoque,,Nunca atualizou,PENDENTE_ACEITE
45928221000162,Cargill Seminovos,Revenda Multimarcas,SC1 - ELIANE DA SILVEIRA,Edivaldo Alves Ferreira de Sousa,Feirão Pontual - 3 Feirões,Gabriel Pereira,Renan Winterink,32,Até 50,31/08/2026,Até 15 dias,PAGA
46027334000150,NEXAUTO MOTORS LTDA,Revenda Multimarcas,CO1 - NADIA JAMAYARA CARDOSO PRIMO,Jeferson wellinton cavalcante Matos,Feirão Pontual - 3 Feirões,Tatiane Silva,Renan Winterink,26,Até 30,31/08/2026,Até 15 dias,2 PARC ATRASO
46051947000122,BOM PASTOR VEICULOS LTDA,Revenda Multimarcas,SE1 - BRUNO NOGUEIRA MARTINS,Vitor Martins Vale Menezes,Feirão Pontual - Feirão Setembro,Ludmila Martins,Renan Winterink,15,Até 20,17/08/2026,Até 15 dias,PAGA
46073392000110,SMART VEICULOS,Revenda Multimarcas,CO1 - NADIA JAMAYARA CARDOSO PRIMO,Tiago da Cunha Alves,Feirão Pontual - 3 Feirões,Tatiane Silva,Renan Winterink,28,Até 30,05/08/2026,Até 30 dias,PAGA
46082926000174,GARAGE MULTIMARCAS 01 LTDA,RevendaCarro,SC2 - FABIANO HEIL DIAS,Janaina Regina Dalberto,FEIRÃO SETEMBRO - P,Gabriel Pereira,Renan Winterink,0,Sem Estoque,,Nunca atualizou,AGUARDANDO_PAGAMENTO
46083352000159,AGILLI VEICULOS INTERMEDIAÇÕES RASTREAMENTO E MONITORAMENTO LTDA,Revenda Multimarcas,NE3 - PAULO AMERICO LEMOS DE SEIXAS FILHO,Tiago Oliveira da Franca,Feirão Pontual - 3 Feirões,Fernanda Souza,Fernanda Souza,80,Até 100,29/08/2026,Até 15 dias,PAGA
46125651000109,Baruk Multimarcas Ltda,Revenda Multimarcas,SPINT2 - MARCELO DE SOUSA CAETANO,ANNDRE DOS SANTOS,Feirão Pontual - 3 Feirões,Juliana Grande,Juliana Grande,0,Sem Estoque,24/08/2026,Até 15 dias,PAGA
46142723000126,EPC automóveis,RevendaCarro,SPINT2 - MARCELO DE SOUSA CAETANO,Paula Scavarielo Trento,FEIRÃO SETEMBRO - P,Juliana Grande,Juliana Grande,0,Sem Estoque,,Nunca atualizou,PENDENTE_ACEITE
46229425000178,OMEGA VEICULOS BH LTDA,Revenda Multimarcas,MG1 - DOUGLAS HENRIQUE FERREIRA,WESLEY PAULO GONCALVES,Feirão Pontual - 3 Feirões,Ludmila Martins,Renan Winterink,29,Até 30,31/08/2026,Até 15 dias,2 PARC ATRASO
46310672000102,Auto Melo veículos,RevendaCarro,MG1 - DOUGLAS HENRIQUE FERREIRA,Vinicius José,FEIRÃO SETEMBRO - P,Ludmila Martins,Renan Winterink,0,Sem Estoque,,Nunca atualizou,PAGA
46400393000121,THIAGO MOREIRA DIAS,RevendaCarro,SPINT2 - MARCELO DE SOUSA CAETANO,Mario Paulo Villa Scaff,FEIRÃO SETEMBRO - P,Juliana Grande,Juliana Grande,0,Sem Estoque,,Nunca atualizou,PAGA
46442016000155,NOTARO MOTORS,RevendaCarro,SPINT5 - EDILSON BERNAL MOLEIRO,Carlos Alberto Rosa,FEIRÃO SETEMBRO - P,Juliana Grande,Juliana Grande,8,Até 10,18/08/2026,Até 15 dias,PAGA
46496221000101,DRUMOND MOTORS COMERCIO DE VEICULOS LTDA.,RevendaCarro,MG1 - DOUGLAS HENRIQUE FERREIRA,WESLEY PAULO GONCALVES,FEIRÃO SETEMBRO - M,Ludmila Martins,Renan Winterink,0,Sem Estoque,13/02/2026,Acima de 90 dias,AGUARDANDO_PAGAMENTO
46539774000196,Cap Motors LTDA,Revenda Multimarcas,SPINT2 - MARCELO DE SOUSA CAETANO,Rogerio Andre Torello,Feirão Pontual - 3 Feirões,Juliana Grande,Juliana Grande,97,Até 100,30/08/2026,Até 15 dias,PAGA
46601546000107,AUTOBAHN CORRETAGEM DE VEICULOS USADOS LTDA,RevendaCarro,NE1 - FRANCISCA IVANISE CARVALHO FERNANDES,Karina Araujo Ramalho,FEIRÃO SETEMBRO - P,Fernanda Souza,Fernanda Souza,0,Sem Estoque,,Nunca atualizou,PENDENTE_ACEITE
46619129000183,144 Motors LTDA,RevendaCarro,SPINT2 - MARCELO DE SOUSA CAETANO,Luiz Henrique Jardim Bomfá Rodrigues,FEIRÃO SETEMBRO - M,Juliana Grande,Juliana Grande,1,Até 5,02/10/2025,Acima de 90 dias,PAGA
4665518000103,Proaldo Veículos e Produções LTDA,RevendaCarro,NE3 - PAULO AMERICO LEMOS DE SEIXAS FILHO,Maria Iolanda dos Santos Rolemberg,FEIRÃO SETEMBRO - P,Fernanda Souza,Fernanda Souza,8,Até 10,20/08/2026,Até 15 dias,PAGA
46723522000112,VIANA VEICULOS,RevendaCarro,RS1 - DAIANE DOS SANTOS CORREA,Camila Ramires,FEIRÃO SETEMBRO - P,Bruna de Paula,Renan Winterink,27,Até 30,28/08/2026,Até 15 dias,PAGA
46730959000183,D' SA MULTIMARCAS LTDA,Revenda Multimarcas,CO2 - THEONILO GONCALINO DE ALMEIDA,CHRISLEY MIRANDA SILVA,Feirão Pontual - 3 Feirões,Tatiane Silva,Renan Winterink,0,Sem Estoque,,Nunca atualizou,PAGA
46769308000105,AMERICA AUTOMOVEIS LTDA,RevendaCarro,PR2 - MARIA INES ANTUNES,Peterson Antônio Oliveira Firmino,FEIRÃO SETEMBRO - P,Lucynara Ochiai,Renan Winterink,39,Até 50,19/08/2026,Até 15 dias,PAGA
46864357000119,REI VEICULOS,Revenda Multimarcas,NO2 - LUIZ CLAUDIO DA PALMA DE ALMEIDA MAIA,MILENE RODRIGUES,Feirão Pontual - 3 Feirões,Fernanda Souza,Fernanda Souza,12,Até 20,12/08/2026,Até 30 dias,1 PARC ATRASO
46876308000104,MJ CARS,Revenda Multimarcas,SP4 - TIAGO FLORIANO OLIVEIRA,Victoria Barreiro,Feirão Pontual - 3 Feirões,Luana Marques,Juliana Grande,165,Acima 101,31/08/2026,Até 15 dias,PAGA
46901827000177,NOBRE VEICULOS,RevendaCarro,SC2 - FABIANO HEIL DIAS,Marlon José Zaranski,FEIRÃO SETEMBRO - M,Gabriel Pereira,Renan Winterink,0,Sem Estoque,,Nunca atualizou,PAGA
4693771000162,Via Brasil veículos Ltda,Revenda Multimarcas,NO1 - MARCOS WILLIAM MAIA LEMES JUNIOR,Marcos William Maia Lemos Júnior,Feirão Pontual - 3 Feirões,,,0,Sem Estoque,17/01/2022,Acima de 90 dias,4 PARC ATRASO
4697343000108,HF MULTIMARCAS,Revenda Multimarcas,MG1 - DOUGLAS HENRIQUE FERREIRA,João Victor Resende Silva,Feirão Pontual - 3 Feirões,Ludmila Martins,Renan Winterink,85,Até 100,31/08/2026,Até 15 dias,1 PARC ATRASO
46988783000164,GM Motors,RevendaCarro,MG1 - DOUGLAS HENRIQUE FERREIRA,Elaine Cristiana Moreira Dias,2 FEIROES - P,Ludmila Martins,Renan Winterink,4,Até 5,31/08/2026,Até 15 dias,PAGA
46993324000179,RAASCH VEÍCULOS,Revenda Multimarcas,SE1 - BRUNO NOGUEIRA MARTINS,Diego Timoteo Santos,Feirão Pontual - 3 Feirões,Ludmila Martins,Renan Winterink,16,Até 20,20/06/2026,61 a 90 dias,PAGA
47006414000191,PREMIUM VEICULOS,RevendaCarro,CO1 - NADIA JAMAYARA CARDOSO PRIMO,GENIVAL CRUZ,FEIRÃO SETEMBRO - P,Tatiane Silva,Renan Winterink,0,Sem Estoque,,Nunca atualizou,PENDENTE_ACEITE
47007022000147,C&L COMERCIO DE VEICULOS,RevendaCarro,NE1 - FRANCISCA IVANISE CARVALHO FERNANDES,luiz thyago,FEIRÃO SETEMBRO - M,Fernanda Souza,Fernanda Souza,0,Sem Estoque,,Nunca atualizou,PENDENTE_ACEITE
47106635000131,Autostock repasse de veículos ltda,Revenda Multimarcas,SPINT2 - MARCELO DE SOUSA CAETANO,Paula do prado Scavariello trento,Feirão Pontual - 3 Feirões,Juliana Grande,Juliana Grande,35,Até 50,22/04/2025,Acima de 90 dias,PAGA
47150649000152,RD Motors intermediações compra e venda de veículos,Revenda Multimarcas,SP7 - FLAVIA DE FATIMA CORREA,Tabata Regina Pereira Lima,Feirão Pontual - Feirão Setembro,Juliana Grande,Juliana Grande,0,Sem Estoque,29/07/2025,Acima de 90 dias,AGUARDANDO_PAGAMENTO
47169391000136,Primecar Automoveis,Revenda Multimarcas,SC2 - FABIANO HEIL DIAS,Mayara Caroline Neis,Feirão Pontual - Feirão Setembro,Gabriel Pereira,Renan Winterink,0,Sem Estoque,,Nunca atualizou,PAGA
47206919000108,VIA CAR MULTIMARCAS LTDA,RevendaCarro,CO1 - NADIA JAMAYARA CARDOSO PRIMO,Gustavo Isac Rosa,2 FEIROES - P,Tatiane Silva,Renan Winterink,0,Sem Estoque,27/09/2025,Acima de 90 dias,PAGA
47215607000152,Gold car automóveis,RevendaCarro,SE1 - BRUNO NOGUEIRA MARTINS,Bruno Rubim Nobre,FEIRÃO SETEMBRO - M,Ludmila Martins,Renan Winterink,0,Sem Estoque,,Nunca atualizou,PENDENTE_ACEITE
47216945000109,GARAGE 56 MULTIMARCAS LOJA DE VEICULOS LTDA,RevendaCarro,PR1 - DOUGLAS INÁCIO DA SILVA,Josiane Spognollo,FEIRÃO SETEMBRO - P,Lucynara Ochiai,Renan Winterink,19,Até 20,11/08/2026,Até 30 dias,PAGA
47240584000136,GTS MOTORS CATANDUVA LTDA,RevendaCarro,SPINT3 - FABIO YOSHIKAZU TANIGUTI,Lucilaine Pericoco de Melo,FEIRÃO SETEMBRO - P,Andre Souza,Luana Mota,45,Até 50,19/08/2026,Até 15 dias,PAGA
47246577000222,BENEDET COMERCIO DE VEICULOS,Revenda Multimarcas,SC1 - ELIANE DA SILVEIRA,TAUAN DA ROSA TEIXEIRA,Feirão Pontual - 3 Feirões,Gabriel Pereira,Renan Winterink,0,Sem Estoque,18/05/2026,Acima de 90 dias,PAGA
47247703000182,L. C. DE SOUSA LTDA,RevendaCarro,CO2 - THEONILO GONCALINO DE ALMEIDA,Nilson De Caldas Nascimento,FEIRÃO SETEMBRO - M,Tatiane Silva,Renan Winterink,0,Sem Estoque,,Nunca atualizou,PENDENTE_ACEITE
47280299000149,FERRAZ VEICULOS LTDA,Revenda Multimarcas,SC1 - ELIANE DA SILVEIRA,Tauan da Rosa Teixeira,Feirão Pontual - Feirão Setembro,Gabriel Pereira,Renan Winterink,1,Até 5,07/08/2026,Até 30 dias,PAGA
47332175000160,J D VEICULO LTDA,Revenda Multimarcas,MG1 - DOUGLAS HENRIQUE FERREIRA,NEIDE TOMAZ DA COSTA,Feirão Pontual - Feirão Setembro,Ludmila Martins,Renan Winterink,0,Sem Estoque,,Nunca atualizou,PAGA
473685000193,Batista Veículos,RevendaCarro,SE1 - BRUNO NOGUEIRA MARTINS,Jefferson Lazaro de Souza,FEIRÃO SETEMBRO - M,Ludmila Martins,Renan Winterink,0,Sem Estoque,,Nunca atualizou,PAGA
47387280000104,LIDER VEICULOS,RevendaCarro,NE3 - PAULO AMERICO LEMOS DE SEIXAS FILHO,Solange Macedo de oliveira,FEIRÃO SETEMBRO - P,Fernanda Souza,Fernanda Souza,0,Sem Estoque,,Nunca atualizou,AGUARDANDO_PAGAMENTO
47463602000149,Thiago veículos,Revenda Multimarcas,NE2 - TASSIA CAMILA GOMES DE OLIVEIRA,José Romário Feitosa dos Santos,Feirão Pontual - 3 Feirões,Ruana Figueroa,Fernanda Souza,15,Até 20,29/08/2026,Até 15 dias,PAGA
47500730000115,A&R AUTOMOVEIS LTDA,Revenda Multimarcas,PR2 - MARIA INES ANTUNES,PETERSON ANTONIO OLIVEIRA FIRMINO,Feirão Pontual - Feirão Setembro,Lucynara Ochiai,Renan Winterink,34,Até 50,14/05/2026,Acima de 90 dias,PAGA
47583045000108,DM AUTO SANTOS LTDA,RevendaCarro,SPINT5 - EDILSON BERNAL MOLEIRO,veridiana furlani hummel dos santos,FEIRÃO SETEMBRO - P,Juliana Grande,Juliana Grande,0,Sem Estoque,,Nunca atualizou,PAGA
4760947000151,ESTACIONAMENTO AVENIDA DE OLIMPIA LTDA - ME,RevendaCarro,SPINT3 - FABIO YOSHIKAZU TANIGUTI,Luiz Antonio Alves Zara,FEIRÃO SETEMBRO - P,Andre Souza,Luana Mota,9,Até 10,20/05/2026,Acima de 90 dias,PAGA
47613785000131,AB3 MOTORS LTDA,RevendaCarro,SC2 - FABIANO HEIL DIAS,Felipe Ronchi,FEIRÃO SETEMBRO - P,Gabriel Pereira,Renan Winterink,23,Até 30,27/08/2026,Até 15 dias,AGUARDANDO_PAGAMENTO
47621026000110,V & F MOTORS LTDA,RevendaCarro,SPINT5 - EDILSON BERNAL MOLEIRO,caiqui cabral,FEIRÃO SETEMBRO - M,Juliana Grande,Juliana Grande,0,Sem Estoque,,Nunca atualizou,PAGA
47627871000101,EMS MOTORS LTDA,RevendaCarro,SPINT1 - CHRISTIANE LOPES,Camila da Silva,FEIRÃO SETEMBRO - M,Juliana Grande,Juliana Grande,0,Sem Estoque,,Nunca atualizou,AGUARDANDO_PAGAMENTO
47633199000159,Mx Comercio De Veiculos Ltda,Revenda Multimarcas,SC1 - ELIANE DA SILVEIRA,Fernanda Meinchein da Silva Pinheiro,Feirão Pontual - 3 Feirões,Gabriel Pereira,Renan Winterink,97,Até 100,31/08/2026,Até 15 dias,1 PARC ATRASO
47645482000109,TCHU CORRETORA DE SEGUROS E PROMOTORA DE CREDITO LTDA,RevendaCarro,SC1 - ELIANE DA SILVEIRA,THIAGO PADILHA BITENCOURT,FEIRÃO SETEMBRO - G,Gabriel Pereira,Renan Winterink,21,Até 30,29/08/2026,Até 15 dias,PAGA
47655729000160,CAMPOS & LIMA COMERCIO DE VEICULOS LTDA,RevendaCarro,SPINT2 - MARCELO DE SOUSA CAETANO,everton martins oliveira,FEIRÃO SETEMBRO - M,Juliana Grande,Juliana Grande,0,Sem Estoque,,Nunca atualizou,PENDENTE_ACEITE
47675811000156,Paludetti Automóveis,Revenda Multimarcas,SP8 - VAGO,Erika Mendes de Oliveira,Feirão Pontual - 3 Feirões,Juliana Grande,Juliana Grande,0,Sem Estoque,06/07/2026,31 a 60 dias,PAGA
47717121000112,R DOS SANTOS FERREIRA AUTOMOVEIS,Revenda Multimarcas,SPINT4 - VINICIUS THIAGO PINHEIRO DOS SANTOS,ROBERTO CESAR NICOLAU ARBEX,Feirão Pontual - Feirão Setembro,Juliana Grande,Juliana Grande,0,Sem Estoque,,Nunca atualizou,AGUARDANDO_PAGAMENTO
47748410000189,DNA PREMIUM MOTORS LTDA,RevendaCarro,NE3 - PAULO AMERICO LEMOS DE SEIXAS FILHO,Maria Iolanda dos Santos Rolemberg,FEIRÃO SETEMBRO - P,Fernanda Souza,Fernanda Souza,0,Sem Estoque,,Nunca atualizou,PAGA
4777606000199,Gihad Veículos Ltda,Revenda Multimarcas,SP4 - TIAGO FLORIANO OLIVEIRA,Renato Lourenço Vieira,Feirão Pontual - 3 Feirões,Luana Marques,Juliana Grande,46,Até 50,27/08/2026,Até 15 dias,PAGA
47793623000122,SILVEIRA & RICCI COMERCIO DE VEICULOS LTDA,RevendaCarro,SPINT4 - VINICIUS THIAGO PINHEIRO DOS SANTOS,Fabio de Oliveira Barbosa Junior,FEIRÃO SETEMBRO - P,Juliana Grande,Juliana Grande,0,Sem Estoque,,Nunca atualizou,PENDENTE_ACEITE
47818956000169,Eclipse Veiculos,Revenda Multimarcas,NE3 - PAULO AMERICO LEMOS DE SEIXAS FILHO,SIDNEI MIRANDA DE SOUSA,Feirão Pontual - 3 Feirões,Fernanda Souza,Fernanda Souza,0,Sem Estoque,03/08/2026,Até 30 dias,1 PARC ATRASO
47872109000182,SR CAR,RevendaCarro,MG1 - DOUGLAS HENRIQUE FERREIRA,Jean Edson de Simas Granito,FEIRÃO SETEMBRO - P,Ludmila Martins,Renan Winterink,0,Sem Estoque,,Nunca atualizou,AGUARDANDO_PAGAMENTO
47925076000191,JD VEICULOS E PECAS LTDA / JD VEICULOS,RevendaCarro,NE1 - FRANCISCA IVANISE CARVALHO FERNANDES,WILLIAM MORAIS LUCIO,FEIRÃO SETEMBRO - M,Fernanda Souza,Fernanda Souza,0,Sem Estoque,,Nunca atualizou,PAGA
47925423000186,SF Motors,Revenda Multimarcas,NE3 - PAULO AMERICO LEMOS DE SEIXAS FILHO,Marcos Luís Freitas de Santana,Feirão Pontual - 3 Feirões,Fernanda Souza,Fernanda Souza,123,Acima 101,28/08/2026,Até 15 dias,PAGA
47950590000187,C.S Motors,Revenda Multimarcas,SP4 - TIAGO FLORIANO OLIVEIRA,Gregory Nicholas Philip Ribeiro da Rosa,Feirão Pontual - Feirão Setembro,Luana Marques,Juliana Grande,0,Sem Estoque,26/09/2025,Acima de 90 dias,PAGA
47957648000114,Ideal veículos Ltda,Revenda Multimarcas,SE1 - BRUNO NOGUEIRA MARTINS,Joceir Lima Boechat,Feirão Pontual - Feirão Setembro,Ludmila Martins,Renan Winterink,0,Sem Estoque,,Nunca atualizou,PAGA
47965005000112,BCAR VEICULOS,Revenda Multimarcas,MG1 - DOUGLAS HENRIQUE FERREIRA,Vinicius José de Oliveira Alves,Feirão Pontual - 3 Feirões,Ludmila Martins,Renan Winterink,110,Acima 101,28/08/2026,Até 15 dias,PAGA
48019423000180,Excelente Automóveis,Revenda Multimarcas,SP3 - EDWARD PEREZ CAMPOS,Plinio Viani Rangel de Farias,Feirão Pontual - Feirão Setembro,Luana Marques,Juliana Grande,27,Até 30,31/08/2026,Até 15 dias,PAGA
4802448000180,VALCAR VEICULOS LTDA.,RevendaCarro,SP2 - LUIZ DE OLIVEIRA CRUZ,Aline Soares Cintra,2 FEIROES - G,Luana Mota,Luana Mota,69,Até 100,29/08/2026,Até 15 dias,PAGA
48063669000159,A. A. PACHECO LTDA,RevendaCarro,SPINT5 - EDILSON BERNAL MOLEIRO,José Raul Antunes,FEIRÃO SETEMBRO - P,Juliana Grande,Juliana Grande,0,Sem Estoque,,Nunca atualizou,AGUARDANDO_PAGAMENTO
48099324000155,An Comercio E Locacao De Veiculos Ltda,Revenda Multimarcas,NE1 - FRANCISCA IVANISE CARVALHO FERNANDES,Iann Gabriel Moreira de Souza,Feirão Pontual - 3 Feirões,Fernanda Souza,Fernanda Souza,0,Sem Estoque,09/05/2026,Acima de 90 dias,4 PARC ATRASO
48105459000186,RJ MOTORS REVENDA DE VEÍCULOS LTDA,Revenda Multimarcas,CO2 - THEONILO GONCALINO DE ALMEIDA,Bruno Marx Vilas Boas da Silva,Feirão Pontual - 3 Feirões,Tatiane Silva,Renan Winterink,0,Sem Estoque,02/06/2026,61 a 90 dias,PAGA
4810884000109,Honda Veiculos,RevendaCarro,SPINT4 - VINICIUS THIAGO PINHEIRO DOS SANTOS,ANTONIO MAMORU HONDA,FEIRÃO SETEMBRO - P,Juliana Grande,Juliana Grande,0,Sem Estoque,,Nunca atualizou,PAGA
48191024000100,THEODORA VEICULOS ITU LTDA,RevendaCarro,SPINT5 - EDILSON BERNAL MOLEIRO,José Raul Antunes,FEIRÃO SETEMBRO - P,Juliana Grande,Juliana Grande,0,Sem Estoque,,Nunca atualizou,PAGA
48193118000100,Auto Top Multimarcas,RevendaCarro,RS1 - DAIANE DOS SANTOS CORREA,Marcelo Goulart Steffen,FEIRÃO SETEMBRO - P,Bruna de Paula,Renan Winterink,2,Até 5,20/08/2026,Até 15 dias,PAGA
48221351000159,VPR MOTORS LTDA,Revenda Multimarcas,SP4 - TIAGO FLORIANO OLIVEIRA,Willian Desan dos Santos,Feirão Pontual - Feirão Setembro,Luana Marques,Juliana Grande,0,Sem Estoque,,Nunca atualizou,PAGA
48225451000153,GF motors,RevendaCarro,SPINT1 - CHRISTIANE LOPES,Tatiana de Sousa Abrão,FEIRÃO SETEMBRO - M,Juliana Grande,Juliana Grande,14,Até 20,29/08/2026,Até 15 dias,PAGA
48244962000112,V BACK AUTOS,Revenda Multimarcas,SC2 - FABIANO HEIL DIAS,Rafael Waldrich Eirof,Feirão Pontual - Feirão Setembro,Gabriel Pereira,Renan Winterink,0,Sem Estoque,,Nunca atualizou,PAGA
48248634000194,Leader prime comércio de veículos Ltda / stone veículos,RevendaCarro,CO2 - THEONILO GONCALINO DE ALMEIDA,adison costa deusdara,FEIRÃO SETEMBRO - P,Tatiane Silva,Renan Winterink,0,Sem Estoque,,Nunca atualizou,PENDENTE_ACEITE
48253062000131,BRASIL MOTORS,RevendaCarro,MG1 - DOUGLAS HENRIQUE FERREIRA,Rafael de lelis cordeiro silva,FEIRÃO SETEMBRO - M,Ludmila Martins,Renan Winterink,3,Até 5,29/08/2026,Até 15 dias,PAGA
48283181000137,EXCLUSIV MULTIMARCAS,Revenda Multimarcas,MG1 - DOUGLAS HENRIQUE FERREIRA,KAREN SABRINA NEVES DA SILVA,Feirão Pontual - Feirão Setembro,Ludmila Martins,Renan Winterink,0,Sem Estoque,,Nunca atualizou,AGUARDANDO_PAGAMENTO
48316872000190,RODRIGUES MARTINS VEICULOS LTDA,Revenda Multimarcas,CO1 - NADIA JAMAYARA CARDOSO PRIMO,SILVIO EURIPEDES CORREA JUNIOR,Feirão Pontual - Feirão Setembro,Tatiane Silva,Renan Winterink,0,Sem Estoque,,Nunca atualizou,PAGA
48326923000164,Compete Car Veiculos Ltda,Revenda Multimarcas,CO2 - THEONILO GONCALINO DE ALMEIDA,DHIULYA DA COSTA TORELLA,Feirão Pontual - 3 Feirões,Tatiane Silva,Renan Winterink,45,Até 50,28/08/2026,Até 15 dias,PAGA
48342963000108,DOUGLAS APARECIDO DE MELLO,RevendaCarro,SP3 - EDWARD PEREZ CAMPOS,Leandro Larsen Pignatari,FEIRÃO SETEMBRO - P,Luana Marques,Juliana Grande,55,Até 100,17/08/2026,Até 15 dias,AGUARDANDO_PAGAMENTO
48347463000150,DREAM MOTOS,Revenda Multimarcas,NE3 - PAULO AMERICO LEMOS DE SEIXAS FILHO,JEFFERSON DA SILVA TENORIO,Feirão Pontual - 3 Feirões,Fernanda Souza,Fernanda Souza,1,Até 5,19/06/2026,61 a 90 dias,PAGA
48363727000160,G A Veiculos,Revenda Multimarcas,NE1 - FRANCISCA IVANISE CARVALHO FERNANDES,Marinilda Martins costa e silva,Feirão Pontual - 3 Feirões,Fernanda Souza,Fernanda Souza,7,Até 10,20/05/2026,Acima de 90 dias,PAGA
48394641000102,ESCALADA MULTIMARCAS LTDA,RevendaCarro,SP8 - VAGO,Wellington Emanoel Franco Resende,FEIRÃO SETEMBRO - G,Juliana Grande,Juliana Grande,18,Até 20,20/05/2026,Acima de 90 dias,PAGA
48418282000178,Lotus Racer,Revenda Multimarcas,SP7 - FLAVIA DE FATIMA CORREA,Alexia de Oliveira Vilas Boas,Feirão Pontual - 3 Feirões,Juliana Grande,Juliana Grande,10,Até 10,27/08/2026,Até 15 dias,2 PARC ATRASO
48418597000115,MAXTER VEICULOS,RevendaCarro,NO1 - MARCOS WILLIAM MAIA LEMES JUNIOR,MARCOS AZAMBUJA,2 FEIROES - P,,,0,Sem Estoque,,Nunca atualizou,PAGA
48465028000120,GUIMOTORS AUTOMOVEIS LTDA,RevendaCarro,SPINT2 - MARCELO DE SOUSA CAETANO,Marcio Augusto Oliveira Pinto,FEIRÃO SETEMBRO - P,Juliana Grande,Juliana Grande,0,Sem Estoque,,Nunca atualizou,AGUARDANDO_PAGAMENTO
48491810000114,Benevente Veículos,RevendaCarro,SE1 - BRUNO NOGUEIRA MARTINS,Luiz Felipe Lopes Machado Leite,FEIRÃO SETEMBRO - P,Ludmila Martins,Renan Winterink,0,Sem Estoque,,Nunca atualizou,PAGA
48574794000123,JG MULTIMARCAS LTDA,Revenda Multimarcas,SC1 - ELIANE DA SILVEIRA,Willian Chagas Haueisen,Feirão Pontual - 3 Feirões,Gabriel Pereira,Renan Winterink,10,Até 10,31/07/2026,31 a 60 dias,PAGA
48576213000192,Verus Motors,RevendaCarro,SPINT3 - FABIO YOSHIKAZU TANIGUTI,Lucilaine Pericoco de Melo,FEIRÃO SETEMBRO - P,Andre Souza,Luana Mota,0,Sem Estoque,,Nunca atualizou,PENDENTE_ACEITE
48584347000155,Ivel Multimarcas,Revenda Multimarcas,SC2 - FABIANO HEIL DIAS,Felipe Ronchi,Feirão Pontual - Feirão Setembro,Gabriel Pereira,Renan Winterink,0,Sem Estoque,,Nunca atualizou,PAGA
48648861000107,ABEL MAYCON AMARAL RAMOS LOPES LTDA,RevendaCarro,NE1 - FRANCISCA IVANISE CARVALHO FERNANDES,Joao Ricardo feitoza Araujo,FEIRÃO SETEMBRO - M,Fernanda Souza,Fernanda Souza,0,Sem Estoque,,Nunca atualizou,PAGA
48725075000166,JUGADI MULTIMARCAS,RevendaCarro,SC1 - ELIANE DA SILVEIRA,Tauan da Rosa Teixeira,FEIRÃO SETEMBRO - M,Gabriel Pereira,Renan Winterink,6,Até 10,23/07/2026,31 a 60 dias,PAGA
48751049000102,FH Veiculos,Revenda Multimarcas,SC1 - ELIANE DA SILVEIRA,EVERTON MATEUS MARCZINSKI,Feirão Pontual - Feirão Setembro,Gabriel Pereira,Renan Winterink,45,Até 50,28/08/2026,Até 15 dias,PAGA
48756041000139,DIRECTCAR SSA AUTOMOVEIS LTDA,RevendaCarro,NE3 - PAULO AMERICO LEMOS DE SEIXAS FILHO,Marcos Luis Freitas de Santana,FEIRÃO SETEMBRO - P,Fernanda Souza,Fernanda Souza,0,Sem Estoque,,Nunca atualizou,AGUARDANDO_PAGAMENTO
48818562000173,RIGONI AUTOMOVEIS,Revenda Multimarcas,SE1 - BRUNO NOGUEIRA MARTINS,Fabio Agnolet,Feirão Pontual - 3 Feirões,Ludmila Martins,Renan Winterink,15,Até 20,25/08/2026,Até 15 dias,PAGA
48820123000103,SIDINHO VEICULOS,RevendaCarro,NE3 - PAULO AMERICO LEMOS DE SEIXAS FILHO,elisangela silva gomes,FEIRÃO SETEMBRO - P,Fernanda Souza,Fernanda Souza,0,Sem Estoque,,Nunca atualizou,PAGA
48899145000100,NEW MOTORS LTDA,RevendaCarro,MG1 - DOUGLAS HENRIQUE FERREIRA,João Victor Resende Silva,FEIRÃO SETEMBRO - M,Ludmila Martins,Renan Winterink,0,Sem Estoque,,Nunca atualizou,PENDENTE_ACEITE
48905933000154,FACCO MOTORS,RevendaCarro,SPINT2 - MARCELO DE SOUSA CAETANO,PEDRO PAULO ALVES TEIXEIRA,FEIRÃO SETEMBRO - P,Juliana Grande,Juliana Grande,30,Até 30,18/08/2026,Até 15 dias,PAGA
48956414000115,K F MOTORS LTDA,Revenda Multimarcas,RS1 - DAIANE DOS SANTOS CORREA,Carlos Roberto Machado La Rocca,Feirão Pontual - Feirão Setembro,Bruna de Paula,Renan Winterink,0,Sem Estoque,,Nunca atualizou,PAGA
48962453000125,Dnl corretora de veiculos,RevendaCarro,NE2 - TASSIA CAMILA GOMES DE OLIVEIRA,João Victor da Silva torres,FEIRÃO SETEMBRO - P,Ruana Figueroa,Fernanda Souza,0,Sem Estoque,,Nunca atualizou,PENDENTE_ACEITE
48983053000104,AUTO REY MULTIMARCAS,Revenda Multimarcas,MG1 - DOUGLAS HENRIQUE FERREIRA,Poliane Lopes de Souza Penido,Feirão Pontual - 3 Feirões,Ludmila Martins,Renan Winterink,53,Até 100,29/08/2026,Até 15 dias,PAGA
49084301000130,Ze Ronaldo Multimarcas,RevendaCarro,SPINT4 - VINICIUS THIAGO PINHEIRO DOS SANTOS,Helder Moreira Costa,FEIRÃO SETEMBRO - M,Juliana Grande,Juliana Grande,12,Até 20,16/05/2026,Acima de 90 dias,PAGA
49091741000114,MUSTANG MULTIMARCAS LTDA,RevendaCarro,SP3 - EDWARD PEREZ CAMPOS,MARCOS ROBERTO OLIVEIRA DA SILVA,FEIRÃO SETEMBRO - P,Luana Marques,Juliana Grande,23,Até 30,14/08/2026,Até 30 dias,PAGA
49183331000101,AUTO BOA VISTA,RevendaCarro,MG1 - DOUGLAS HENRIQUE FERREIRA,carolina jardim rocha araujo,FEIRÃO SETEMBRO - P,Ludmila Martins,Renan Winterink,0,Sem Estoque,,Nunca atualizou,PAGA
49252686000105,Megapátio,Revenda Multimarcas,NE1 - FRANCISCA IVANISE CARVALHO FERNANDES,Hugo César Santos Pereira,Feirão Pontual - Feirão Setembro,Fernanda Souza,Fernanda Souza,0,Sem Estoque,,Nunca atualizou,PAGA
49266527000151,AutoDelas Automóveis,Revenda Multimarcas,SC1 - ELIANE DA SILVEIRA,Fernanda Meinchein da Silva Pinheiro,Feirão Pontual - 3 Feirões,Gabriel Pereira,Renan Winterink,114,Acima 101,31/08/2026,Até 15 dias,PAGA
49273699000152,HG VEICULOS LTDA/HG VEICULOS,RevendaCarro,NE1 - FRANCISCA IVANISE CARVALHO FERNANDES,EDGARD TAVARES DE SOUZA JUNIOR,FEIRÃO SETEMBRO - M,Fernanda Souza,Fernanda Souza,0,Sem Estoque,,Nunca atualizou,PAGA
49316465000145,ALLURE COMÉRCIO DE VEÍCULOS LTDA,Revenda Multimarcas,NE1 - FRANCISCA IVANISE CARVALHO FERNANDES,Iann Gabriel Moreira de Souza,Feirão Pontual - 3 Feirões,Fernanda Souza,Fernanda Souza,0,Sem Estoque,28/05/2026,Acima de 90 dias,4 PARC ATRASO
4933087000100,JLM Automóveis,Revenda Multimarcas,SC2 - FABIANO HEIL DIAS,Willian Monteiro Marcelino,Feirão Pontual - 3 Feirões,Gabriel Pereira,Renan Winterink,54,Até 100,27/08/2026,Até 15 dias,PAGA
49339733000144,Alencar Veículos Ltda,RevendaCarro,NE1 - FRANCISCA IVANISE CARVALHO FERNANDES,Marinilda Martins costa e silva,FEIRÃO SETEMBRO - M,Fernanda Souza,Fernanda Souza,0,Sem Estoque,,Nunca atualizou,PAGA
49401200000145,JUNIOR & GROSSI - COMERCIO DE VEICULOS LTDA / D'ANGELOS VEICULOS,RevendaCarro,SPINT3 - FABIO YOSHIKAZU TANIGUTI,ANA LIDIA AQUINO PELEGRINI,FEIRÃO SETEMBRO - M,Andre Souza,Luana Mota,0,Sem Estoque,,Nunca atualizou,PAGA
49440445000181,Magoo comércio de veículos ltda,ConcessionariaMoto,SP3 - EDWARD PEREZ CAMPOS,Lucilene Cristina da Silva Rodrigues,FEIRÃO SETEMBRO - M,Luana Marques,Juliana Grande,0,Sem Estoque,,Nunca atualizou,PAGA
49476916000101,DIORGYTON VEICULOS LTDA,Revenda Multimarcas,NE2 - TASSIA CAMILA GOMES DE OLIVEIRA,ALISON KODI HIRATA,Feirão Pontual - 3 Feirões,Ruana Figueroa,Fernanda Souza,10,Até 10,21/08/2026,Até 15 dias,PAGA
49479883000153,CARVAK MULTIMARCAS LTDA,RevendaCarro,PR1 - DOUGLAS INÁCIO DA SILVA,Guilherme Ferreira Miranda,FEIRÃO SETEMBRO - M,Lucynara Ochiai,Renan Winterink,0,Sem Estoque,27/10/2025,Acima de 90 dias,PAGA
49533402000140,GONCALVES E CARVALHOS VEICULOS LTDA,Revenda Multimarcas,NE3 - PAULO AMERICO LEMOS DE SEIXAS FILHO,ELISIA NATALY LIMA MARTINS BARROS,Feirão Pontual - 3 Feirões,Fernanda Souza,Fernanda Souza,10,Até 10,20/08/2026,Até 15 dias,1 PARC ATRASO
49548078000134,GUILHERME BOAVENTURA CARNEIRO CPF 01709611685 / DOM MOTOS,RevendaMoto,MG1 - DOUGLAS HENRIQUE FERREIRA,Nathalia Silva Rocha,FEIRÃO SETEMBRO - M,Ludmila Martins,Renan Winterink,0,Sem Estoque,,Nunca atualizou,PAGA
49597918000159,LVARGAS AUTOMOVEIS LTDA,Revenda Multimarcas,SC1 - ELIANE DA SILVEIRA,Diego de Moraes Subtil,Feirão Pontual - Feirão Setembro,Gabriel Pereira,Renan Winterink,0,Sem Estoque,,Nunca atualizou,PAGA
49611168000122,JFERREIRA VEICULOS LTDA,RevendaCarro,SP7 - FLAVIA DE FATIMA CORREA,Alexia de Oliveira Vilas Boas,FEIRÃO SETEMBRO - P,Juliana Grande,Juliana Grande,7,Até 10,31/08/2026,Até 15 dias,PAGA
49624090000180,Br Veiculos,RevendaCarro,MG1 - DOUGLAS HENRIQUE FERREIRA,carolina jardim rocha araujo,FEIRÃO SETEMBRO - P,Ludmila Martins,Renan Winterink,0,Sem Estoque,,Nunca atualizou,PAGA
49644561000112,JHONATAN PEDRO,RevendaCarro,NE3 - PAULO AMERICO LEMOS DE SEIXAS FILHO,KRYSLAISA FONSECA FERRO,2 FEIROES - P,Fernanda Souza,Fernanda Souza,0,Sem Estoque,,Nunca atualizou,PAGA
49698480000103,DEDE AUTOMOVEIS LTDA.,Revenda Multimarcas,MG1 - DOUGLAS HENRIQUE FERREIRA,Karen Sabrina Neves da Silva,Feirão Pontual - 3 Feirões,Ludmila Martins,Renan Winterink,6,Até 10,27/05/2026,Acima de 90 dias,PAGA
49700136000101,Rio Tury Veículos,RevendaCarro,NE1 - FRANCISCA IVANISE CARVALHO FERNANDES,04911228377,FEIRÃO SETEMBRO - M,Fernanda Souza,Fernanda Souza,0,Sem Estoque,,Nunca atualizou,PAGA
4971873000100,COMERCIAL JEREMIAS DE VEICULOS LTDA,Revenda Multimarcas,NE3 - PAULO AMERICO LEMOS DE SEIXAS FILHO,ELISIA NATALY LIMA MARTINS BARROS,Feirão Pontual - 3 Feirões,Fernanda Souza,Fernanda Souza,23,Até 30,24/08/2026,Até 15 dias,PAGA
49797204000194,METANOIA AUTOMOVEIS LTDA,Revenda Multimarcas,NE3 - PAULO AMERICO LEMOS DE SEIXAS FILHO,CLEVINA SANTOS MELO,Feirão Pontual - 3 Feirões,Fernanda Souza,Fernanda Souza,23,Até 30,27/08/2026,Até 15 dias,PAGA
49831056000187,RD COMERCIO DE VEICULOS LTDA,RevendaCarro,RS1 - DAIANE DOS SANTOS CORREA,ALAN DA SILVA MOURA,FEIRÃO SETEMBRO - M,Bruna de Paula,Renan Winterink,0,Sem Estoque,,Nunca atualizou,PAGA
49876189000170,RAINERIO HERBERT FACANHA VEICULOS LTDA,RevendaCarro,NE1 - FRANCISCA IVANISE CARVALHO FERNANDES,jonathas da silva andrade,FEIRÃO SETEMBRO - M,Fernanda Souza,Fernanda Souza,0,Sem Estoque,01/04/2024,Acima de 90 dias,PENDENTE_ACEITE
49916720000190,Primeiro Andar Multimarcas,RevendaCarro,SP3 - EDWARD PEREZ CAMPOS,Rodrigo Perelli,FEIRÃO SETEMBRO - P,Luana Marques,Juliana Grande,0,Sem Estoque,,Nunca atualizou,PAGA
49962422000137,SANTOS COMERCIO DE VEICULOS LTDA,RevendaCarro,SP7 - FLAVIA DE FATIMA CORREA,Raul lincoln de mello euzebio,FEIRÃO SETEMBRO - M,Juliana Grande,Juliana Grande,0,Sem Estoque,,Nunca atualizou,PENDENTE_ACEITE
49974700000176,L F VEICULOS MULTIMARCAS LTDA,RevendaCarro,SPINT2 - MARCELO DE SOUSA CAETANO,Matheus William do Prado,FEIRÃO SETEMBRO - M,Juliana Grande,Juliana Grande,0,Sem Estoque,,Nunca atualizou,PENDENTE_ACEITE
49975744000110,gaucho automoveis,Revenda Multimarcas,NE2 - TASSIA CAMILA GOMES DE OLIVEIRA,eduardo ferreira chagas,Feirão Pontual - 3 Feirões,Ruana Figueroa,Fernanda Souza,0,Sem Estoque,,Nunca atualizou,PAGA
49977124000110,PRIME TRUCK S CAMINHOES E PRESTACAO DE SERVICO LTDA,RevendaCarro,SPINT1 - CHRISTIANE LOPES,Nathália pinheiro Alexandrino,FEIRÃO SETEMBRO - P,Juliana Grande,Juliana Grande,73,Até 100,31/08/2026,Até 15 dias,PAGA
4998497000130,ACHEI VEICULOS LTDA,Revenda Multimarcas,CO1 - NADIA JAMAYARA CARDOSO PRIMO,SILVIO EURIPEDES CORREA JUNIOR,Feirão Pontual - Feirão Setembro,Tatiane Silva,Renan Winterink,0,Sem Estoque,,Nunca atualizou,PAGA
49995510000135,FAMILIA VEICULOS AUTOMOVEIS LTDA,Revenda Multimarcas,MG1 - DOUGLAS HENRIQUE FERREIRA,carolina jardim rocha araujo,Feirão Pontual - Feirão Setembro,Ludmila Martins,Renan Winterink,0,Sem Estoque,,Nunca atualizou,PAGA
49998225000178,H2 PRIME MOTORS LTDA,RevendaCarro,NE1 - FRANCISCA IVANISE CARVALHO FERNANDES,Waldenice Batista Torres do Nascimento,FEIRÃO SETEMBRO - M,Fernanda Souza,Fernanda Souza,5,Até 5,03/08/2026,Até 30 dias,PAGA
50008859000115,DEVID VEICULOS LTDA,RevendaCarro,SPINT4 - VINICIUS THIAGO PINHEIRO DOS SANTOS,ROBERTO CESAR NICOLAU ARBEX,FEIRÃO SETEMBRO - M,Juliana Grande,Juliana Grande,0,Sem Estoque,,Nunca atualizou,PENDENTE_ACEITE
50040127000102,VIANA MOTORS,Revenda Multimarcas,RS1 - DAIANE DOS SANTOS CORREA,CAMILA DA SILVA RAMIRES,Feirão Pontual - 2 Feirões,Bruna de Paula,Renan Winterink,14,Até 20,28/08/2026,Até 15 dias,PAGA
50056793000139,FEIRAOBH COMERCIO DE VEICULOS LTDA,Revenda Multimarcas,MG1 - DOUGLAS HENRIQUE FERREIRA,Karen Sabrina Neves da Silva,Feirão Pontual - 3 Feirões,Ludmila Martins,Renan Winterink,12,Até 20,07/05/2026,Acima de 90 dias,2 PARC ATRASO
50141760000197,LEAL MOTORS COMERCIO DE VEICULOS LTDA,RevendaCarro,SPINT4 - VINICIUS THIAGO PINHEIRO DOS SANTOS,vinicius rosi garcia thereza,FEIRÃO SETEMBRO - M,Juliana Grande,Juliana Grande,0,Sem Estoque,,Nunca atualizou,PAGA
50186571000130,CARVALHO COIMBRA VEICULOS LTDA,RevendaCarro,MG1 - DOUGLAS HENRIQUE FERREIRA,Ederson Jorge de Carvalho,FEIRÃO SETEMBRO - M,Ludmila Martins,Renan Winterink,0,Sem Estoque,,Nunca atualizou,PAGA
50186699000102,Astori Cars LTDA,RevendaCarro,SPINT2 - MARCELO DE SOUSA CAETANO,Angelica Santarosa,FEIRÃO SETEMBRO - M,Juliana Grande,Juliana Grande,0,Sem Estoque,,Nunca atualizou,PAGA
50187846000150,AFA MOTORS,Concessionária,SC1 - ELIANE DA SILVEIRA,CYNTHIA FERNANDES MOURA,Feirão Pontual - 3 Feirões,Gabriel Pereira,Renan Winterink,31,Até 50,29/08/2026,Até 15 dias,1 PARC ATRASO
50231776000190,CZ VEICULOS LTDA,RevendaCarro,PR2 - MARIA INES ANTUNES,Anderval junior moraes,FEIRÃO SETEMBRO - P,Lucynara Ochiai,Renan Winterink,0,Sem Estoque,,Nunca atualizou,PAGA
50254006000163,stop car multimarcas,RevendaCarro,SC1 - ELIANE DA SILVEIRA,Eduardo Bittencourt,FEIRÃO SETEMBRO - M,Gabriel Pereira,Renan Winterink,0,Sem Estoque,,Nunca atualizou,PAGA
50295717000186,Auto Flex,RevendaCarro,NE3 - PAULO AMERICO LEMOS DE SEIXAS FILHO,Marcos Luis Freitas de Santana,FEIRÃO SETEMBRO - P,Fernanda Souza,Fernanda Souza,0,Sem Estoque,,Nunca atualizou,PAGA
50309808000123,GARAJÃO 279 MULTIMARCAS LTDA,RevendaCarro,NO2 - LUIZ CLAUDIO DA PALMA DE ALMEIDA MAIA,DANIEL EPAMINONDAS  LOPES MARTINS,FEIRÃO SETEMBRO - M,Fernanda Souza,Fernanda Souza,0,Sem Estoque,,Nunca atualizou,PAGA
50358519000114,WIGGERS MULTIMARCAS LTDA,RevendaCarro,SC1 - ELIANE DA SILVEIRA,Hemilly Marcon Nunes de Stefani,FEIRÃO SETEMBRO - M,Gabriel Pereira,Renan Winterink,0,Sem Estoque,,Nunca atualizou,PAGA
50380059000120,GS MOTORS LTDA,Revenda Multimarcas,CO1 - NADIA JAMAYARA CARDOSO PRIMO,Danilo de Lima Rodrigues,Feirão Pontual - 3 Feirões,Tatiane Silva,Renan Winterink,0,Sem Estoque,15/05/2026,Acima de 90 dias,PAGA
50389079000162,GERO REVENDA DE VEICULOS LTDA,RevendaCarro,NE3 - PAULO AMERICO LEMOS DE SEIXAS FILHO,Pablo Leonardo Oliveira Cazotti,FEIRÃO SETEMBRO - M,Fernanda Souza,Fernanda Souza,0,Sem Estoque,,Nunca atualizou,AGUARDANDO_PAGAMENTO
50451636000128,LNR Veiculos,Revenda Multimarcas,CO2 - THEONILO GONCALINO DE ALMEIDA,Jhenifer Welter,Feirão Pontual - Feirão Setembro,Tatiane Silva,Renan Winterink,0,Sem Estoque,,Nunca atualizou,PAGA
50454490000174,IMPACTO AUTOMOVEIS,RevendaCarro,SC1 - ELIANE DA SILVEIRA,Edivaldo Alves Ferreira de Sousa,FEIRÃO SETEMBRO - M,Gabriel Pereira,Renan Winterink,0,Sem Estoque,,Nunca atualizou,PAGA
50544851000173,THANK GOD MULTIMARCAS LTDA,Revenda Multimarcas,SP4 - TIAGO FLORIANO OLIVEIRA,Willian Desan dos Santos,Feirão Pontual - 3 Feirões,Luana Marques,Juliana Grande,0,Sem Estoque,11/06/2026,61 a 90 dias,4 PARC ATRASO
50610821000118,ATX EMPREENDIMENTOS LTDA,RevendaCarro,NO2 - LUIZ CLAUDIO DA PALMA DE ALMEIDA MAIA,VANESSA CARVALHO SOARES,FEIRÃO SETEMBRO - P,Fernanda Souza,Fernanda Souza,0,Sem Estoque,,Nunca atualizou,PAGA
50618694000101,LEO CAR MULTIMARCAS,Revenda Multimarcas,SC1 - ELIANE DA SILVEIRA,jefferson soares da silva monteiro,Feirão Pontual - Feirão Setembro,Gabriel Pereira,Renan Winterink,0,Sem Estoque,,Nunca atualizou,AGUARDANDO_PAGAMENTO
50637283000155,JEF COMÉRCIO DE VEÍCULOS LTDA,Revenda Multimarcas,SC1 - ELIANE DA SILVEIRA,Francielle Cisenski,Feirão Pontual - 3 Feirões,Gabriel Pereira,Renan Winterink,10,Até 10,14/05/2026,Acima de 90 dias,PAGA
50637684000105,Flavio Autos LTDA,Revenda Multimarcas,SC1 - ELIANE DA SILVEIRA,Francielle Cisenski,Feirão Pontual - 3 Feirões,Gabriel Pereira,Renan Winterink,15,Até 20,28/08/2026,Até 15 dias,2 PARC ATRASO
50639919000106,L A SERVIÇOS AUTOMOTIVOS LTDA,RevendaCarro,SP5 - STEPHANIE REIS,JANAINA SILVA DE ALMEIDA DINIZ,FEIRÃO SETEMBRO - M,Andre Souza,Luana Mota,0,Sem Estoque,,Nunca atualizou,PAGA
50729050000182,Sertão veículos Ltda,RevendaCarro,NE2 - TASSIA CAMILA GOMES DE OLIVEIRA,Shirlley Blair Sousa Araújo,FEIRÃO SETEMBRO - P,Ruana Figueroa,Fernanda Souza,0,Sem Estoque,,Nunca atualizou,PAGA
50762577000109,Realize Automóveis LTDA,Revenda Multimarcas,CO2 - THEONILO GONCALINO DE ALMEIDA,CASSIO SOUZA DE AQUINO,Feirão Pontual - Feirão Setembro,Tatiane Silva,Renan Winterink,0,Sem Estoque,,Nunca atualizou,PAGA
50782008000125,VYNI MOTORS COMERCIO DE VEICULOS LTDA,RevendaCarro,SPINT4 - VINICIUS THIAGO PINHEIRO DOS SANTOS,emanuelle machi da costa,FEIRÃO SETEMBRO - M,Juliana Grande,Juliana Grande,0,Sem Estoque,,Nunca atualizou,PENDENTE_ACEITE
50799079000130,MAXIAUTO MULTIMARCAS,Revenda Multimarcas,SPINT3 - FABIO YOSHIKAZU TANIGUTI,Júlio César Alvarenga Pereira,Feirão Pontual - 3 Feirões,Andre Souza,Luana Mota,18,Até 20,27/08/2026,Até 15 dias,PAGA
50801183000112,FPJ MULTIMARCAS COMERCIO DE VEICULOS LTDA,RevendaCarro,SPINT1 - CHRISTIANE LOPES,KAREN MILENE MAIA BRESSAN,FEIRÃO SETEMBRO - M,Juliana Grande,Juliana Grande,0,Sem Estoque,,Nunca atualizou,PAGA
50803946000164,IMPERIAL VEICULOS,Revenda Multimarcas,NO1 - MARCOS WILLIAM MAIA LEMES JUNIOR,JOAO PEDRO DE BRITO SOUZA,Feirão Pontual - 3 Feirões,,,23,Até 30,25/08/2026,Até 15 dias,PAGA
50870102000136,Sam Car,Revenda Multimarcas,NE3 - PAULO AMERICO LEMOS DE SEIXAS FILHO,Marcos Luís Freitas de Santana,Feirão Pontual - 3 Feirões,Fernanda Souza,Fernanda Souza,57,Até 100,30/08/2026,Até 15 dias,1 PARC ATRASO
5095238000161,HOLANDA VEICULOS LTDA,RevendaCarro,PR1 - DOUGLAS INÁCIO DA SILVA,Jorge Reda Hachem,FEIRÃO SETEMBRO - M,Lucynara Ochiai,Renan Winterink,0,Sem Estoque,19/04/2022,Acima de 90 dias,PAGA
51007188000130,LUÍS ALVES CERQUEIRA NETO LTDA,Revenda Multimarcas,NE3 - PAULO AMERICO LEMOS DE SEIXAS FILHO,SIDNEI MIRANDA DE SOUSA,Feirão Pontual - 3 Feirões,Fernanda Souza,Fernanda Souza,21,Até 30,27/08/2026,Até 15 dias,PAGA
51026580000127,Camargo Motors,Revenda Multimarcas,SC1 - ELIANE DA SILVEIRA,Willian Chagas Haueisen,Feirão Pontual - 3 Feirões,Gabriel Pereira,Renan Winterink,15,Até 20,29/08/2026,Até 15 dias,1 PARC ATRASO
51059355000197,DRIVEMAIS LOCACAO DE VEICULOS LTDA,RevendaCarro,SC1 - ELIANE DA SILVEIRA,Evandro Fernando Machado Marczinski,FEIRÃO SETEMBRO - M,Gabriel Pereira,Renan Winterink,14,Até 20,31/08/2026,Até 15 dias,PAGA
51066296000184,Rocan,RevendaCarro,PR1 - DOUGLAS INÁCIO DA SILVA,Tayana Regina da Silva Martins,FEIRÃO SETEMBRO - P,Lucynara Ochiai,Renan Winterink,0,Sem Estoque,,Nunca atualizou,PENDENTE_ACEITE
51070785000100,Padrão automóveis comércio de veículos ltda,Revenda Multimarcas,NE3 - PAULO AMERICO LEMOS DE SEIXAS FILHO,Clevina Santos melo,Feirão Pontual - 3 Feirões,Fernanda Souza,Fernanda Souza,8,Até 10,18/10/2025,Acima de 90 dias,PAGA
51071507000177,E A DE CASTRO LTDA,RevendaCarro,PR2 - MARIA INES ANTUNES,VANESSA DAIANE DE OLIVEIRA,FEIRÃO SETEMBRO - M,Lucynara Ochiai,Renan Winterink,17,Até 20,15/08/2026,Até 30 dias,PAGA
51158786000100,DCAR MULTIMARCAS,RevendaCarro,RS1 - DAIANE DOS SANTOS CORREA,Camila Ramires,FEIRÃO SETEMBRO - P,Bruna de Paula,Renan Winterink,0,Sem Estoque,,Nunca atualizou,PAGA
51169246000122,Shoppcar Multimarcas Ltda,Revenda Multimarcas,SC2 - FABIANO HEIL DIAS,Luanna Caroline Milbratz,Feirão Pontual - 3 Feirões,Gabriel Pereira,Renan Winterink,22,Até 30,31/08/2026,Até 15 dias,PAGA
51179146000187,K2 MULTIMARCAS,Revenda Multimarcas,CO2 - THEONILO GONCALINO DE ALMEIDA,Jhenifer Mendes Welter,Feirão Pontual - 3 Feirões,Tatiane Silva,Renan Winterink,2,Até 5,29/06/2026,61 a 90 dias,PAGA
51267116000122,PARCEIRÃO VEICULOS,RevendaCarro,NO1 - MARCOS WILLIAM MAIA LEMES JUNIOR,MARCOS AZAMBUJA,FEIRÃO SETEMBRO - P,,,0,Sem Estoque,,Nunca atualizou,PAGA
51383724000100,Savena Comércio de Veículos LTDA,Revenda Multimarcas,NE3 - PAULO AMERICO LEMOS DE SEIXAS FILHO,Marcos Luís Freitas de Santana,Feirão Pontual - 3 Feirões,Fernanda Souza,Fernanda Souza,0,Sem Estoque,28/11/2025,Acima de 90 dias,PAGA
51398091000104,HEY VEICULOS,RevendaCarro,PR1 - DOUGLAS INÁCIO DA SILVA,CRISTINA ADACHESKI,FEIRÃO SETEMBRO - M,Lucynara Ochiai,Renan Winterink,0,Sem Estoque,,Nunca atualizou,PAGA
51420652000116,JF CAR VEICULOS COMERCIO DE CARROS E MOTOS LTDA,Revenda Multimarcas,NE2 - TASSIA CAMILA GOMES DE OLIVEIRA,Cinthya Wallenska Castro Cunha de Moura,Feirão Pontual - 3 Feirões,Ruana Figueroa,Fernanda Souza,19,Até 20,27/08/2026,Até 15 dias,PAGA
5142852000137,IDEAL VEICULOS LTDA,Revenda Multimarcas,SC2 - FABIANO HEIL DIAS,VILMAR SOBCSIK,Feirão Pontual - Feirão Setembro,Gabriel Pereira,Renan Winterink,351,Acima 101,11/08/2026,Até 30 dias,PAGA
51493754000161,Extra Automoveis,Revenda Multimarcas,NE1 - FRANCISCA IVANISE CARVALHO FERNANDES,CARLOS DAVID PEREIRA MENDONCA,Feirão Pontual - 3 Feirões,Fernanda Souza,Fernanda Souza,5,Até 5,18/08/2026,Até 15 dias,PAGA
51500381000109,Rlima,RevendaCarro,SPINT2 - MARCELO DE SOUSA CAETANO,Natália barbosa Bastos,FEIRÃO SETEMBRO - M,Juliana Grande,Juliana Grande,0,Sem Estoque,,Nunca atualizou,PENDENTE_ACEITE
5167346000100,M.N. COMERCIO DE AUTOMOVEIS LTDA,RevendaCarro,SP8 - VAGO,Luciana xavier,FEIRÃO SETEMBRO - M,Juliana Grande,Juliana Grande,27,Até 30,28/08/2026,Até 15 dias,PAGA
51691214000192,ELITE MOTORS,Revenda Multimarcas,RS1 - DAIANE DOS SANTOS CORREA,Patricia Bilhalva,Feirão Pontual - Feirão Setembro,Bruna de Paula,Renan Winterink,0,Sem Estoque,,Nunca atualizou,PAGA
51695936000115,REN9VE AUTOS,Revenda Multimarcas,NE1 - FRANCISCA IVANISE CARVALHO FERNANDES,Iann Gabriel Moreira de Souza,Feirão Pontual - 3 Feirões,Fernanda Souza,Fernanda Souza,28,Até 30,27/08/2026,Até 15 dias,PAGA
51708616000152,Via Vip Motors Comercio e Consignacao de Veiculos Ltda,Revenda Multimarcas,SC1 - ELIANE DA SILVEIRA,Marcello Lima de Mello,Feirão Pontual - Feirão Setembro,Gabriel Pereira,Renan Winterink,0,Sem Estoque,,Nunca atualizou,PAGA
51717751000164,W&S MULTIMARCAS LTDA,Revenda Multimarcas,SC1 - ELIANE DA SILVEIRA,Eduardo Bittencourt,Feirão Pontual - 3 Feirões,Gabriel Pereira,Renan Winterink,12,Até 20,13/08/2026,Até 30 dias,PAGA
51768932000110,Auto Mania (Detalhe Assessoria em Nogocios Ltda),Revenda Multimarcas,SP3 - EDWARD PEREZ CAMPOS,Lucilene Rodrigues,Feirão Pontual - 3 Feirões,Luana Marques,Juliana Grande,0,Sem Estoque,14/08/2026,Até 30 dias,2 PARC ATRASO
51779230000131,SAO JOAO AUTOMOVEIS LTDA,Revenda Multimarcas,NO2 - LUIZ CLAUDIO DA PALMA DE ALMEIDA MAIA,Ana Maria Walfredo Neves,Feirão Pontual - 3 Feirões,Fernanda Souza,Fernanda Souza,4,Até 5,14/05/2026,Acima de 90 dias,2 PARC ATRASO
51795568000268,MA COMERCIO,RevendaCarro,NO2 - LUIZ CLAUDIO DA PALMA DE ALMEIDA MAIA,RENATA LOPES,FEIRÃO SETEMBRO - P,Fernanda Souza,Fernanda Souza,0,Sem Estoque,,Nunca atualizou,PAGA
51797995000102,GRACIOSA VEICULOS LTDA,RevendaCarro,PR1 - DOUGLAS INÁCIO DA SILVA,guilherme grochau de oliveira,FEIRÃO SETEMBRO - M,Lucynara Ochiai,Renan Winterink,33,Até 50,26/08/2026,Até 15 dias,PAGA
51866837000159,Alvorada Multimarcas,Revenda Multimarcas,SPINT3 - FABIO YOSHIKAZU TANIGUTI,Jose Eduardo Rosa Costa,Feirão Pontual - 3 Feirões,Andre Souza,Luana Mota,11,Até 20,27/08/2026,Até 15 dias,PAGA
51921498000166,BR Garagem Automóveis,Revenda Multimarcas,SC1 - ELIANE DA SILVEIRA,Roberta Cascaes,Feirão Pontual - 3 Feirões,Gabriel Pereira,Renan Winterink,0,Sem Estoque,12/05/2026,Acima de 90 dias,PAGA
51973242000100,vila nova veiculos ltda,RevendaCarro,NE3 - PAULO AMERICO LEMOS DE SEIXAS FILHO,José Floriano da Costa neto,FEIRÃO SETEMBRO - P,Fernanda Souza,Fernanda Souza,0,Sem Estoque,,Nunca atualizou,PAGA
51989800000118,URUGUAI AUTOMOVEIS LTDA,Revenda Multimarcas,SC2 - FABIANO HEIL DIAS,VILMAR SOBCSIK,Feirão Pontual - Feirão Setembro,Gabriel Pereira,Renan Winterink,1,Até 5,18/05/2026,Acima de 90 dias,PAGA
52012474000157,L.C de Ávila,RevendaCarro,RS1 - DAIANE DOS SANTOS CORREA,Patrícia Bilhalva de Oliveira,FEIRÃO SETEMBRO - P,Bruna de Paula,Renan Winterink,0,Sem Estoque,,Nunca atualizou,PAGA
52043972000167,AUTO DRIVE,Revenda Multimarcas,MG1 - DOUGLAS HENRIQUE FERREIRA,Carolina jardim Rocha Araújo,Feirão Pontual - Feirão Setembro,Ludmila Martins,Renan Winterink,20,Até 20,21/08/2026,Até 15 dias,PAGA
52095143000128,CDJ AUTOMÓVEIS LTDA,Revenda Multimarcas,SC1 - ELIANE DA SILVEIRA,Everton Mateus Marczinski,Feirão Pontual - 3 Feirões,Gabriel Pereira,Renan Winterink,26,Até 30,29/08/2026,Até 15 dias,PAGA
52096253000104,XRP,Revenda Multimarcas,NE2 - TASSIA CAMILA GOMES DE OLIVEIRA,THIAGO ROMERO SOARES Dantas,Feirão Pontual - 3 Feirões,Ruana Figueroa,Fernanda Souza,0,Sem Estoque,,Nunca atualizou,PAGA
52144905000139,THADEU VEICULOS,Revenda Multimarcas,MG1 - DOUGLAS HENRIQUE FERREIRA,Juliana Nogueira Lemos Gomes,Feirão Pontual - Feirão Setembro,Ludmila Martins,Renan Winterink,0,Sem Estoque,,Nunca atualizou,PAGA
52151595000180,Rsj Veiculos,Revenda Multimarcas,CO2 - THEONILO GONCALINO DE ALMEIDA,Matheus Bueno da Silva,Feirão Pontual - 3 Feirões,Tatiane Silva,Renan Winterink,29,Até 30,20/08/2026,Até 15 dias,PAGA
5216530000195,Braga Motors Matriz,Concessionária,NO1 - MARCOS WILLIAM MAIA LEMES JUNIOR,Aldo Vale de Jesus Júnior,Feirão Pontual - 3 Feirões,,,11,Até 20,18/05/2026,Acima de 90 dias,PAGA
52166882000163,SILVA AUTOMOVEIS,Revenda Multimarcas,CO2 - THEONILO GONCALINO DE ALMEIDA,CHRISLEY MIRANDA SILVA,Feirão Pontual - 3 Feirões,Tatiane Silva,Renan Winterink,6,Até 10,15/05/2026,Acima de 90 dias,PAGA
52192257000196,Robson Motors,RevendaCarro,SPINT2 - MARCELO DE SOUSA CAETANO,Danielli Pontes De Marchi,FEIRÃO SETEMBRO - M,Juliana Grande,Juliana Grande,0,Sem Estoque,,Nunca atualizou,PAGA
52194895000146,M LEITE VEICULOS,RevendaCarro,MG1 - DOUGLAS HENRIQUE FERREIRA,Jean Edson de Simas Granito,FEIRÃO SETEMBRO - P,Ludmila Martins,Renan Winterink,0,Sem Estoque,,Nunca atualizou,PAGA
52208891000170,GW Motors Ltda,RevendaCarro,NO2 - LUIZ CLAUDIO DA PALMA DE ALMEIDA MAIA,RENATA LOPES,FEIRÃO SETEMBRO - P,Fernanda Souza,Fernanda Souza,0,Sem Estoque,,Nunca atualizou,PAGA
52231207000170,E & J COMERCIO DE VEICULOS,RevendaCarro,SC1 - ELIANE DA SILVEIRA,Weslei Harnack,2 FEIROES - P,Gabriel Pereira,Renan Winterink,0,Sem Estoque,,Nunca atualizou,PAGA
52255211000179,WSA comércio de veículos Ltda,RevendaCarro,NO2 - LUIZ CLAUDIO DA PALMA DE ALMEIDA MAIA,Marcia Portal,2 FEIROES - M,Fernanda Souza,Fernanda Souza,0,Sem Estoque,10/07/2025,Acima de 90 dias,PENDENTE_ACEITE
52264667000103,HOLF AUTOS LTDA,Revenda Multimarcas,SPINT3 - FABIO YOSHIKAZU TANIGUTI,MARLENE LAZARA RONCADA ROSSI,Feirão Pontual - 3 Feirões,Andre Souza,Luana Mota,32,Até 50,31/08/2026,Até 15 dias,PAGA
52275009000109,Brasil Multimarcas,RevendaCarro,CO2 - THEONILO GONCALINO DE ALMEIDA,Claudemir Moreira Querubim,FEIRÃO SETEMBRO - P,Tatiane Silva,Renan Winterink,0,Sem Estoque,,Nunca atualizou,AGUARDANDO_PAGAMENTO
52277568000158,TONI MOTORS,Revenda Multimarcas,SC2 - FABIANO HEIL DIAS,Ricardo Grabert Mandarano,Feirão Pontual - Feirão Setembro,Gabriel Pereira,Renan Winterink,8,Até 10,25/08/2026,Até 15 dias,PAGA
52286907000162,SBC MULTIMARCAS,RevendaCarro,PR1 - DOUGLAS INÁCIO DA SILVA,Sandra Garus Silva,FEIRÃO SETEMBRO - M,Lucynara Ochiai,Renan Winterink,0,Sem Estoque,,Nunca atualizou,AGUARDANDO_PAGAMENTO
52311483000149,Theo veiculos ltda,Revenda Multimarcas,NE3 - PAULO AMERICO LEMOS DE SEIXAS FILHO,Sergio Ricardo Parisio Santos,Feirão Pontual - 3 Feirões,Fernanda Souza,Fernanda Souza,10,Até 10,19/05/2026,Acima de 90 dias,PAGA
52318566000160,BRANGIAN MOTORS LTDA,Revenda Multimarcas,SC1 - ELIANE DA SILVEIRA,VITOR DA CUNHA MALLMANN,Feirão Pontual - 3 Feirões,Gabriel Pereira,Renan Winterink,0,Sem Estoque,18/06/2026,61 a 90 dias,1 PARC ATRASO
52321505000151,Bisteca Motors,Revenda Multimarcas,PR1 - DOUGLAS INÁCIO DA SILVA,Joao Leonardo Dacheri,Feirão Pontual - Feirão Setembro,Lucynara Ochiai,Renan Winterink,0,Sem Estoque,,Nunca atualizou,PAGA
52334226000122,ALTO VEICULOS,RevendaCarro,MG1 - DOUGLAS HENRIQUE FERREIRA,carolina jardim rocha araujo,FEIRÃO SETEMBRO - P,Ludmila Martins,Renan Winterink,0,Sem Estoque,,Nunca atualizou,PENDENTE_ACEITE
5234050000157,K.L.B. COMERCIO DE VEICULOS LTDA,RevendaCarro,SP3 - EDWARD PEREZ CAMPOS,Lucilene Cristina da Silva Rodrigues,FEIRÃO SETEMBRO - P,Luana Marques,Juliana Grande,0,Sem Estoque,,Nunca atualizou,PAGA
52354481000137,NATUSCH AUTO CERTO LTDA,RevendaCarro,RS1 - DAIANE DOS SANTOS CORREA,Patrícia Bilhalva de Oliveira,FEIRÃO SETEMBRO - P,Bruna de Paula,Renan Winterink,1,Até 5,14/05/2026,Acima de 90 dias,PAGA
52361388000150,LUQUE EMPREENDIMENTOS LTDA,RevendaCarro,NE3 - PAULO AMERICO LEMOS DE SEIXAS FILHO,Pablo Leonardo Oliveira Cazotti,FEIRÃO SETEMBRO - M,Fernanda Souza,Fernanda Souza,0,Sem Estoque,,Nunca atualizou,PAGA
52394719000158,BESEN AUTOMOVEIS,Concessionária,SC1 - ELIANE DA SILVEIRA,Everton Mateus Marczinski,Feirão Pontual - 3 Feirões,Gabriel Pereira,Renan Winterink,5,Até 5,05/08/2026,Até 30 dias,1 PARC ATRASO
52396343000110,J car multimarcas,RevendaCarro,SPINT4 - VINICIUS THIAGO PINHEIRO DOS SANTOS,RENAN FELIPE DE OLIVEIRA CHIARI,FEIRÃO SETEMBRO - G,Juliana Grande,Juliana Grande,0,Sem Estoque,,Nunca atualizou,PAGA
52481829000157,Motors J,Revenda Multimarcas,SP4 - TIAGO FLORIANO OLIVEIRA,Ana Paula Maurício,Feirão Pontual - Feirão Setembro,Luana Marques,Juliana Grande,0,Sem Estoque,,Nunca atualizou,PAGA
52498302000135,henriques veiculos,RevendaCarro,SPINT4 - VINICIUS THIAGO PINHEIRO DOS SANTOS,Rafael augusto fernandes de souza carvalho,FEIRÃO SETEMBRO - P,Juliana Grande,Juliana Grande,0,Sem Estoque,,Nunca atualizou,PENDENTE_ACEITE
52547558000195,CARANGO SEMINOVOS,RevendaCarro,NE1 - FRANCISCA IVANISE CARVALHO FERNANDES,JONATHAN JOSENIR DA SILVA LIMA,FEIRÃO SETEMBRO - M,Fernanda Souza,Fernanda Souza,0,Sem Estoque,,Nunca atualizou,PAGA
52582507000102,D E VEICULOS LTDA,RevendaCarro,NE1 - FRANCISCA IVANISE CARVALHO FERNANDES,CARLOS MENDONCA,FEIRÃO SETEMBRO - M,Fernanda Souza,Fernanda Souza,0,Sem Estoque,,Nunca atualizou,PAGA
52591100000133,Pontual Seminovos Ltda,RevendaCarro,MG1 - DOUGLAS HENRIQUE FERREIRA,Gabriela Viggiano,FEIRÃO SETEMBRO - P,Ludmila Martins,Renan Winterink,0,Sem Estoque,,Nunca atualizou,PAGA
52594867000116,FERRAZ AUTOMOVEIS LIMITADA,Revenda Multimarcas,SC2 - FABIANO HEIL DIAS,Luciano dos Santos,Feirão Pontual - 3 Feirões,Gabriel Pereira,Renan Winterink,14,Até 20,11/08/2026,Até 30 dias,PAGA
52603888000150,SERGINHO MULTIMARCAS,RevendaCarro,SC1 - ELIANE DA SILVEIRA,Everton Mateus Marczinski,FEIRÃO SETEMBRO - M,Gabriel Pereira,Renan Winterink,18,Até 20,11/08/2026,Até 30 dias,PAGA
52609689000150,VERT MOTORS LTDA,Revenda Multimarcas,SP7 - FLAVIA DE FATIMA CORREA,VALERIA PRISCILA NUNES DE CARVALHO,Feirão Pontual - 3 Feirões,Juliana Grande,Juliana Grande,38,Até 50,26/08/2026,Até 15 dias,PAGA
52614809000107,RUANA MOTORS LTDA,RevendaCarro,SPINT4 - VINICIUS THIAGO PINHEIRO DOS SANTOS,vinicius rosi garcia thereza,FEIRÃO SETEMBRO - M,Juliana Grande,Juliana Grande,0,Sem Estoque,,Nunca atualizou,PENDENTE_ACEITE
52621264000166,RODRIGO DA IMACULADA CONCEICAO,Revenda Multimarcas,MG1 - DOUGLAS HENRIQUE FERREIRA,WESLEY PAULO GONCALVES,Feirão Pontual - 3 Feirões,Ludmila Martins,Renan Winterink,56,Até 100,31/08/2026,Até 15 dias,PAGA
52644340000159,CONCRETIZE VEICULOS LTDA,RevendaCarro,SP7 - FLAVIA DE FATIMA CORREA,Isabella Antunes da Silva,FEIRÃO SETEMBRO - P,Juliana Grande,Juliana Grande,0,Sem Estoque,,Nunca atualizou,PAGA
52644616000107,RCS CONSULTORIA AUTOMOTIVA,Revenda Multimarcas,NE2 - TASSIA CAMILA GOMES DE OLIVEIRA,João Victor da Silva Torres,Feirão Pontual - 3 Feirões,Ruana Figueroa,Fernanda Souza,15,Até 20,27/08/2026,Até 15 dias,2 PARC ATRASO
52653834000108,Cerol Car,Revenda Multimarcas,SC1 - ELIANE DA SILVEIRA,Ariela da silva,Feirão Pontual - 3 Feirões,Gabriel Pereira,Renan Winterink,58,Até 100,31/08/2026,Até 15 dias,1 PARC ATRASO
52743240000180,AUTOCAR MULTIMARCAS,Revenda Multimarcas,SC1 - ELIANE DA SILVEIRA,Ana paula Tachinski cardoso,Feirão Pontual - 2 Feirões,Gabriel Pereira,Renan Winterink,3,Até 5,28/07/2026,31 a 60 dias,PAGA
52764159000186,Rota Veículos,RevendaCarro,CO1 - NADIA JAMAYARA CARDOSO PRIMO,Luis Rodrigues Filho,2 FEIROES - M,Tatiane Silva,Renan Winterink,0,Sem Estoque,,Nunca atualizou,PENDENTE_ACEITE
52792711000140,Itamarati veículos,Revenda Multimarcas,SP5 - STEPHANIE REIS,Pamela Alves,Feirão Pontual - Feirão Setembro,Andre Souza,Luana Mota,0,Sem Estoque,,Nunca atualizou,PAGA
52810825000175,Multi Results seminovos ltda,Revenda Multimarcas,NO1 - MARCOS WILLIAM MAIA LEMES JUNIOR,Gleno Jean Alves Coelho,Feirão Pontual - 3 Feirões,,,0,Sem Estoque,,Nunca atualizou,PAGA
52834786000146,LEANDRO CAR AUTOMOVEIS LTDA,RevendaCarro,SP3 - EDWARD PEREZ CAMPOS,HENRIQUE ALVES GOMES,FEIRÃO SETEMBRO - P,Luana Marques,Juliana Grande,0,Sem Estoque,25/07/2024,Acima de 90 dias,PAGA
52886008000109,Fast Motors,Revenda Multimarcas,SP8 - VAGO,Karoli Gomes,Feirão Pontual - Feirão Setembro,Juliana Grande,Juliana Grande,38,Até 50,03/07/2026,31 a 60 dias,PAGA
52920788000158,Henricar Multimarcas,RevendaCarro,SPINT3 - FABIO YOSHIKAZU TANIGUTI,Manoel Messias da Silva Júnior,FEIRÃO SETEMBRO - M,Andre Souza,Luana Mota,0,Sem Estoque,,Nunca atualizou,PENDENTE_ACEITE
52923155000101,GARAGEM V8,Revenda Multimarcas,NO2 - LUIZ CLAUDIO DA PALMA DE ALMEIDA MAIA,Ana Maria Walfredo Neves,Feirão Pontual - 3 Feirões,Fernanda Souza,Fernanda Souza,4,Até 5,29/05/2026,Acima de 90 dias,PAGA
5293235000132,BRUNO & BRUNO VEICULOS JOSE BONIFACIO LTDA. - ME,RevendaCarro,SP8 - VAGO,Luana Ferreira,FEIRÃO SETEMBRO - M,Juliana Grande,Juliana Grande,0,Sem Estoque,18/12/2018,Acima de 90 dias,PAGA
52948690000109,JOAOZINHO AUTOMOVEIS,RevendaCarro,NE1 - FRANCISCA IVANISE CARVALHO FERNANDES,IGOR DE MORAES ALCANTARA,FEIRÃO SETEMBRO - M,Fernanda Souza,Fernanda Souza,0,Sem Estoque,,Nunca atualizou,PENDENTE_ACEITE
52954295000139,Everest motors,Revenda Multimarcas,MG1 - DOUGLAS HENRIQUE FERREIRA,Cristiane Coelho challub Figueiredo,Feirão Pontual - Feirão Setembro,Ludmila Martins,Renan Winterink,0,Sem Estoque,,Nunca atualizou,PAGA
52980247000115,Riconsulting Motors Comércio e Corretagem de Veículos Ltda,Revenda Multimarcas,NE1 - FRANCISCA IVANISE CARVALHO FERNANDES,Janine aparecida Sales araujo,Feirão Pontual - 2 Feirões,Fernanda Souza,Fernanda Souza,34,Até 50,27/08/2026,Até 15 dias,PAGA
53073266000120,WS CARS VEICULOS LTDA,RevendaCarro,PR1 - DOUGLAS INÁCIO DA SILVA,Eduardo José Cheim Rodrigues,FEIRÃO SETEMBRO - M,Lucynara Ochiai,Renan Winterink,0,Sem Estoque,,Nunca atualizou,PENDENTE_ACEITE
53087236000173,B p Rodrigues LTDA,RevendaCarro,RS1 - DAIANE DOS SANTOS CORREA,Patrícia Bilhalva de Oliveira,FEIRÃO SETEMBRO - P,Bruna de Paula,Renan Winterink,0,Sem Estoque,,Nunca atualizou,PAGA
53104415000171,DANCAR SELECT LTDA,RevendaCarro,NE1 - FRANCISCA IVANISE CARVALHO FERNANDES,Lia Raquel Fernandes Cardozo,FEIRÃO SETEMBRO - M,Fernanda Souza,Fernanda Souza,0,Sem Estoque,,Nunca atualizou,PAGA
53142315000130,B ALMEIDA J COMERCIO DE VEICULOS,RevendaCarro,SPINT4 - VINICIUS THIAGO PINHEIRO DOS SANTOS,Ricardo Furigo,FEIRÃO SETEMBRO - P,Juliana Grande,Juliana Grande,0,Sem Estoque,,Nunca atualizou,PAGA
53146808000148,2 Irmãos Veículos,RevendaCarro,SPINT3 - FABIO YOSHIKAZU TANIGUTI,Carlos Eduardo,FEIRÃO SETEMBRO - P,Andre Souza,Luana Mota,0,Sem Estoque,,Nunca atualizou,PAGA
53211044000127,DVR MOTORS MULTIMARCAS LTDA,RevendaCarro,SP7 - FLAVIA DE FATIMA CORREA,Mateus Adjuto Campos,FEIRÃO SETEMBRO - P,Juliana Grande,Juliana Grande,0,Sem Estoque,,Nunca atualizou,PAGA
53258915000168,Avance  k,Revenda Multimarcas,SC1 - ELIANE DA SILVEIRA,rafael soares pacheco,Feirão Pontual - 3 Feirões,Gabriel Pereira,Renan Winterink,17,Até 20,24/08/2026,Até 15 dias,PAGA
53284468000111,CARCONECT MULTIMARCA LTDA,Revenda Multimarcas,CO1 - NADIA JAMAYARA CARDOSO PRIMO,GUSTAVO ISAC ROSA,Feirão Pontual - 3 Feirões,Tatiane Silva,Renan Winterink,12,Até 20,21/08/2026,Até 15 dias,AGUARDANDO_PAGAMENTO
53338618000122,FURTADO & CARNEIRO COMERCIO DE VEICULOS E LOCACAO LTDA,Revenda Multimarcas,CO1 - NADIA JAMAYARA CARDOSO PRIMO,ALDENEI PEREIRA DOS SANTOS DA SILVA,Feirão Pontual - Feirão Setembro,Tatiane Silva,Renan Winterink,25,Até 30,31/08/2026,Até 15 dias,PAGA
53352061000184,RAROS MOTORS COMERCIO DE VEICULOS LTDA,RevendaCarro,CO1 - NADIA JAMAYARA CARDOSO PRIMO,Jeferson wellinton cavalcante matos,2 FEIROES - M,Tatiane Silva,Renan Winterink,0,Sem Estoque,,Nunca atualizou,PAGA
53389310000106,ML MOTORS,Revenda Multimarcas,SC1 - ELIANE DA SILVEIRA,EVERTON MATEUS MARCZINSKI,Feirão Pontual - 2 Feirões,Gabriel Pereira,Renan Winterink,0,Sem Estoque,,Nunca atualizou,PAGA
53454554000125,DEJOTA VEÍCULOS,RevendaCarro,MG1 - DOUGLAS HENRIQUE FERREIRA,Neide Tomaz da Costa,FEIRÃO SETEMBRO - P,Ludmila Martins,Renan Winterink,23,Até 30,15/08/2026,Até 30 dias,PAGA
53476870000106,Le Mans Multimarcas,Revenda Multimarcas,SC1 - ELIANE DA SILVEIRA,Weslei Harnack,Feirão Pontual - 3 Feirões,Gabriel Pereira,Renan Winterink,33,Até 50,26/08/2026,Até 15 dias,PAGA
53497369000118,AUTO LIMA MULTIMARCAS LTDA,Revenda Multimarcas,MG1 - DOUGLAS HENRIQUE FERREIRA,WESLEY PAULO GONCALVES,Feirão Pontual - 3 Feirões,Ludmila Martins,Renan Winterink,12,Até 20,26/08/2026,Até 15 dias,PAGA
53515494000103,DLX MULTIMARCAS,Revenda Multimarcas,SP4 - TIAGO FLORIANO OLIVEIRA,Victoria Barreiro,Feirão Pontual - 3 Feirões,Luana Marques,Juliana Grande,16,Até 20,31/08/2026,Até 15 dias,PAGA
53591229000104,EWF MULTIMARCAS,RevendaCarro,SPINT5 - EDILSON BERNAL MOLEIRO,Marcelo Fabiano Derato de Souza,FEIRÃO SETEMBRO - G,Juliana Grande,Juliana Grande,0,Sem Estoque,13/08/2025,Acima de 90 dias,PAGA
53633175000100,JH COMERCIO E SERVICOS LTDA/2F CAR,RevendaCarro,NE1 - FRANCISCA IVANISE CARVALHO FERNANDES,EDGARD TAVARES DE SOUZA JUNIOR,FEIRÃO SETEMBRO - M,Fernanda Souza,Fernanda Souza,0,Sem Estoque,,Nunca atualizou,PAGA
5365156000190,M & M COMERCIO DE PECAS E EQUIPAMENTOS LTDA.,Revenda Multimarcas,NE1 - FRANCISCA IVANISE CARVALHO FERNANDES,ANTONIO WANDESON DUARTE PEREIRA,Feirão Pontual - 3 Feirões,Fernanda Souza,Fernanda Souza,1,Até 5,12/08/2026,Até 30 dias,PAGA
53651885000155,ITA075 COMPRA E VENDA DE VEICULOS LTDA,RevendaCarro,NE3 - PAULO AMERICO LEMOS DE SEIXAS FILHO,Vinicio Cerqueira bispo,FEIRÃO SETEMBRO - P,Fernanda Souza,Fernanda Souza,0,Sem Estoque,,Nunca atualizou,PAGA
53668938000140,B&E Veículos,Revenda Multimarcas,NE3 - PAULO AMERICO LEMOS DE SEIXAS FILHO,Thiago Dalforne de Sousa,Feirão Pontual - Feirão Setembro,Fernanda Souza,Fernanda Souza,0,Sem Estoque,,Nunca atualizou,PAGA
53674535000104,Vpv,RevendaCarro,MG1 - DOUGLAS HENRIQUE FERREIRA,sarah cristine Macedo de souza,FEIRÃO SETEMBRO - P,Ludmila Martins,Renan Winterink,0,Sem Estoque,,Nunca atualizou,PENDENTE_ACEITE
53705743000123,Souza Car,Revenda Multimarcas,NE3 - PAULO AMERICO LEMOS DE SEIXAS FILHO,Marcos Luís Freitas de Santana,Feirão Pontual - 3 Feirões,Fernanda Souza,Fernanda Souza,23,Até 30,19/08/2026,Até 15 dias,PAGA
53756430000102,3AUTOS COMERCIO E LOCACAO DE AUTOMOVEIS LTDA,RevendaCarro,NE1 - FRANCISCA IVANISE CARVALHO FERNANDES,Janine aparecida Sales Araújo,FEIRÃO SETEMBRO - G,Fernanda Souza,Fernanda Souza,27,Até 30,07/07/2026,31 a 60 dias,PAGA
53773832000107,BW CAR LOCACOES E SERVICOS LTDA,Revenda Multimarcas,SP3 - EDWARD PEREZ CAMPOS,HENRIQUE ALVES GOMES,Feirão Pontual - Feirão Setembro,Luana Marques,Juliana Grande,0,Sem Estoque,,Nunca atualizou,AGUARDANDO_PAGAMENTO
53854706000187,CAR WILL MULTIMARCAS,RevendaCarro,SPINT1 - CHRISTIANE LOPES,Brian laurentino,FEIRÃO SETEMBRO - M,Juliana Grande,Juliana Grande,0,Sem Estoque,,Nunca atualizou,AGUARDANDO_PAGAMENTO
53876738000183,MIX COMERCIO DE VEICULOS LTDA,RevendaCarro,NO2 - LUIZ CLAUDIO DA PALMA DE ALMEIDA MAIA,Ana Maria Walfredo Neves,FEIRÃO SETEMBRO - P,Fernanda Souza,Fernanda Souza,0,Sem Estoque,,Nunca atualizou,PAGA
53999318000194,cj comercio de veiculos e motos ltda,RevendaCarro,NE2 - TASSIA CAMILA GOMES DE OLIVEIRA,FILLIPE DE FARIAS BARRETO MENESES,FEIRÃO SETEMBRO - P,Ruana Figueroa,Fernanda Souza,0,Sem Estoque,,Nunca atualizou,PAGA
54011061000183,MB PARTICIPACOES SOCIETARIAS LTDA,Revenda Multimarcas,CO2 - THEONILO GONCALINO DE ALMEIDA,Jefferson Clayton Lourenco,Feirão Pontual - 3 Feirões,Tatiane Silva,Renan Winterink,125,Acima 101,31/08/2026,Até 15 dias,PAGA
54066673000173,TAUFER COMERCIO DE VEICULOS LTDA,Revenda Multimarcas,SC2 - FABIANO HEIL DIAS,Janaina Regina Dalberto,Feirão Pontual - Feirão Setembro,Gabriel Pereira,Renan Winterink,0,Sem Estoque,,Nunca atualizou,PAGA
54070851000130,Sucesso Car,Revenda Multimarcas,SP3 - EDWARD PEREZ CAMPOS,Lucilene Cristina da Silva Rodrigues,Feirão Pontual - Feirão Setembro,Luana Marques,Juliana Grande,0,Sem Estoque,14/02/2026,Acima de 90 dias,PAGA
54072120000123,Pierre veiculos CG,RevendaCarro,NE2 - TASSIA CAMILA GOMES DE OLIVEIRA,Eduardo ferreira chagas,FEIRÃO SETEMBRO - P,Ruana Figueroa,Fernanda Souza,0,Sem Estoque,,Nunca atualizou,PAGA
54091123000104,GHVEL VEÍCULOS,RevendaCarro,SE1 - BRUNO NOGUEIRA MARTINS,LUIZ FELIPE BATISTA PEREIRA,FEIRÃO SETEMBRO - P,Ludmila Martins,Renan Winterink,0,Sem Estoque,,Nunca atualizou,PAGA
54112992000178,R M COMERCIO DE VEICULOS LTDA,Revenda Multimarcas,NE1 - FRANCISCA IVANISE CARVALHO FERNANDES,Keity Marielly santos da Silva,Feirão Pontual - 3 Feirões,Fernanda Souza,Fernanda Souza,10,Até 10,25/05/2026,Acima de 90 dias,PAGA
54186775000122,LUIZ FELIPE LIMA DINIZ BUENO LTDA,RevendaCarro,MG1 - DOUGLAS HENRIQUE FERREIRA,Adriano Diwo da silva,FEIRÃO SETEMBRO - M,Ludmila Martins,Renan Winterink,0,Sem Estoque,,Nunca atualizou,PENDENTE_ACEITE
54201382000140,Pereira e Oliveira Veículos Ltda,RevendaCarro,SP7 - FLAVIA DE FATIMA CORREA,Luiz Fernando Ferreira Henrique,FEIRÃO SETEMBRO - M,Juliana Grande,Juliana Grande,0,Sem Estoque,,Nunca atualizou,PENDENTE_ACEITE
54215830000165,The seminovos Ltda,RevendaCarro,NE1 - FRANCISCA IVANISE CARVALHO FERNANDES,Annalya Karoline santos Sampaio,FEIRÃO SETEMBRO - M,Fernanda Souza,Fernanda Souza,0,Sem Estoque,,Nunca atualizou,PAGA
54221231000154,Vm Veiculos Ltda,RevendaCarro,SC1 - ELIANE DA SILVEIRA,Tauan da Rosa Teixeira,FEIRÃO SETEMBRO - M,Gabriel Pereira,Renan Winterink,0,Sem Estoque,,Nunca atualizou,PAGA
54237666000197,Rubens Veiculos LTDA,RevendaCarro,SC2 - FABIANO HEIL DIAS,JAILSON MORAES,FEIRÃO SETEMBRO - M,Gabriel Pereira,Renan Winterink,0,Sem Estoque,,Nunca atualizou,PAGA
54252110000170,Tome Motors Ltda,RevendaCarro,SP3 - EDWARD PEREZ CAMPOS,Plinio Viani Rangel de Farias,FEIRÃO SETEMBRO - M,Luana Marques,Juliana Grande,0,Sem Estoque,,Nunca atualizou,PAGA
54267463000143,Remaza Ibirapuera,Concessionária,SP9 - SIMONE MAIA ALVES,RODRIGO RAMOS DA SILVA,Feirão Pontual - 3 Feirões,Juliana Grande,Juliana Grande,0,Sem Estoque,01/04/2026,Acima de 90 dias,PAGA
54267463001387,Remaza Santana,Concessionária,SP9 - SIMONE MAIA ALVES,FABRICIO RENATO DE FREITAS,Feirão Pontual - 3 Feirões,Juliana Grande,Juliana Grande,13,Até 20,17/04/2026,Acima de 90 dias,PAGA
54267463001549,Remaza ABC,Concessionária,SP9 - SIMONE MAIA ALVES,VERONICA GOMES,Feirão Pontual - 3 Feirões,Juliana Grande,Juliana Grande,31,Até 50,17/04/2026,Acima de 90 dias,PAGA
54267463001620,Remaza Tatuape,Concessionária,SP4 - TIAGO FLORIANO OLIVEIRA,MARCELO CESARIO NASCIMENTO,Feirão Pontual - 3 Feirões,Luana Marques,Juliana Grande,3,Até 5,24/08/2026,Até 15 dias,PAGA
54267463001891,Remaza Butantã,Concessionária,SP4 - TIAGO FLORIANO OLIVEIRA,MARCELO CESARIO NASCIMENTO,Feirão Pontual - 3 Feirões,Luana Marques,Juliana Grande,7,Até 10,16/04/2026,Acima de 90 dias,1 PARC ATRASO
54267463002006,Remaza Taboão,Concessionária,SP9 - SIMONE MAIA ALVES,VERONICA GOMES,Feirão Pontual - 3 Feirões,Juliana Grande,Juliana Grande,16,Até 20,22/05/2026,Acima de 90 dias,1 PARC ATRASO
54267463002197,Remaza Carrão,Concessionária,SP4 - TIAGO FLORIANO OLIVEIRA,MARCELO CESARIO NASCIMENTO,Feirão Pontual - 3 Feirões,Luana Marques,Juliana Grande,20,Até 20,01/06/2026,Acima de 90 dias,PAGA
54267463002510,Honda Moto Remaza IPIRANGA,Concessionária,SP9 - SIMONE MAIA ALVES,RODRIGO RAMOS DA SILVA,Feirão Pontual - 3 Feirões,Juliana Grande,Juliana Grande,5,Até 5,19/05/2026,Acima de 90 dias,PAGA
54267463003088,Remaza Diadema,Concessionária,SP9 - SIMONE MAIA ALVES,VERONICA GOMES,Feirão Pontual - 3 Feirões,Juliana Grande,Juliana Grande,48,Até 50,01/07/2026,61 a 90 dias,1 PARC ATRASO
54267463003169,Remaza Assunção,Concessionária,SP9 - SIMONE MAIA ALVES,VERONICA GOMES,Feirão Pontual - 3 Feirões,Juliana Grande,Juliana Grande,40,Até 50,20/05/2026,Acima de 90 dias,PAGA
54267463003240,Remaza Rudde Ramos,Concessionária,SP9 - SIMONE MAIA ALVES,VERONICA GOMES,Feirão Pontual - 3 Feirões,Juliana Grande,Juliana Grande,18,Até 20,15/08/2026,Até 30 dias,PAGA
54267463003320,Remaza Pacaembu,Concessionária,SP9 - SIMONE MAIA ALVES,RODRIGO RAMOS DA SILVA,Feirão Pontual - 3 Feirões,Juliana Grande,Juliana Grande,20,Até 20,08/04/2026,Acima de 90 dias,PAGA
54267463003401,Moto Remaza Centro,Concessionária,SP9 - SIMONE MAIA ALVES,FABRICIO RENATO DE FREITAS,Feirão Pontual - 3 Feirões,Juliana Grande,Juliana Grande,12,Até 20,15/04/2026,Acima de 90 dias,PAGA
54280091000195,FLP MULTIMARCAS LTDA,Revenda Multimarcas,SC1 - ELIANE DA SILVEIRA,Eduardo Bittencourt,Feirão Pontual - 3 Feirões,Gabriel Pereira,Renan Winterink,20,Até 20,27/08/2026,Até 15 dias,PAGA
54283860000109,D CAR VEICULOS,RevendaCarro,SP7 - FLAVIA DE FATIMA CORREA,Rodolfo Santos de Assunção Tirolli,FEIRÃO SETEMBRO - M,Juliana Grande,Juliana Grande,0,Sem Estoque,,Nunca atualizou,PAGA
54302938000195,Forte Multimarcas,RevendaCarro,CO1 - NADIA JAMAYARA CARDOSO PRIMO,Sheldon Expedito Sousa Santos,FEIRÃO SETEMBRO - M,Tatiane Silva,Renan Winterink,0,Sem Estoque,,Nunca atualizou,PAGA
54320232000156,AVANT MULTIMARCAS BOITUVA LTDA,RevendaCarro,SPINT5 - EDILSON BERNAL MOLEIRO,caiqui cabral,2 FEIROES - P,Juliana Grande,Juliana Grande,0,Sem Estoque,13/09/2024,Acima de 90 dias,PAGA
54361792000159,BRASILIA VEICULOS COMERCIO E SERVICOS LTDA,RevendaCarro,SPINT2 - MARCELO DE SOUSA CAETANO,affonso vinicius mansano reck,FEIRÃO SETEMBRO - M,Juliana Grande,Juliana Grande,0,Sem Estoque,,Nunca atualizou,PAGA
54379119000146,APS MULTIMARCAS,RevendaCarro,CO1 - NADIA JAMAYARA CARDOSO PRIMO,Luis Rodrigues Filho,2 FEIROES - M,Tatiane Silva,Renan Winterink,0,Sem Estoque,,Nunca atualizou,PAGA
54427841000109,Miguel motors,Revenda Multimarcas,SC1 - ELIANE DA SILVEIRA,Ariela da Silva,Feirão Pontual - 3 Feirões,Gabriel Pereira,Renan Winterink,10,Até 10,24/08/2026,Até 15 dias,PAGA
54503498000134,Destaque Comercio Varejista de Veiculos LTDA,Revenda Multimarcas,NE2 - TASSIA CAMILA GOMES DE OLIVEIRA,FELIPE CALDAS,Feirão Pontual - 3 Feirões,Ruana Figueroa,Fernanda Souza,12,Até 20,27/08/2026,Até 15 dias,PAGA
54508248000197,GABRIEL VEICULOS E LOCADORA LTDA,RevendaCarro,MG1 - DOUGLAS HENRIQUE FERREIRA,Thamara Resende Sousa,2 FEIROES - M,Ludmila Martins,Renan Winterink,0,Sem Estoque,,Nunca atualizou,PAGA
54564920000161,PIT STOP CAR LTDA,Revenda Multimarcas,SC1 - ELIANE DA SILVEIRA,Weslei Harnack,Feirão Pontual - 2 Feirões,Gabriel Pereira,Renan Winterink,23,Até 30,17/08/2026,Até 15 dias,PAGA
54638121000192,IMPERIO VEICULOS,RevendaCarro,MG1 - DOUGLAS HENRIQUE FERREIRA,carolina jardim rocha araujo,FEIRÃO SETEMBRO - P,Ludmila Martins,Renan Winterink,0,Sem Estoque,,Nunca atualizou,PAGA
54697995000110,Auto Moreira,Revenda Multimarcas,NE2 - TASSIA CAMILA GOMES DE OLIVEIRA,Cinthya Wallenska Castro Cunha de Moura,Feirão Pontual - 3 Feirões,Ruana Figueroa,Fernanda Souza,5,Até 5,27/03/2026,Acima de 90 dias,1 PARC ATRASO
54708261000190,Safieddine multimarcas,Revenda Multimarcas,PR1 - DOUGLAS INÁCIO DA SILVA,Tayana Regina da Silva Martins,Feirão Pontual - 3 Feirões,Lucynara Ochiai,Renan Winterink,39,Até 50,31/08/2026,Até 15 dias,PAGA
54796590000130,Neext fácil,RevendaCarro,SPINT4 - VINICIUS THIAGO PINHEIRO DOS SANTOS,Fabiana Pereira Quintiliano dos Reis,FEIRÃO SETEMBRO - M,Juliana Grande,Juliana Grande,0,Sem Estoque,,Nunca atualizou,PAGA
54804212000150,N G PINTO,Revenda Multimarcas,NE2 - TASSIA CAMILA GOMES DE OLIVEIRA,ALINE TICIANE SARAIVA QUEIROZ,Feirão Pontual - 3 Feirões,Ruana Figueroa,Fernanda Souza,1,Até 5,06/07/2026,31 a 60 dias,PAGA
54853984000182,GRANDO AUTOMOVEIS LTDA,RevendaCarro,SC2 - FABIANO HEIL DIAS,Luciano dos santos,FEIRÃO SETEMBRO - M,Gabriel Pereira,Renan Winterink,0,Sem Estoque,,Nunca atualizou,PAGA
54882860000125,ROTA 66 LANCE BH LTDA,RevendaCarro,MG1 - DOUGLAS HENRIQUE FERREIRA,Nathalia Pereira de Oliveira,FEIRÃO SETEMBRO - P,Ludmila Martins,Renan Winterink,17,Até 20,10/03/2025,Acima de 90 dias,AGUARDANDO_PAGAMENTO
54901378000195,GIUBILATO MOTORS RP LTDA / RENAN MULTIMARCAS,RevendaCarro,SPINT3 - FABIO YOSHIKAZU TANIGUTI,Thiago Roberto mariano Gregório,FEIRÃO SETEMBRO - M,Andre Souza,Luana Mota,0,Sem Estoque,,Nunca atualizou,PAGA
5490441000132,Quest Multimarcas LTDA,RevendaCarro,SP4 - TIAGO FLORIANO OLIVEIRA,Alvaro de Moura Lima Junior,FEIRÃO SETEMBRO - G,Luana Marques,Juliana Grande,120,Acima 101,31/08/2026,Até 15 dias,PAGA
54922001000112,GT VEICULOS ARAPIRFACA LTDA,Revenda Multimarcas,NE3 - PAULO AMERICO LEMOS DE SEIXAS FILHO,KRYSLAISA FONSECA FERRO,Feirão Pontual - 3 Feirões,Fernanda Souza,Fernanda Souza,10,Até 10,27/06/2026,61 a 90 dias,1 PARC ATRASO
54992662000114,RECH VEICULOS,Revenda Multimarcas,SC1 - ELIANE DA SILVEIRA,Diego de Moraes Subtil,Feirão Pontual - Feirão Setembro,Gabriel Pereira,Renan Winterink,0,Sem Estoque,,Nunca atualizou,PAGA
55009739000156,Raniere veículos,RevendaCarro,NE3 - PAULO AMERICO LEMOS DE SEIXAS FILHO,KRYSLAISA FONSECA FERRO,FEIRÃO SETEMBRO - P,Fernanda Souza,Fernanda Souza,0,Sem Estoque,,Nunca atualizou,PAGA
55061680000145,Audace Selection,Revenda Multimarcas,SC2 - FABIANO HEIL DIAS,João Vitor Salvador dos Santos,Feirão Pontual - Feirão Setembro,Gabriel Pereira,Renan Winterink,0,Sem Estoque,,Nunca atualizou,PAGA
55077034000176,Panther Motors Multimarcas LTDA,Revenda Multimarcas,MG1 - DOUGLAS HENRIQUE FERREIRA,Poliane Lopes de Souza Penido,Feirão Pontual - 3 Feirões,Ludmila Martins,Renan Winterink,17,Até 20,09/06/2026,61 a 90 dias,3 PARC ATRASO
55078871000110,ATM MOTOS LTDA,RevendaMoto,MG1 - DOUGLAS HENRIQUE FERREIRA,Thamara Resende Sousa,2 FEIROES - M,Ludmila Martins,Renan Winterink,0,Sem Estoque,,Nunca atualizou,PAGA
55145085000198,SAULO FERREIRA COMÉRCIO DE VEÍCULOS LTDA,RevendaCarro,NE3 - PAULO AMERICO LEMOS DE SEIXAS FILHO,Danilo Prado Santos,FEIRÃO SETEMBRO - P,Fernanda Souza,Fernanda Souza,0,Sem Estoque,,Nunca atualizou,PAGA
55295252000187,Kohl Veiculos,Revenda Multimarcas,SC1 - ELIANE DA SILVEIRA,Everton Mateus Marczinski,Feirão Pontual - 3 Feirões,Gabriel Pereira,Renan Winterink,9,Até 10,20/07/2026,31 a 60 dias,PAGA
5531088000191,FABRICIO ZIMMERMANN,RevendaCarro,SC2 - FABIANO HEIL DIAS,JAILSON MORAES,FEIRÃO SETEMBRO - G,Gabriel Pereira,Renan Winterink,81,Até 100,31/08/2026,Até 15 dias,PAGA
55341505000101,Wm Autocar,RevendaCarro,RS1 - DAIANE DOS SANTOS CORREA,Maicon Augusto de castro,FEIRÃO SETEMBRO - M,Bruna de Paula,Renan Winterink,20,Até 20,28/08/2026,Até 15 dias,PAGA
55401281000186,RM MOTORS PREMIUM,RevendaCarro,CO1 - NADIA JAMAYARA CARDOSO PRIMO,Igor Gonçalves,FEIRÃO SETEMBRO - M,Tatiane Silva,Renan Winterink,0,Sem Estoque,,Nunca atualizou,PAGA
55409945000153,ROYAL MOTORS,RevendaCarro,SPINT4 - VINICIUS THIAGO PINHEIRO DOS SANTOS,Rui de Almeida Oliveira,FEIRÃO SETEMBRO - P,Juliana Grande,Juliana Grande,0,Sem Estoque,,Nunca atualizou,PAGA
55437728000177,San Diego Multimarcas LTDA,Revenda Multimarcas,SPINT5 - EDILSON BERNAL MOLEIRO,Carolina Araujo de Paiva Franci,Feirão Pontual - 3 Feirões,Juliana Grande,Juliana Grande,23,Até 30,04/07/2026,31 a 60 dias,PAGA
55471848000190,Luiz Car Veiculos e Financiamentos LTDA,RevendaCarro,NE2 - TASSIA CAMILA GOMES DE OLIVEIRA,Luiz Gustavo Leite De Almeida,FEIRÃO SETEMBRO - P,Ruana Figueroa,Fernanda Souza,0,Sem Estoque,,Nunca atualizou,PAGA
55537489000127,IMPERIO DOS VEICULOS,Revenda Multimarcas,NE1 - FRANCISCA IVANISE CARVALHO FERNANDES,LIA RAQUEL FERNANDES CARDOZO,Feirão Pontual - 3 Feirões,Fernanda Souza,Fernanda Souza,7,Até 10,01/07/2026,61 a 90 dias,3 PARC ATRASO
55551883000110,Bnf Veiculos LTDA,Revenda Multimarcas,SC2 - FABIANO HEIL DIAS,Matheus Cuty,Feirão Pontual - Feirão Setembro,Gabriel Pereira,Renan Winterink,15,Até 20,30/08/2026,Até 15 dias,PAGA
55553623000183,Luciane pantoja Pinto,RevendaCarro,NO2 - LUIZ CLAUDIO DA PALMA DE ALMEIDA MAIA,Denise Rocha da Costa,FEIRÃO SETEMBRO - P,Fernanda Souza,Fernanda Souza,0,Sem Estoque,,Nunca atualizou,PAGA
55576595000110,MAGESTE COMERCIO DE VEICULOS LTDA,Revenda Multimarcas,MG1 - DOUGLAS HENRIQUE FERREIRA,Carolina jardim Rocha Araújo,Feirão Pontual - Feirão Setembro,Ludmila Martins,Renan Winterink,0,Sem Estoque,,Nunca atualizou,PAGA
55626357000171,M7 automóveis,RevendaCarro,PR1 - DOUGLAS INÁCIO DA SILVA,Diego Jak Poczynek,FEIRÃO SETEMBRO - P,Lucynara Ochiai,Renan Winterink,0,Sem Estoque,,Nunca atualizou,AGUARDANDO_PAGAMENTO
55631464000198,JG Motors,Revenda Multimarcas,SC1 - ELIANE DA SILVEIRA,rafael soares pacheco,Feirão Pontual - 3 Feirões,Gabriel Pereira,Renan Winterink,9,Até 10,17/08/2026,Até 15 dias,PAGA
55645870000100,FABIANO AUTOMOVEIS LTDA,Revenda Multimarcas,MG1 - DOUGLAS HENRIQUE FERREIRA,EVERSON GARCIA VIEIRA,Feirão Pontual - 3 Feirões,Ludmila Martins,Renan Winterink,22,Até 30,27/07/2026,31 a 60 dias,2 PARC ATRASO
55657452000132,CARTECH VEICULOS,RevendaCarro,SC1 - ELIANE DA SILVEIRA,Evandro fernando Machado Marczinski,FEIRÃO SETEMBRO - M,Gabriel Pereira,Renan Winterink,0,Sem Estoque,,Nunca atualizou,PAGA
55691377000126,PAGANI MOTORS LTDA,RevendaCarro,PR2 - MARIA INES ANTUNES,Rosangela Maria Moura Monteiro,FEIRÃO SETEMBRO - M,Lucynara Ochiai,Renan Winterink,21,Até 30,28/08/2026,Até 15 dias,PAGA
55757463000194,Auto R,RevendaCarro,SP8 - VAGO,Karina Pasquarelli Oliveira,FEIRÃO SETEMBRO - P,Juliana Grande,Juliana Grande,0,Sem Estoque,,Nunca atualizou,PAGA
55769009000153,VITORIOSO COMERCIO DE VEICULOS LTDA,RevendaCarro,SP5 - STEPHANIE REIS,Luciane Moreira Mancini,FEIRÃO SETEMBRO - G,Andre Souza,Luana Mota,13,Até 20,31/08/2026,Até 15 dias,PAGA
55780395000184,AD ASTRA MOTORS LTDA,RevendaCarro,SE1 - BRUNO NOGUEIRA MARTINS,RONALD VERONEZE AGUIAR,2 FEIROES - M,Ludmila Martins,Renan Winterink,0,Sem Estoque,,Nunca atualizou,PAGA
55847885000150,CENTRALCAR VEICULOS LTDA,RevendaCarro,SC1 - ELIANE DA SILVEIRA,francielle cisenski,FEIRÃO SETEMBRO - M,Gabriel Pereira,Renan Winterink,2,Até 5,15/05/2026,Acima de 90 dias,PAGA
55853692000102,TF2 MOTORS,Revenda Multimarcas,CO1 - NADIA JAMAYARA CARDOSO PRIMO,ALDENEI PEREIRA DOS SANTOS DA SILVA,Feirão Pontual - Feirão Setembro,Tatiane Silva,Renan Winterink,0,Sem Estoque,,Nunca atualizou,PAGA
55864805000175,AMIGAO VEICULOS,Revenda Multimarcas,SPINT4 - VINICIUS THIAGO PINHEIRO DOS SANTOS,Glauber Beloto,Feirão Pontual - 3 Feirões,Juliana Grande,Juliana Grande,19,Até 20,31/08/2026,Até 15 dias,PAGA
55865481000190,Marro Comércio e Negócios de Veículos Ltda,Revenda Multimarcas,SE1 - BRUNO NOGUEIRA MARTINS,Lucas Hungria Soares Silva,Feirão Pontual - Feirão Setembro,Ludmila Martins,Renan Winterink,13,Até 20,28/08/2026,Até 15 dias,PAGA
55960628000120,Multivel,Revenda Multimarcas,PR1 - DOUGLAS INÁCIO DA SILVA,Diego Jak Poczynek,Feirão Pontual - Feirão Setembro,Lucynara Ochiai,Renan Winterink,24,Até 30,29/08/2026,Até 15 dias,PAGA
56128098000111,RC AUTOS COMERCIO DE AUTOMOVEIS LTDA,RevendaCarro,NE1 - FRANCISCA IVANISE CARVALHO FERNANDES,EDGARD TAVARES DE SOUZA JUNIOR,FEIRÃO SETEMBRO - M,Fernanda Souza,Fernanda Souza,23,Até 30,14/08/2026,Até 30 dias,PAGA
56130083000198,STUDIOCAR LOJA DE VEICULOS LTDA,RevendaCarro,SP7 - FLAVIA DE FATIMA CORREA,Tábata Regina Pereira Lima,FEIRÃO SETEMBRO - P,Juliana Grande,Juliana Grande,0,Sem Estoque,19/07/2025,Acima de 90 dias,PAGA
56153878000111,M2 MULTIMARCAS LTDA,Revenda Multimarcas,SP4 - TIAGO FLORIANO OLIVEIRA,CAMILA MENDES SANTOS MOREIRA,Feirão Pontual - Feirão Setembro,Luana Marques,Juliana Grande,0,Sem Estoque,,Nunca atualizou,AGUARDANDO_PAGAMENTO
56298968000109,L M R COMERCIO DE VEICULOS LTDA,RevendaCarro,SPINT4 - VINICIUS THIAGO PINHEIRO DOS SANTOS,Helder Moreira Costa,FEIRÃO SETEMBRO - P,Juliana Grande,Juliana Grande,0,Sem Estoque,,Nunca atualizou,PAGA
56348158000101,JK MULTIMARCAS LTDA,RevendaCarro,MG1 - DOUGLAS HENRIQUE FERREIRA,Marcella Guimaraes Souza,FEIRÃO SETEMBRO - M,Ludmila Martins,Renan Winterink,0,Sem Estoque,,Nunca atualizou,PENDENTE_ACEITE
56433270000140,GW CAR LTDA,RevendaCarro,CO2 - THEONILO GONCALINO DE ALMEIDA,Nilson De Caldas Nascimento,FEIRÃO SETEMBRO - M,Tatiane Silva,Renan Winterink,0,Sem Estoque,,Nunca atualizou,PAGA
56660165000144,PASUCH COMERCIO DE VEICULOS LTDA,Revenda Multimarcas,NO1 - MARCOS WILLIAM MAIA LEMES JUNIOR,MARCOS AZAMBUJA,Feirão Pontual - 3 Feirões,,,36,Até 50,31/08/2026,Até 15 dias,PAGA
5667545000170,REAL CAR,Revenda Multimarcas,NE2 - TASSIA CAMILA GOMES DE OLIVEIRA,eduardo ferreira chagas,Feirão Pontual - 3 Feirões,Ruana Figueroa,Fernanda Souza,2,Até 5,15/06/2026,61 a 90 dias,1 PARC ATRASO
56930319000170,Alfa Premium,Revenda Multimarcas,RS1 - DAIANE DOS SANTOS CORREA,Muriel Thais Engeroff Barcellos,Feirão Pontual - Feirão Setembro,Bruna de Paula,Renan Winterink,0,Sem Estoque,,Nunca atualizou,PAGA
56933240000101,K MOTORS COMÉRCIO DE VEÍCULOS,RevendaCarro,SC1 - ELIANE DA SILVEIRA,Clicia Souza dos Santos,FEIRÃO SETEMBRO - M,Gabriel Pereira,Renan Winterink,0,Sem Estoque,,Nunca atualizou,PAGA
57079740000182,NOVA CAR,Revenda Multimarcas,MG1 - DOUGLAS HENRIQUE FERREIRA,Wesley Paulo Gonçalves,Feirão Pontual - 2 Feirões,Ludmila Martins,Renan Winterink,27,Até 30,29/08/2026,Até 15 dias,PAGA
57094288000128,Victor Alexandre Felix P. Leite Ltda,Revenda Multimarcas,NE2 - TASSIA CAMILA GOMES DE OLIVEIRA,SHIRLLEY BLAIR SOUSA ARAUJO,Feirão Pontual - 3 Feirões,Ruana Figueroa,Fernanda Souza,0,Sem Estoque,,Nunca atualizou,PAGA
57114800000150,PEREIRA AUTOMOVEIS COMERCIO DE VEICULOS LTDA,RevendaCarro,SC1 - ELIANE DA SILVEIRA,francielle cisenski,FEIRÃO SETEMBRO - M,Gabriel Pereira,Renan Winterink,0,Sem Estoque,,Nunca atualizou,PAGA
57137664000114,MISTERCARS MOTORS LTDA,RevendaCarro,NE3 - PAULO AMERICO LEMOS DE SEIXAS FILHO,Sidnei Miranda Sousa,FEIRÃO SETEMBRO - P,Fernanda Souza,Fernanda Souza,4,Até 5,30/08/2026,Até 15 dias,PAGA
57149483000108,MF AUTOMOVEIS,Revenda Multimarcas,SC1 - ELIANE DA SILVEIRA,DIEGO DE MORAES SUBTIL,Feirão Pontual - 2 Feirões,Gabriel Pereira,Renan Winterink,0,Sem Estoque,,Nunca atualizou,AGUARDANDO_PAGAMENTO
57167588000190,GIANE TREVISO SOBRINHO,RevendaCarro,SPINT4 - VINICIUS THIAGO PINHEIRO DOS SANTOS,Gabriel furlan,FEIRÃO SETEMBRO - M,Juliana Grande,Juliana Grande,0,Sem Estoque,,Nunca atualizou,PAGA
57230358000128,GF 7 VEICULOS LTDA,RevendaCarro,SP8 - VAGO,Bruno Bocaletti,FEIRÃO SETEMBRO - P,Juliana Grande,Juliana Grande,0,Sem Estoque,,Nunca atualizou,PAGA
57230921000168,IMPERIUM MOTORS LTDA,RevendaCarro,CO2 - THEONILO GONCALINO DE ALMEIDA,DHIULYA TORELLA,FEIRÃO SETEMBRO - P,Tatiane Silva,Renan Winterink,0,Sem Estoque,08/02/2025,Acima de 90 dias,PAGA
57260646000125,FB MOTORS PIRACICABA,Revenda Multimarcas,SPINT2 - MARCELO DE SOUSA CAETANO,Rogerio Andre Torello,Feirão Pontual - 3 Feirões,Juliana Grande,Juliana Grande,58,Até 100,31/08/2026,Até 15 dias,PAGA
57312545000150,LM Mottors Ltda,RevendaCarro,SP3 - EDWARD PEREZ CAMPOS,MARCOS ROBERTO OLIVEIRA DA SILVA,FEIRÃO SETEMBRO - M,Luana Marques,Juliana Grande,0,Sem Estoque,26/09/2025,Acima de 90 dias,PAGA
57340439000180,GPCAR VEICULOS LTDA,RevendaCarro,CO1 - NADIA JAMAYARA CARDOSO PRIMO,Loysa Renata Cordeiro de Souza,FEIRÃO SETEMBRO - M,Tatiane Silva,Renan Winterink,0,Sem Estoque,,Nunca atualizou,PAGA
57413400000146,Auto Premium automóveis ltda,RevendaCarro,SP7 - FLAVIA DE FATIMA CORREA,Antônio alexandre Nogueira lazaro,FEIRÃO SETEMBRO - P,Juliana Grande,Juliana Grande,0,Sem Estoque,,Nunca atualizou,PAGA
57453648000130,APEXX MOTORS COMERCIO DE VEICULOS LTDA,Revenda Multimarcas,SC1 - ELIANE DA SILVEIRA,Fernanda Meinchein da Silva Pinheiro,Feirão Pontual - 2 Feirões,Gabriel Pereira,Renan Winterink,54,Até 100,31/08/2026,Até 15 dias,PAGA
57489442000160,Tramontin Automoveis Ltda,Revenda Multimarcas,SC1 - ELIANE DA SILVEIRA,Everton Mateus Marczinski,Feirão Pontual - 3 Feirões,Gabriel Pereira,Renan Winterink,39,Até 50,31/08/2026,Até 15 dias,1 PARC ATRASO
57541825000130,Raff Car Comercio de Veiculos Ltda,RevendaCarro,PR1 - DOUGLAS INÁCIO DA SILVA,Eduardo José Cheim Rodrigues,FEIRÃO SETEMBRO - M,Lucynara Ochiai,Renan Winterink,0,Sem Estoque,,Nunca atualizou,PAGA
57598201000150,LUMA CARREIRO COMERCIO DE VEICULOS LTDA,RevendaCarro,SPINT2 - MARCELO DE SOUSA CAETANO,Fernanda Almeida,FEIRÃO SETEMBRO - P,Juliana Grande,Juliana Grande,0,Sem Estoque,,Nunca atualizou,PAGA
57602714000197,Auto Max,Revenda Multimarcas,NE1 - FRANCISCA IVANISE CARVALHO FERNANDES,Annalya karoline santos sampaio,Feirão Pontual - 3 Feirões,Fernanda Souza,Fernanda Souza,0,Sem Estoque,02/09/2024,Acima de 90 dias,PAGA
57629889000198,IC INVESTIMENTO COMPARTILHADO AUTOS LTDA,RevendaCarro,SP7 - FLAVIA DE FATIMA CORREA,Elisa Siqueira dos Santos,FEIRÃO SETEMBRO - M,Juliana Grande,Juliana Grande,0,Sem Estoque,,Nunca atualizou,PAGA
57681770000164,Dcar veículos,Revenda Multimarcas,NO1 - MARCOS WILLIAM MAIA LEMES JUNIOR,JOAO PEDRO DE BRITO SOUZA,Feirão Pontual - 3 Feirões,,,4,Até 5,03/06/2026,61 a 90 dias,PAGA
57689561000167,PLENITUDE COMERCIO DE AUTOMOVEIS E SERVICOS LTDA,Revenda Multimarcas,SP3 - EDWARD PEREZ CAMPOS,Plinio Viani Rangel de Farias,Feirão Pontual - Feirão Setembro,Luana Marques,Juliana Grande,0,Sem Estoque,27/06/2025,Acima de 90 dias,EM PROCESSAMENTO
57724780000130,YELLOW CAR COMERCIO DE AUTOMOVEIS LTDA,Revenda Multimarcas,CO2 - THEONILO GONCALINO DE ALMEIDA,Jefferson Clayton Lourenco,Feirão Pontual - 3 Feirões,Tatiane Silva,Renan Winterink,28,Até 30,14/07/2026,31 a 60 dias,PAGA
57752640000175,C P L MOTORS LTDA,Revenda Multimarcas,SP4 - TIAGO FLORIANO OLIVEIRA,Thabata Hernandes,Feirão Pontual - Feirão Setembro,Luana Marques,Juliana Grande,0,Sem Estoque,,Nunca atualizou,PAGA
57773938000161,HERIKO VEICULOS LTDA,RevendaCarro,NE2 - TASSIA CAMILA GOMES DE OLIVEIRA,Alison Kodi Hirata,FEIRÃO SETEMBRO - P,Ruana Figueroa,Fernanda Souza,0,Sem Estoque,,Nunca atualizou,PAGA
57800506000100,A L comércio de veículos ltda,RevendaCarro,SPINT3 - FABIO YOSHIKAZU TANIGUTI,Walberti Fabricio Baptista Peteneli,FEIRÃO SETEMBRO - P,Andre Souza,Luana Mota,0,Sem Estoque,,Nunca atualizou,PAGA
57801588000108,Uno e due Veiculos ltda,Revenda Multimarcas,MG1 - DOUGLAS HENRIQUE FERREIRA,Hygor Corsi Miranda,Feirão Pontual - Feirão Setembro,Ludmila Martins,Renan Winterink,0,Sem Estoque,,Nunca atualizou,AGUARDANDO_PAGAMENTO
57811435000133,M. F. DE LIMA LTDA,RevendaCarro,CO2 - THEONILO GONCALINO DE ALMEIDA,Jéssyka Nayara Santos Vieira,FEIRÃO SETEMBRO - P,Tatiane Silva,Renan Winterink,0,Sem Estoque,,Nunca atualizou,PAGA
57841317000178,M3 AUTO PREMIUM COMERCIO DE VEICULOS LTDA,RevendaCarro,SP4 - TIAGO FLORIANO OLIVEIRA,ANA PAULA MAURICIO,FEIRÃO SETEMBRO - M,Luana Marques,Juliana Grande,9,Até 10,04/07/2026,31 a 60 dias,PAGA
57873586000116,JF VEICULOS LTDA,Revenda Multimarcas,SC1 - ELIANE DA SILVEIRA,VITOR DA CUNHA MALLMANN,Feirão Pontual - 3 Feirões,Gabriel Pereira,Renan Winterink,4,Até 5,07/05/2026,Acima de 90 dias,PAGA
57879554000128,Geo Automóveis,Revenda Multimarcas,SC1 - ELIANE DA SILVEIRA,Willian Chagas Haueisen,Feirão Pontual - 3 Feirões,Gabriel Pereira,Renan Winterink,37,Até 50,28/08/2026,Até 15 dias,PAGA
57880271000104,Gêmeos Car Multimarcas,RevendaCarro,SPINT5 - EDILSON BERNAL MOLEIRO,Carlos Alberto Rosa,FEIRÃO SETEMBRO - M,Juliana Grande,Juliana Grande,0,Sem Estoque,,Nunca atualizou,PAGA
57897249000169,RAMOS ADM E PARTICIPACAO LTDA,Revenda Multimarcas,SE1 - BRUNO NOGUEIRA MARTINS,RICARDO SILVA TELLES,Feirão Pontual - Feirão Setembro,Ludmila Martins,Renan Winterink,0,Sem Estoque,,Nunca atualizou,PAGA
57904670000150,AUTO BRICK AUTOMOVEIS LTDA.,RevendaCarro,SC1 - ELIANE DA SILVEIRA,THIAGO PADILHA BITENCOURT,FEIRÃO SETEMBRO - M,Gabriel Pereira,Renan Winterink,67,Até 100,27/08/2026,Até 15 dias,PAGA
57937886000111,POTENCY CAR PRIME LTDA,RevendaCarro,NE1 - FRANCISCA IVANISE CARVALHO FERNANDES,Elania Santos de Oliveira,FEIRÃO SETEMBRO - G,Fernanda Souza,Fernanda Souza,89,Até 100,28/08/2026,Até 15 dias,PAGA
57957489000101,CARMAX COMERCIO DE VEICULOS LTDA,RevendaCarro,SC1 - ELIANE DA SILVEIRA,Vitor da cunha mallmann,FEIRÃO SETEMBRO - P,Gabriel Pereira,Renan Winterink,1,Até 5,10/08/2026,Até 30 dias,AGUARDANDO_PAGAMENTO
57972883000119,AUTO VALE MULTIMARCAS,Revenda Multimarcas,NO1 - MARCOS WILLIAM MAIA LEMES JUNIOR,GLEYDSON RODRIGUES RIBEIRO DE ALMEIDA,Feirão Pontual - Feirão Setembro,,,0,Sem Estoque,,Nunca atualizou,PAGA
58012594000130,ROTA 453 VEICULOS LTDA,Revenda Multimarcas,RS1 - DAIANE DOS SANTOS CORREA,Maicon Augusto de Castro,Feirão Pontual - 3 Feirões,Bruna de Paula,Renan Winterink,9,Até 10,26/05/2026,Acima de 90 dias,PAGA
58062970000100,RR autoaotors Ltda,RevendaCarro,SP3 - EDWARD PEREZ CAMPOS,Plinio Viani Rangel de Farias,FEIRÃO SETEMBRO - M,Luana Marques,Juliana Grande,0,Sem Estoque,01/06/2026,Acima de 90 dias,PENDENTE_ACEITE
58141109000129,AG MOTORS LTDA,RevendaCarro,PR2 - MARIA INES ANTUNES,Ruany de Aguiar Garcia Moço,FEIRÃO SETEMBRO - M,Lucynara Ochiai,Renan Winterink,45,Até 50,19/08/2026,Até 15 dias,PAGA
58155281000131,Oséias Oliveira Automóveis,RevendaCarro,SC2 - FABIANO HEIL DIAS,Alisson Diego Grochovski,FEIRÃO SETEMBRO - M,Gabriel Pereira,Renan Winterink,6,Até 10,15/05/2026,Acima de 90 dias,PENDENTE_ACEITE
58246963000150,LUIZA PORCEDA,ConcessionariaCarro,SPINT5 - EDILSON BERNAL MOLEIRO,Franciele Lopes,FEIRÃO SETEMBRO - P,Juliana Grande,Juliana Grande,0,Sem Estoque,,Nunca atualizou,PAGA
58282191000101,BARBOSA VEICULOS,Revenda Multimarcas,CO1 - NADIA JAMAYARA CARDOSO PRIMO,HUDSON DO NASCIMENTO SANTANA,Feirão Pontual - 3 Feirões,Tatiane Silva,Renan Winterink,22,Até 30,26/08/2026,Até 15 dias,PAGA
58332193000168,BLACK MOTORS PG,RevendaCarro,PR1 - DOUGLAS INÁCIO DA SILVA,MARYON MAYER,FEIRÃO SETEMBRO - M,Lucynara Ochiai,Renan Winterink,0,Sem Estoque,,Nunca atualizou,AGUARDANDO_PAGAMENTO
58343166000190,EDSON AUTOMOVEIS LTDA,RevendaCarro,SC1 - ELIANE DA SILVEIRA,Willian Haueisen,FEIRÃO SETEMBRO - M,Gabriel Pereira,Renan Winterink,5,Até 5,18/05/2026,Acima de 90 dias,PAGA
58439634000125,Garagem lagoa,Revenda Multimarcas,MG1 - DOUGLAS HENRIQUE FERREIRA,Cristiane Coelho challub Figueiredo,Feirão Pontual - Feirão Setembro,Ludmila Martins,Renan Winterink,0,Sem Estoque,,Nunca atualizou,PAGA
58443506000155,PARIS VEICULOS,RevendaCarro,PR2 - MARIA INES ANTUNES,Lericia Cavalcanti Manoel,FEIRÃO SETEMBRO - P,Lucynara Ochiai,Renan Winterink,0,Sem Estoque,,Nunca atualizou,PAGA
58460090000183,Visual Veículos,RevendaCarro,SPINT2 - MARCELO DE SOUSA CAETANO,Felipe Luiz Silva,FEIRÃO SETEMBRO - M,Juliana Grande,Juliana Grande,0,Sem Estoque,,Nunca atualizou,PAGA
58492262000109,DIAMOND VEICULOS LTDA,Revenda Multimarcas,MG1 - DOUGLAS HENRIQUE FERREIRA,Mariana Batista de Sousa,Feirão Pontual - Feirão Setembro,Ludmila Martins,Renan Winterink,79,Até 100,27/08/2026,Até 15 dias,PAGA
58522070000190,Izza Motors comércio de veículos multimarcas Ltda,Revenda Multimarcas,SP4 - TIAGO FLORIANO OLIVEIRA,Gregory Nicholas Philip Ribeiro da Rosa,Feirão Pontual - 3 Feirões,Luana Marques,Juliana Grande,0,Sem Estoque,05/08/2026,Até 30 dias,4 PARC ATRASO
5852222000156,NININHO VEICULOS E SERVICOS ADMINISTRATIVOS LTDA,RevendaCarro,SP3 - EDWARD PEREZ CAMPOS,HENRIQUE ALVES GOMES,FEIRÃO SETEMBRO - M,Luana Marques,Juliana Grande,0,Sem Estoque,20/03/2024,Acima de 90 dias,PAGA
58580200000140,J. SCHMIDT COMERCIO DE AUTOMOVEIS EIRELI,RevendaCarro,SP8 - VAGO,Karina Pasquarelli Oliveira,FEIRÃO SETEMBRO - P,Juliana Grande,Juliana Grande,0,Sem Estoque,22/10/2025,Acima de 90 dias,PAGA
58686749000114,PEDRO MULTIMARCAS 29,Revenda Multimarcas,NE2 - TASSIA CAMILA GOMES DE OLIVEIRA,Aline Saraiva,Feirão Pontual - 3 Feirões,Ruana Figueroa,Fernanda Souza,5,Até 5,28/07/2026,31 a 60 dias,PAGA
58694479000193,M.A COMERCIO VAREJISTA DE VEICULOS LTDA,RevendaCarro,CO1 - NADIA JAMAYARA CARDOSO PRIMO,ALDENEI PEREIRA DOS SANTOS DA SILVA,FEIRÃO SETEMBRO - P,Tatiane Silva,Renan Winterink,0,Sem Estoque,,Nunca atualizou,PAGA
58917686000160,PSP Automotive,Revenda Multimarcas,SP5 - STEPHANIE REIS,Marcos Vinicius Mellare,Feirão Pontual - 3 Feirões,Andre Souza,Luana Mota,15,Até 20,27/08/2026,Até 15 dias,PAGA
58935306000110,Gemeos Car comercio e locação de veiculos,Revenda Multimarcas,NE3 - PAULO AMERICO LEMOS DE SEIXAS FILHO,Elisangela Silva Gomes,Feirão Pontual - Feirão Setembro,Fernanda Souza,Fernanda Souza,0,Sem Estoque,,Nunca atualizou,PAGA
58940828000100,J REIS COMERCIO DE VEICULOS LTDA,RevendaCarro,NO2 - LUIZ CLAUDIO DA PALMA DE ALMEIDA MAIA,RENATA LOPES,FEIRÃO SETEMBRO - P,Fernanda Souza,Fernanda Souza,0,Sem Estoque,,Nunca atualizou,PAGA
59023639000135,Play car veículos ltda,RevendaCarro,SP5 - STEPHANIE REIS,Valéria costa,FEIRÃO SETEMBRO - M,Andre Souza,Luana Mota,0,Sem Estoque,02/06/2026,61 a 90 dias,PAGA
5904062000141,VR NATIVA VEICULOS LTDA,RevendaCarro,SPINT1 - CHRISTIANE LOPES,PAMELA CARRASCO,FEIRÃO SETEMBRO - G,Juliana Grande,Juliana Grande,195,Acima 101,31/08/2026,Até 15 dias,PAGA
59085083000101,M R L MOTA,RevendaCarro,NO2 - LUIZ CLAUDIO DA PALMA DE ALMEIDA MAIA,VANESSA CARVALHO SOARES,FEIRÃO SETEMBRO - P,Fernanda Souza,Fernanda Souza,23,Até 30,27/08/2026,Até 15 dias,PAGA
59134402000121,AWP motors multimarcas,RevendaCarro,SPINT5 - EDILSON BERNAL MOLEIRO,Marcelo Fabiano Derato de Souza,FEIRÃO SETEMBRO - P,Juliana Grande,Juliana Grande,0,Sem Estoque,,Nunca atualizou,PAGA
59150670000137,PASSINI VEICULOS LTDA,Revenda Multimarcas,MG1 - DOUGLAS HENRIQUE FERREIRA,WESLEY PAULO GONCALVES,Feirão Pontual - 3 Feirões,Ludmila Martins,Renan Winterink,26,Até 30,25/08/2026,Até 15 dias,PAGA
59187889000100,Zion Multimarcas,RevendaCarro,SPINT4 - VINICIUS THIAGO PINHEIRO DOS SANTOS,Rosilene Morais Alves Campos,FEIRÃO SETEMBRO - P,Juliana Grande,Juliana Grande,0,Sem Estoque,,Nunca atualizou,PAGA
59191914000120,ALBINO MOTORS LTDA,RevendaCarro,SC1 - ELIANE DA SILVEIRA,jefferson soares da silva monteiro,FEIRÃO SETEMBRO - P,Gabriel Pereira,Renan Winterink,0,Sem Estoque,22/05/2025,Acima de 90 dias,PAGA
59195969000108,Car prime ltda,RevendaCarro,NE3 - PAULO AMERICO LEMOS DE SEIXAS FILHO,Sergio Ricardo Parisio Santos,FEIRÃO SETEMBRO - P,Fernanda Souza,Fernanda Souza,0,Sem Estoque,,Nunca atualizou,PAGA
59267349000137,M3 Autos,RevendaCarro,PR1 - DOUGLAS INÁCIO DA SILVA,Henrique Fernandez Beltrão,FEIRÃO SETEMBRO - M,Lucynara Ochiai,Renan Winterink,0,Sem Estoque,,Nunca atualizou,PAGA
59282524000165,MOTOCAR,Concessionária,PR1 - DOUGLAS INÁCIO DA SILVA,RODRIGO AUGUSTO HARTMANN NUNES,Feirão Pontual - 3 Feirões,Lucynara Ochiai,Renan Winterink,15,Até 20,27/08/2026,Até 15 dias,1 PARC ATRASO
59286798000122,Aw Comercio de Veiculos,RevendaCarro,SC2 - FABIANO HEIL DIAS,Matheus Cuty,FEIRÃO SETEMBRO - P,Gabriel Pereira,Renan Winterink,0,Sem Estoque,,Nunca atualizou,AGUARDANDO_PAGAMENTO
59355786000102,Pelicano Auto Car Ltda,Revenda Multimarcas,NE1 - FRANCISCA IVANISE CARVALHO FERNANDES,Janine aparecida Sales Araujo,Feirão Pontual - 3 Feirões,Fernanda Souza,Fernanda Souza,37,Até 50,25/08/2026,Até 15 dias,AGUARDANDO_PAGAMENTO
59430491000153,GDR MOTORS,RevendaCarro,SP8 - VAGO,KARINA PASQUARELLI,FEIRÃO SETEMBRO - M,Juliana Grande,Juliana Grande,0,Sem Estoque,,Nunca atualizou,PAGA
59472436000126,TMCAR,Revenda Multimarcas,NE2 - TASSIA CAMILA GOMES DE OLIVEIRA,THIAGO ROMERO SOARES Dantas,Feirão Pontual - 3 Feirões,Ruana Figueroa,Fernanda Souza,0,Sem Estoque,,Nunca atualizou,PAGA
59497540000175,Bill Veiculos Ltda - ME,RevendaCarro,NO2 - LUIZ CLAUDIO DA PALMA DE ALMEIDA MAIA,RENATA LOPES,FEIRÃO SETEMBRO - P,Fernanda Souza,Fernanda Souza,0,Sem Estoque,,Nunca atualizou,PAGA
59558978000116,smart motos ltda - smart motos,RevendaMoto,CO2 - THEONILO GONCALINO DE ALMEIDA,luiza mendonça de la higuera puig,FEIRÃO SETEMBRO - P,Tatiane Silva,Renan Winterink,0,Sem Estoque,,Nunca atualizou,PAGA
59574692000124,CALDIERARO MOTORS,Revenda Multimarcas,RS1 - DAIANE DOS SANTOS CORREA,Adriana Alles,Feirão Pontual - 2 Feirões,Bruna de Paula,Renan Winterink,36,Até 50,27/08/2026,Até 15 dias,PAGA
59646276000194,1961 AUTOS & LOGISTICAS LTDA,RevendaCarro,NE1 - FRANCISCA IVANISE CARVALHO FERNANDES,Annie Lima Ximenes,FEIRÃO SETEMBRO - P,Fernanda Souza,Fernanda Souza,0,Sem Estoque,,Nunca atualizou,PAGA
59747418000100,Lucineia de Fátima sponton cazzoli vendramini,RevendaCarro,SPINT3 - FABIO YOSHIKAZU TANIGUTI,Bruno Eduardo de Oliveira,FEIRÃO SETEMBRO - P,Andre Souza,Luana Mota,0,Sem Estoque,,Nunca atualizou,PAGA
59771389000111,ANDRECAR VEICULOS LTDA,Concessionária,RS1 - DAIANE DOS SANTOS CORREA,CARLOS ROBERTO MACHADO LA ROCCA,Feirão Pontual - Feirão Setembro,Bruna de Paula,Renan Winterink,0,Sem Estoque,,Nunca atualizou,PAGA
59782845000129,UNIAUTO,RevendaCarro,SPINT4 - VINICIUS THIAGO PINHEIRO DOS SANTOS,RENAN FELIPE DE OLIVEIRA CHIARI,FEIRÃO SETEMBRO - P,Juliana Grande,Juliana Grande,0,Sem Estoque,,Nunca atualizou,PAGA
5980758000157,POINT CAR AUTOMOVEIS,RevendaCarro,RS1 - DAIANE DOS SANTOS CORREA,Juliana Vanin Macedo,FEIRÃO SETEMBRO - M,Bruna de Paula,Renan Winterink,7,Até 10,19/05/2026,Acima de 90 dias,PAGA
59826580000113,Yellow car multimarcas,Revenda Multimarcas,SP3 - EDWARD PEREZ CAMPOS,Eduardo Felipe Faria,Feirão Pontual - Feirão Setembro,Luana Marques,Juliana Grande,201,Acima 101,29/08/2026,Até 15 dias,PAGA
59855364000104,JACARE VEICULOS,RevendaCarro,MG1 - DOUGLAS HENRIQUE FERREIRA,Hericles Adriano Ribeiro da Silva,FEIRÃO SETEMBRO - M,Ludmila Martins,Renan Winterink,0,Sem Estoque,,Nunca atualizou,PAGA
59863384000119,GG veículos,Revenda Multimarcas,NE3 - PAULO AMERICO LEMOS DE SEIXAS FILHO,Gláucio luiz,Feirão Pontual - Feirão Setembro,Fernanda Souza,Fernanda Souza,0,Sem Estoque,,Nunca atualizou,EM PROCESSAMENTO
59934012000136,MONTEIRO VEICULOS LTDA,Revenda Multimarcas,CO1 - NADIA JAMAYARA CARDOSO PRIMO,keila rosecler bispo matos,Feirão Pontual - 3 Feirões,Tatiane Silva,Renan Winterink,0,Sem Estoque,29/01/2026,Acima de 90 dias,4 PARC ATRASO
59962656000138,Major veiculos spe ltda,RevendaCarro,NE2 - TASSIA CAMILA GOMES DE OLIVEIRA,Cinthya Wallenska Castro Cunha de Moura,FEIRÃO SETEMBRO - P,Ruana Figueroa,Fernanda Souza,0,Sem Estoque,03/12/2025,Acima de 90 dias,PAGA
59994835000157,MARANATA VEICULOS Contagem,Revenda Multimarcas,MG1 - DOUGLAS HENRIQUE FERREIRA,Poliane Lopes de Souza Penido,Feirão Pontual - 3 Feirões,Ludmila Martins,Renan Winterink,20,Até 20,31/08/2026,Até 15 dias,1 PARC ATRASO
60039911000154,AUTOLIDER MULTIMARCAS LTDA,RevendaCarro,SC1 - ELIANE DA SILVEIRA,LUCIANA PEREIRA,FEIRÃO SETEMBRO - M,Gabriel Pereira,Renan Winterink,0,Sem Estoque,,Nunca atualizou,AGUARDANDO_PAGAMENTO
60054250000136,Auto K veículos,RevendaCarro,PR1 - DOUGLAS INÁCIO DA SILVA,Renan Rodrigues dos Santos Ribas,FEIRÃO SETEMBRO - P,Lucynara Ochiai,Renan Winterink,0,Sem Estoque,,Nunca atualizou,PAGA
60122303000109,Sobral Motors,RevendaCarro,SPINT4 - VINICIUS THIAGO PINHEIRO DOS SANTOS,vinicius rosi garcia thereza,FEIRÃO SETEMBRO - P,Juliana Grande,Juliana Grande,0,Sem Estoque,,Nunca atualizou,PAGA
60184185000163,COELHO VEICULOS LTDA - COELHO VEICULOS,RevendaCarro,NE2 - TASSIA CAMILA GOMES DE OLIVEIRA,ANTONIO MARCOS DA SILVA NOBREGA,FEIRÃO SETEMBRO - P,Ruana Figueroa,Fernanda Souza,0,Sem Estoque,,Nunca atualizou,PAGA
60228064000176,HR VEICULOS LTDA,RevendaCarro,SPINT3 - FABIO YOSHIKAZU TANIGUTI,EDUARDO MACIEL,FEIRÃO SETEMBRO - M,Andre Souza,Luana Mota,9,Até 10,11/06/2026,61 a 90 dias,PAGA
60287908000150,AUTOSHOW  MULTIMARCAS LTDA,Revenda Multimarcas,NO2 - LUIZ CLAUDIO DA PALMA DE ALMEIDA MAIA,Renata Marinho Lopes,Feirão Pontual - 3 Feirões,Fernanda Souza,Fernanda Souza,3,Até 5,06/05/2026,Acima de 90 dias,PAGA
60293810000105,VALLECAR,Revenda Multimarcas,NE2 - TASSIA CAMILA GOMES DE OLIVEIRA,Alison Kodi Hirata,Feirão Pontual - 3 Feirões,Ruana Figueroa,Fernanda Souza,1,Até 5,05/06/2026,61 a 90 dias,PAGA
60321685000108,MD CONSULTORIA AUTOMOTIVA LTDA,RevendaCarro,SP3 - EDWARD PEREZ CAMPOS,Eduardo Felipe Faria,FEIRÃO SETEMBRO - P,Luana Marques,Juliana Grande,0,Sem Estoque,08/11/2025,Acima de 90 dias,PAGA
60371640000130,Hiper Veiculos Arapongas,RevendaCarro,PR2 - MARIA INES ANTUNES,WILSON RICHARD NASCIMENTO DOS SANTOS,FEIRÃO SETEMBRO - M,Lucynara Ochiai,Renan Winterink,0,Sem Estoque,,Nunca atualizou,PENDENTE_ACEITE
60385335000105,B CAR AGENCIA DE VEICULOS LTDA,Revenda Multimarcas,NE1 - FRANCISCA IVANISE CARVALHO FERNANDES,ANTONIO WANDESON DUARTE PEREIRA,Feirão Pontual - 3 Feirões,Fernanda Souza,Fernanda Souza,0,Sem Estoque,,Nunca atualizou,PAGA
60420559000100,GILSON COMERCIO DE VEICULOS LTDA,RevendaCarro,CO2 - THEONILO GONCALINO DE ALMEIDA,GILSON JOSE DA CUNHA,FEIRÃO SETEMBRO - P,Tatiane Silva,Renan Winterink,32,Até 50,25/08/2026,Até 15 dias,PAGA
60447369000179,ADMILSON CARVALHO DA COSTA VEICULOS LTDA,RevendaCarro,SPINT3 - FABIO YOSHIKAZU TANIGUTI,Luiz Antonio Alves Zara,FEIRÃO SETEMBRO - M,Andre Souza,Luana Mota,41,Até 50,04/07/2026,31 a 60 dias,PAGA
60451586000132,M Perci Netto Ltda,RevendaCarro,RS1 - DAIANE DOS SANTOS CORREA,Edson Luís Alves Lopes,FEIRÃO SETEMBRO - M,Bruna de Paula,Renan Winterink,0,Sem Estoque,,Nunca atualizou,PAGA
60496756000103,GS Automóveis,Revenda Multimarcas,SC1 - ELIANE DA SILVEIRA,Luciana Pereira,Feirão Pontual - Feirão Setembro,Gabriel Pereira,Renan Winterink,1,Até 5,10/08/2026,Até 30 dias,PAGA
60529984000124,HARMAN MOTORS LTDA,RevendaCarro,SPINT1 - CHRISTIANE LOPES,vinicius felipe bernardes de godoi,FEIRÃO SETEMBRO - P,Juliana Grande,Juliana Grande,0,Sem Estoque,,Nunca atualizou,PAGA
60614411000107,MARCIO VEICULOS - M.V. Ltda,RevendaCarro,SPINT5 - EDILSON BERNAL MOLEIRO,veridiana furlani hummel dos santos,FEIRÃO SETEMBRO - P,Juliana Grande,Juliana Grande,0,Sem Estoque,,Nunca atualizou,PENDENTE_ACEITE
60667197000149,Fast car ltda,RevendaCarro,SPINT1 - CHRISTIANE LOPES,Felipe menezes de mello,FEIRÃO SETEMBRO - M,Juliana Grande,Juliana Grande,0,Sem Estoque,,Nunca atualizou,AGUARDANDO_PAGAMENTO
60723311000100,BECX MOTORS COMERCIO DE VEICULOS LTDA,Revenda Multimarcas,SP3 - EDWARD PEREZ CAMPOS,MARCOS ROBERTO OLIVEIRA DA SILVA,Feirão Pontual - Feirão Setembro,Luana Marques,Juliana Grande,0,Sem Estoque,23/09/2025,Acima de 90 dias,PAGA
60780485000105,Lopes Marques Comércio de Veículos Ltda.,Revenda Multimarcas,SP3 - EDWARD PEREZ CAMPOS,Plinio Viani Rangel de Farias,Feirão Pontual - Feirão Setembro,Luana Marques,Juliana Grande,5,Até 5,02/07/2026,31 a 60 dias,EM PROCESSAMENTO
60801433000178,Thor Motors,Revenda Multimarcas,SC1 - ELIANE DA SILVEIRA,Weslei Harnack,Feirão Pontual - 3 Feirões,Gabriel Pereira,Renan Winterink,2,Até 5,01/07/2026,61 a 90 dias,PAGA
60973072000147,GM AUTOSS LTDA,Revenda Multimarcas,NE2 - TASSIA CAMILA GOMES DE OLIVEIRA,antonio jose ayres da silva,Feirão Pontual - 3 Feirões,Ruana Figueroa,Fernanda Souza,21,Até 30,22/08/2026,Até 15 dias,2 PARC ATRASO
61007462000125,LVR VEICULOS LTDA,Revenda Multimarcas,NE3 - PAULO AMERICO LEMOS DE SEIXAS FILHO,KRYSLAISA FONSECA FERRO,Feirão Pontual - 3 Feirões,Fernanda Souza,Fernanda Souza,10,Até 10,27/08/2026,Até 15 dias,1 PARC ATRASO
61012003000130,KM VEICULOS,Revenda Multimarcas,NE1 - FRANCISCA IVANISE CARVALHO FERNANDES,Leivia emanuelle oliveira dos Santos,Feirão Pontual - Feirão Setembro,Fernanda Souza,Fernanda Souza,0,Sem Estoque,30/07/2026,31 a 60 dias,PAGA
61023696000166,CREPALDI MOTORS,RevendaCarro,SPINT5 - EDILSON BERNAL MOLEIRO,Carlos Alberto Rosa,2 FEIROES - M,Juliana Grande,Juliana Grande,0,Sem Estoque,,Nunca atualizou,PAGA
61040188000196,DANIEL STIVAL VEICULOS LTDA,RevendaCarro,NE3 - PAULO AMERICO LEMOS DE SEIXAS FILHO,MAIRA GONCALVES AMORIM,FEIRÃO SETEMBRO - M,Fernanda Souza,Fernanda Souza,0,Sem Estoque,,Nunca atualizou,PAGA
6109889000126,Ellen Victor,RevendaCarro,NE2 - TASSIA CAMILA GOMES DE OLIVEIRA,Jean Francisco Emídio de Almeida,FEIRÃO SETEMBRO - P,Ruana Figueroa,Fernanda Souza,0,Sem Estoque,,Nunca atualizou,PAGA
61114303000120,RC Motors,RevendaCarro,PR1 - DOUGLAS INÁCIO DA SILVA,Henrique Fernandez Beltrão,FEIRÃO SETEMBRO - M,Lucynara Ochiai,Renan Winterink,0,Sem Estoque,,Nunca atualizou,PENDENTE_ACEITE
61153539000175,premium veiculos ltda,RevendaCarro,RS1 - DAIANE DOS SANTOS CORREA,rosmar silveira nunes,FEIRÃO SETEMBRO - M,Bruna de Paula,Renan Winterink,0,Sem Estoque,,Nunca atualizou,PAGA
61196305000105,Rota Sol,Revenda Multimarcas,PR1 - DOUGLAS INÁCIO DA SILVA,Joao Leonardo Dacheri,Feirão Pontual - Feirão Setembro,Lucynara Ochiai,Renan Winterink,0,Sem Estoque,,Nunca atualizou,AGUARDANDO_PAGAMENTO
61208210000164,R11 Veículos,Revenda Multimarcas,SP4 - TIAGO FLORIANO OLIVEIRA,SUELEM MATIAS DOS SANTOS,Feirão Pontual - 3 Feirões,Luana Marques,Juliana Grande,7,Até 10,11/08/2026,Até 30 dias,5 PARC ATRASO
61226483000131,G3 PREMIUM COMERCIO DE VEICULOS LTDA,RevendaCarro,CO1 - NADIA JAMAYARA CARDOSO PRIMO,TIAGO DA CUNHA ALVES,FEIRÃO SETEMBRO - P,Tatiane Silva,Renan Winterink,0,Sem Estoque,,Nunca atualizou,PAGA
61304446000102,MALIZA MULTIMARCAS LTDA,Revenda Multimarcas,SPINT4 - VINICIUS THIAGO PINHEIRO DOS SANTOS,Vilmanir Coldebella,Feirão Pontual - Feirão Setembro,Juliana Grande,Juliana Grande,0,Sem Estoque,,Nunca atualizou,PAGA
61348879000151,Diego Borges de Sousa Ltda / autos multimarcas,RevendaCarro,CO1 - NADIA JAMAYARA CARDOSO PRIMO,Rickson souza de lima,FEIRÃO SETEMBRO - M,Tatiane Silva,Renan Winterink,15,Até 20,31/08/2026,Até 15 dias,PAGA
61409847000119,G R A COMERCIO DE VEICULOS,Revenda Multimarcas,SC1 - ELIANE DA SILVEIRA,Guilherme Francisco dos Santos,Feirão Pontual - 2 Feirões,Gabriel Pereira,Renan Winterink,37,Até 50,28/08/2026,Até 15 dias,PAGA
6144555000193,Vero Automoveis,Revenda Multimarcas,MG1 - DOUGLAS HENRIQUE FERREIRA,Nathalia Pereira de Oliveira,Feirão Pontual - 3 Feirões,Ludmila Martins,Renan Winterink,29,Até 30,29/08/2026,Até 15 dias,PAGA
6154956000124,NF MULTIMARCAS DE VEICULOS LTDA,RevendaCarro,MG1 - DOUGLAS HENRIQUE FERREIRA,Karen Sabrina Neves da Silva,FEIRÃO SETEMBRO - M,Ludmila Martins,Renan Winterink,0,Sem Estoque,,Nunca atualizou,PAGA
61589870000132,UGGIONI MOTORS LTDA,Revenda Multimarcas,SC1 - ELIANE DA SILVEIRA,Cynthia Fernandes Moura,Feirão Pontual - 3 Feirões,Gabriel Pereira,Renan Winterink,39,Até 50,25/08/2026,Até 15 dias,PAGA
61594932000102,ODCAR VEICULOS LTDA,RevendaCarro,CO2 - THEONILO GONCALINO DE ALMEIDA,Karine Gonçalves dos Santos,FEIRÃO SETEMBRO - P,Tatiane Silva,Renan Winterink,16,Até 20,31/08/2026,Até 15 dias,PAGA
61659919000186,f. saad veiculos,RevendaCarro,CO2 - THEONILO GONCALINO DE ALMEIDA,ISABELA FONSECA DE MELLO,FEIRÃO SETEMBRO - P,Tatiane Silva,Renan Winterink,0,Sem Estoque,,Nunca atualizou,PAGA
61752143000144,COLONIAL VEICULOS MULTIMARCAS LTDA,RevendaCarro,SPINT5 - EDILSON BERNAL MOLEIRO,ELISANGELA FURQUIM LEMOS,FEIRÃO SETEMBRO - P,Juliana Grande,Juliana Grande,0,Sem Estoque,09/06/2023,Acima de 90 dias,PAGA
61852835000164,STRABE MOTORS,RevendaCarro,SP4 - TIAGO FLORIANO OLIVEIRA,Victoria Barreiro,FEIRÃO SETEMBRO - M,Luana Marques,Juliana Grande,0,Sem Estoque,,Nunca atualizou,PAGA
61890814000133,DIAS & CAVALCANTI LTDA,Revenda Multimarcas,NE2 - TASSIA CAMILA GOMES DE OLIVEIRA,Cláudio Gonçalves Soutinho,Feirão Pontual - 3 Feirões,Ruana Figueroa,Fernanda Souza,3,Até 5,18/05/2026,Acima de 90 dias,PAGA
62008658000105,A3 autos comércio de veículos ltda,Revenda Multimarcas,NE3 - PAULO AMERICO LEMOS DE SEIXAS FILHO,Clevina Santos melo,Feirão Pontual - 3 Feirões,Fernanda Souza,Fernanda Souza,9,Até 10,16/05/2026,Acima de 90 dias,PAGA
6206217000139,Eurovel Multimarcas,Revenda Multimarcas,SC1 - ELIANE DA SILVEIRA,Roberta Cascaes,Feirão Pontual - 3 Feirões,Gabriel Pereira,Renan Winterink,38,Até 50,18/08/2026,Até 15 dias,2 PARC ATRASO
620835000144,ANNE VEICULOS ITARARE UNIPESSOAL LTDA,Revenda Multimarcas,SPINT5 - EDILSON BERNAL MOLEIRO,VERIDIANA FURLANI HUMMEL DOS SANTOS,Feirão Pontual - 3 Feirões,Juliana Grande,Juliana Grande,20,Até 20,29/08/2026,Até 15 dias,PAGA
62111280000162,F de Sousa Dantas,Revenda Multimarcas,NE2 - TASSIA CAMILA GOMES DE OLIVEIRA,THIAGO ROMERO SOARES Dantas,Feirão Pontual - 3 Feirões,Ruana Figueroa,Fernanda Souza,0,Sem Estoque,,Nunca atualizou,PAGA
62121955000154,ZÉ MULTIMARCAS LTDA,Revenda Multimarcas,SE1 - BRUNO NOGUEIRA MARTINS,Diego Timoteo Santos,Feirão Pontual - 3 Feirões,Ludmila Martins,Renan Winterink,0,Sem Estoque,,Nunca atualizou,PAGA
62156679000160,SEGALLA MOTORS,Revenda Multimarcas,SP3 - EDWARD PEREZ CAMPOS,Eduardo Felipe Faria,Feirão Pontual - 3 Feirões,Luana Marques,Juliana Grande,27,Até 30,27/08/2026,Até 15 dias,PAGA
62177739000120,ARIEL AUTOMOVEIS,Revenda Multimarcas,SC1 - ELIANE DA SILVEIRA,Eduardo Bittencourt,Feirão Pontual - 3 Feirões,Gabriel Pereira,Renan Winterink,10,Até 10,22/07/2026,31 a 60 dias,2 PARC ATRASO
6221863000175,J F COMERCIO E CORRETAGEM DE VEICULOS LTDA,RevendaCarro,NE1 - FRANCISCA IVANISE CARVALHO FERNANDES,Fabíola elcky Barbosa de Sá,FEIRÃO SETEMBRO - G,Fernanda Souza,Fernanda Souza,0,Sem Estoque,,Nunca atualizou,PAGA
62242034000140,Vittarosso Motors LTda,RevendaCarro,SPINT1 - CHRISTIANE LOPES,Ana Cristina Antônio Ramos,FEIRÃO SETEMBRO - M,Juliana Grande,Juliana Grande,0,Sem Estoque,,Nunca atualizou,PAGA
6231144000135,Ozias Veiculos,RevendaCarro,PR1 - DOUGLAS INÁCIO DA SILVA,Carlos Eduardo,FEIRÃO SETEMBRO - M,Lucynara Ochiai,Renan Winterink,0,Sem Estoque,,Nunca atualizou,PAGA
62430638000110,TDL MULTIMARCAS LTDA,Revenda Multimarcas,MG1 - DOUGLAS HENRIQUE FERREIRA,WESLEY PAULO GONCALVES,Feirão Pontual - 3 Feirões,Ludmila Martins,Renan Winterink,11,Até 20,04/08/2026,Até 30 dias,PAGA
62441335000100,DCPRIME VEICULOS LTDA,RevendaCarro,SC1 - ELIANE DA SILVEIRA,Mateus da Silva Dutra,FEIRÃO SETEMBRO - P,Gabriel Pereira,Renan Winterink,3,Até 5,15/04/2026,Acima de 90 dias,PAGA
62445642000151,Car Vision Multimarcas,Revenda Multimarcas,SP3 - EDWARD PEREZ CAMPOS,Eduardo Felipe Faria,Feirão Pontual - Feirão Setembro,Luana Marques,Juliana Grande,35,Até 50,06/08/2026,Até 30 dias,PAGA
62510260000164,A P CORDEIRO COMERCIO DE VEICULOS,Revenda Multimarcas,CO2 - THEONILO GONCALINO DE ALMEIDA,Jhenifer Mendes Welter,Feirão Pontual - 3 Feirões,Tatiane Silva,Renan Winterink,15,Até 20,11/05/2026,Acima de 90 dias,PAGA
62570161000178,FERNANDES MULTIMARCAS LTDA,Revenda Multimarcas,SC2 - FABIANO HEIL DIAS,HIGOR ARRUDA MANOEL,Feirão Pontual - Feirão Setembro,Gabriel Pereira,Renan Winterink,0,Sem Estoque,,Nunca atualizou,PAGA
62582422000170,ROMA VEICULOS,Revenda Multimarcas,NO1 - MARCOS WILLIAM MAIA LEMES JUNIOR,PAULO PORTELLA,Feirão Pontual - 3 Feirões,,,11,Até 20,27/05/2026,Acima de 90 dias,PAGA
62614218000193,One Motors,RevendaCarro,SP5 - STEPHANIE REIS,Rafael Andrade Brito,FEIRÃO SETEMBRO - M,Andre Souza,Luana Mota,0,Sem Estoque,,Nunca atualizou,AGUARDANDO_PAGAMENTO
62645418000103,Green car multimarcas,RevendaCarro,SC1 - ELIANE DA SILVEIRA,Eduardo Bittencourt,FEIRÃO SETEMBRO - P,Gabriel Pereira,Renan Winterink,0,Sem Estoque,,Nunca atualizou,PENDENTE_ACEITE
6281393000135,ANDRE CAR VEICULOS,Revenda Multimarcas,MG1 - DOUGLAS HENRIQUE FERREIRA,Ricardo Miranda,Feirão Pontual - 3 Feirões,Ludmila Martins,Renan Winterink,51,Até 100,31/08/2026,Até 15 dias,PAGA
6293228000101,Benecar Veículos,RevendaCarro,SP7 - FLAVIA DE FATIMA CORREA,Ana Karina Ribeiro dos Reis MAriano,FEIRÃO SETEMBRO - P,Juliana Grande,Juliana Grande,0,Sem Estoque,,Nunca atualizou,PAGA
62956269000101,Smirelli motors,RevendaCarro,SPINT1 - CHRISTIANE LOPES,Luiz Fernando do Nascimento Aguiar,FEIRÃO SETEMBRO - M,Juliana Grande,Juliana Grande,0,Sem Estoque,,Nunca atualizou,PAGA
63186345000100,DP MULTICAR LTDA,Revenda Multimarcas,NE1 - FRANCISCA IVANISE CARVALHO FERNANDES,Luiz Thyago Pinheiro santos de Castro,Feirão Pontual - 3 Feirões,Fernanda Souza,Fernanda Souza,34,Até 50,09/07/2026,31 a 60 dias,PAGA
63275603000116,MICO JR AUTOMOVEIS LTDA,RevendaCarro,SC2 - FABIANO HEIL DIAS,Luciano dos santos,FEIRÃO SETEMBRO - M,Gabriel Pereira,Renan Winterink,0,Sem Estoque,,Nunca atualizou,AGUARDANDO_PAGAMENTO
63341882000179,Lucar Automoveis ltda,RevendaCarro,SC2 - FABIANO HEIL DIAS,Jose Alexandre Pereira de Souza,FEIRÃO SETEMBRO - M,Gabriel Pereira,Renan Winterink,0,Sem Estoque,,Nunca atualizou,PAGA
63422632000163,FG automóveis ltda,Revenda Multimarcas,NE3 - PAULO AMERICO LEMOS DE SEIXAS FILHO,Clevina Santos melo,Feirão Pontual - Feirão Setembro,Fernanda Souza,Fernanda Souza,0,Sem Estoque,,Nunca atualizou,PAGA
63541780000105,AUDRIX MOTORS LTDA,RevendaCarro,SC1 - ELIANE DA SILVEIRA,Alex Mateus Gugel,FEIRÃO SETEMBRO - P,Gabriel Pereira,Renan Winterink,0,Sem Estoque,,Nunca atualizou,AGUARDANDO_PAGAMENTO
63554643000105,Piquira automóveis LTDA,RevendaCarro,SP3 - EDWARD PEREZ CAMPOS,André Vinicius dos Reis,FEIRÃO SETEMBRO - M,Luana Marques,Juliana Grande,0,Sem Estoque,,Nunca atualizou,PENDENTE_ACEITE
63607425000183,RENATO GOMES DAVID,Revenda Multimarcas,MG1 - DOUGLAS HENRIQUE FERREIRA,Advan mariano dias,Feirão Pontual - Feirão Setembro,Ludmila Martins,Renan Winterink,16,Até 20,25/08/2026,Até 15 dias,PAGA
63777555000164,1 CLICK COMÉRCIO DE VEÍCULOS LTDA,RevendaCarro,MG1 - DOUGLAS HENRIQUE FERREIRA,WESLEY PAULO GONCALVES,FEIRÃO SETEMBRO - M,Ludmila Martins,Renan Winterink,0,Sem Estoque,,Nunca atualizou,PENDENTE_ACEITE
63835762000128,JP CARROS LTDA,Revenda Multimarcas,SC2 - FABIANO HEIL DIAS,Marlon Jose Zaranski,Feirão Pontual - Feirão Setembro,Gabriel Pereira,Renan Winterink,0,Sem Estoque,,Nunca atualizou,PAGA
64015666000104,CONSTHERME GARAGE MULTIMARCAS LTDA,Revenda Multimarcas,SPINT5 - EDILSON BERNAL MOLEIRO,Anderson Salomao de Moraes,Feirão Pontual - 3 Feirões,Juliana Grande,Juliana Grande,19,Até 20,11/08/2026,Até 30 dias,PAGA
64070581000110,AutoPrime Veículos,RevendaCarro,PR1 - DOUGLAS INÁCIO DA SILVA,Joao leonardo Dacheri,FEIRÃO SETEMBRO - M,Lucynara Ochiai,Renan Winterink,0,Sem Estoque,,Nunca atualizou,PAGA
6528784000373,CCN Veículos,Revenda Multimarcas,PR1 - DOUGLAS INÁCIO DA SILVA,Joao Leonardo Dacheri,Feirão Pontual - Feirão Setembro,Lucynara Ochiai,Renan Winterink,0,Sem Estoque,,Nunca atualizou,PAGA
6539863000118,Zilli Veiculos Ltda,Revenda Multimarcas,SC2 - FABIANO HEIL DIAS,fernanda gomes farinha quadros,Feirão Pontual - 3 Feirões,Gabriel Pereira,Renan Winterink,121,Acima 101,29/08/2026,Até 15 dias,PAGA
65522955000154,INTERMONZA AUTOMOVEIS LTDA,RevendaCarro,SP3 - EDWARD PEREZ CAMPOS,HENRIQUE ALVES GOMES,FEIRÃO SETEMBRO - M,Luana Marques,Juliana Grande,0,Sem Estoque,17/05/2022,Acima de 90 dias,PAGA
66879040000163,IDEAL VEICULOS COMERCIO E INTERMEDIACOES,Revenda Multimarcas,SP5 - STEPHANIE REIS,juliane aparecida do nascimento alves,Feirão Pontual - 3 Feirões,Andre Souza,Luana Mota,71,Até 100,27/08/2026,Até 15 dias,PAGA
6699215000129,MARTINS VEÍCULOS,Revenda Multimarcas,RS1 - DAIANE DOS SANTOS CORREA,André Luiz Hennemann,Feirão Pontual - 3 Feirões,Bruna de Paula,Renan Winterink,43,Até 50,31/08/2026,Até 15 dias,PAGA
67005167000116,DN AUTO SEMINOVOS,Revenda Multimarcas,MG1 - DOUGLAS HENRIQUE FERREIRA,Patricia da Silva Almeida,Feirão Pontual - 2 Feirões,Ludmila Martins,Renan Winterink,26,Até 30,31/08/2026,Até 15 dias,PAGA
670304000166,MAZOLA AUTOMOVEIS LTDA,RevendaCarro,SPINT3 - FABIO YOSHIKAZU TANIGUTI,Emerson Bonfim Bonfim,FEIRÃO SETEMBRO - G,Andre Souza,Luana Mota,71,Até 100,28/08/2026,Até 15 dias,PAGA
67117283000127,ZL Multimarcas,Revenda Multimarcas,SP4 - TIAGO FLORIANO OLIVEIRA,Rafael Petri,Feirão Pontual - Feirão Setembro,Luana Marques,Juliana Grande,0,Sem Estoque,26/09/2025,Acima de 90 dias,PAGA
6789281000190,Panacor Multimarcas LTDA,RevendaCarro,RS1 - DAIANE DOS SANTOS CORREA,Ericles Pavel Rolin Moreira,FEIRÃO SETEMBRO - P,Bruna de Paula,Renan Winterink,0,Sem Estoque,,Nunca atualizou,PAGA
6877771000148,Stillo Veículos,Revenda Multimarcas,CO1 - NADIA JAMAYARA CARDOSO PRIMO,Luís Rodrigues Filho,Feirão Pontual - 3 Feirões,Tatiane Silva,Renan Winterink,99,Até 100,29/08/2026,Até 15 dias,PAGA
6984527000184,ANTONIO CESAR BELLA,Revenda Multimarcas,SP3 - EDWARD PEREZ CAMPOS,FRANCISCO ESIO DANTAS FRANCO,Feirão Pontual - Feirão Setembro,Luana Marques,Juliana Grande,0,Sem Estoque,01/07/2024,Acima de 90 dias,EM PROCESSAMENTO
6986531000181,JARBERSON VEICULOS,RevendaCarro,NE1 - FRANCISCA IVANISE CARVALHO FERNANDES,Lucas Vinicius de Lucena Silva,FEIRÃO SETEMBRO - M,Fernanda Souza,Fernanda Souza,0,Sem Estoque,,Nunca atualizou,PAGA
7054573000147,VINCITORE VEÍCULOS LTDA,Revenda Multimarcas,SC1 - ELIANE DA SILVEIRA,Izadora Geraldo de Medeiros,Feirão Pontual - 3 Feirões,Gabriel Pereira,Renan Winterink,31,Até 50,24/08/2026,Até 15 dias,2 PARC ATRASO
7072241000195,GM CAR,Revenda Multimarcas,NO1 - MARCOS WILLIAM MAIA LEMES JUNIOR,JOAO PEDRO DE BRITO SOUZA,Feirão Pontual - 3 Feirões,,,10,Até 10,28/07/2026,31 a 60 dias,PAGA
7097731000146,J.M.E. VEICULOS CAMINHOES MATERIAIS DE CONSTRUCAO E LOCACAO DE MAQUINAS AGRICOLAS LTDA,RevendaCarro,SP7 - FLAVIA DE FATIMA CORREA,Felipe Gomes da Silva,FEIRÃO SETEMBRO - M,Juliana Grande,Juliana Grande,29,Até 30,27/08/2026,Até 15 dias,PENDENTE_ACEITE
7127192000140,J. J. ALIANCA VEICULOS EIRELI,RevendaCarro,SP2 - LUIZ DE OLIVEIRA CRUZ,Eliana Serafim de freitas,2 FEIROES - G,Luana Mota,Luana Mota,0,Sem Estoque,27/02/2026,Acima de 90 dias,AGUARDANDO_PAGAMENTO
71444475000387,AUTOMEC COMERCIAL DE VEICULOS LTDA,Concessionária,SPINT5 - EDILSON BERNAL MOLEIRO,José Roberto Bozio,Feirão Pontual - 3 Feirões,Juliana Grande,Juliana Grande,32,Até 50,22/05/2026,Acima de 90 dias,PAGA
71444475000620,AUTOMEC COMERCIAL DE VEICULOS LTDA,Concessionária,SPINT5 - EDILSON BERNAL MOLEIRO,José Roberto Bozio,Feirão Pontual - 3 Feirões,Juliana Grande,Juliana Grande,7,Até 10,22/05/2026,Acima de 90 dias,PAGA
71444475001278,AUTOMEC COMERCIAL DE VEICULOS LTDA,Concessionária,SPINT5 - EDILSON BERNAL MOLEIRO,José Roberto Bozio,Feirão Pontual - 3 Feirões,Juliana Grande,Juliana Grande,26,Até 30,26/05/2026,Acima de 90 dias,PAGA
7186428000110,AUTO CRICIUMA AUTOMOVEIS,Revenda Multimarcas,SC1 - ELIANE DA SILVEIRA,ANA PAULA TACHINSKI CARDOSO,Feirão Pontual - 2 Feirões,Gabriel Pereira,Renan Winterink,9,Até 10,14/05/2026,Acima de 90 dias,AGUARDANDO_PAGAMENTO
7196643000100,FERETTI AUTOMOVEIS,Revenda Multimarcas,SC2 - FABIANO HEIL DIAS,Rafael Carvalho Nunes,Feirão Pontual - Feirão Setembro,Gabriel Pereira,Renan Winterink,22,Até 30,19/08/2026,Até 15 dias,PAGA
7216848000282,MARCA COM DE VEICULOS LTDA,Revenda Multimarcas,SC1 - ELIANE DA SILVEIRA,RAFAELLY NUNES ALVES,Feirão Pontual - 3 Feirões,Gabriel Pereira,Renan Winterink,18,Até 20,19/08/2026,Até 15 dias,2 PARC ATRASO
7237119000121,BETO DE ARAPIRACA,Revenda Multimarcas,NE3 - PAULO AMERICO LEMOS DE SEIXAS FILHO,ELISIA NATALY LIMA MARTINS BARROS,Feirão Pontual - 3 Feirões,Fernanda Souza,Fernanda Souza,8,Até 10,22/07/2026,31 a 60 dias,PAGA
7277737000103,GUARATO VEICULOS,Revenda Multimarcas,CO2 - THEONILO GONCALINO DE ALMEIDA,RUI ADALBERTO KUNZE JUNIOR,Feirão Pontual - Feirão Setembro,Tatiane Silva,Renan Winterink,0,Sem Estoque,,Nunca atualizou,AGUARDANDO_PAGAMENTO
72936917000103,R.FRANCESCHINI FERNANDES,RevendaCarro,SPINT3 - FABIO YOSHIKAZU TANIGUTI,Luiz Roberto galvao,FEIRÃO SETEMBRO - M,Andre Souza,Luana Mota,0,Sem Estoque,12/01/2023,Acima de 90 dias,PAGA
7333138000151,MANOEL MOTOS E CARROS,Revenda Multimarcas,SC1 - ELIANE DA SILVEIRA,Evandro fernando Machado Marczinski,Feirão Pontual - Feirão Setembro,Gabriel Pereira,Renan Winterink,0,Sem Estoque,16/12/2025,Acima de 90 dias,PAGA
7364938000130,Tadeu Motors,RevendaCarro,NE1 - FRANCISCA IVANISE CARVALHO FERNANDES,04911228377,FEIRÃO SETEMBRO - M,Fernanda Souza,Fernanda Souza,103,Acima 101,24/08/2026,Até 15 dias,PENDENTE_ACEITE
7371745000106,Jz Veículos,RevendaCarro,SPINT5 - EDILSON BERNAL MOLEIRO,ELISANGELA FURQUIM LEMOS,FEIRÃO SETEMBRO - P,Juliana Grande,Juliana Grande,0,Sem Estoque,,Nunca atualizou,PAGA
7425207000157,RYK MOTORS LTDA,Revenda Multimarcas,NE3 - PAULO AMERICO LEMOS DE SEIXAS FILHO,Tiago Oliveira da Franca,Feirão Pontual - 3 Feirões,Fernanda Souza,Fernanda Souza,44,Até 50,29/08/2026,Até 15 dias,PAGA
7467514000109,Cândido Veículos,RevendaCarro,SC1 - ELIANE DA SILVEIRA,Thomas Edison Pereira,FEIRÃO SETEMBRO - M,Gabriel Pereira,Renan Winterink,0,Sem Estoque,,Nunca atualizou,PAGA
7479776000185,FOX CAR VEICULOS,Revenda Multimarcas,MG1 - DOUGLAS HENRIQUE FERREIRA,WESLEY PAULO GONCALVES,Feirão Pontual - 3 Feirões,Ludmila Martins,Renan Winterink,150,Acima 101,31/08/2026,Até 15 dias,PAGA
7516026000136,Se Akamine Com De Veiculos,RevendaCarro,SP5 - STEPHANIE REIS,Juliane Aparecida do Nascimento Alves,FEIRÃO SETEMBRO - M,Andre Souza,Luana Mota,47,Até 50,27/08/2026,Até 15 dias,PAGA
7519494000164,PAKITO COMERCIO DE VEICULOS LTDA,Revenda Multimarcas,NO1 - MARCOS WILLIAM MAIA LEMES JUNIOR,MARCOS RODRIGUES DE MORAIS AZAMBUJA,Feirão Pontual - 3 Feirões,,,60,Até 100,29/08/2026,Até 15 dias,PAGA
7557191000136,ANGECAR VEICULOS LTDA,RevendaCarro,MG1 - DOUGLAS HENRIQUE FERREIRA,Ederson Jorge de Carvalho,FEIRÃO SETEMBRO - M,Ludmila Martins,Renan Winterink,1,Até 5,18/05/2026,Acima de 90 dias,PENDENTE_ACEITE
7559000000175,MARCIO VEICULOS MULTI MARCAS LTDA,Revenda Multimarcas,MG1 - DOUGLAS HENRIQUE FERREIRA,Ana Clara Resende Menezes,Feirão Pontual - 3 Feirões,Ludmila Martins,Renan Winterink,52,Até 100,01/07/2024,Acima de 90 dias,PAGA
756323000100,Iputinga automoveis,Concessionária,NE2 - TASSIA CAMILA GOMES DE OLIVEIRA,Janaina Matos,Feirão Pontual - 3 Feirões,Ruana Figueroa,Fernanda Souza,42,Até 50,26/08/2026,Até 15 dias,PAGA
7648955000107,Hagata Motors,Revenda Multimarcas,SC1 - ELIANE DA SILVEIRA,VITOR DA CUNHA MALLMANN,Feirão Pontual - 3 Feirões,Gabriel Pereira,Renan Winterink,17,Até 20,28/08/2026,Até 15 dias,PAGA
7667767000118,Legacy Multimarcas,Revenda Multimarcas,SP8 - VAGO,Erika Mendes de Oliveira,Feirão Pontual - 3 Feirões,Juliana Grande,Juliana Grande,65,Até 100,31/08/2026,Até 15 dias,PAGA
7707457000180,EDNALDO JOSE DA SILVA,Revenda Multimarcas,NE2 - TASSIA CAMILA GOMES DE OLIVEIRA,João Victor da Silva Torres,Feirão Pontual - 3 Feirões,Ruana Figueroa,Fernanda Souza,0,Sem Estoque,,Nunca atualizou,3 PARC ATRASO
7734215000185,MK Motors Conercio de Veículos Ltda,RevendaCarro,SP4 - TIAGO FLORIANO OLIVEIRA,Renato Lourenco Vieira,FEIRÃO SETEMBRO - P,Luana Marques,Juliana Grande,0,Sem Estoque,,Nunca atualizou,PAGA
7746286000106,E F DOS SANTOS OLIVEIRA COMERCIO DE VEICULOS,RevendaCarro,SP2 - LUIZ DE OLIVEIRA CRUZ,Marcelo Lopes Mendes,FEIRÃO SETEMBRO - M,Luana Mota,Luana Mota,0,Sem Estoque,,Nunca atualizou,PAGA
7778397000196,PROSPECT CAR,Revenda Multimarcas,SP3 - EDWARD PEREZ CAMPOS,FRANCISCO ESIO DANTAS FRANCO,Feirão Pontual - Feirão Setembro,Luana Marques,Juliana Grande,0,Sem Estoque,10/09/2025,Acima de 90 dias,EM PROCESSAMENTO
7880090000100,LG VEICULOS EIRELI,Revenda Multimarcas,SC1 - ELIANE DA SILVEIRA,Cynthia Fernandes Moura,Feirão Pontual - Feirão Setembro,Gabriel Pereira,Renan Winterink,40,Até 50,03/06/2025,Acima de 90 dias,PAGA
7895536000161,Select car,Revenda Multimarcas,MG1 - DOUGLAS HENRIQUE FERREIRA,Cristiane Coelho challub Figueiredo,Feirão Pontual - 3 Feirões,Ludmila Martins,Renan Winterink,14,Até 20,28/08/2026,Até 15 dias,PAGA
7910846000108,Melloscar,RevendaCarro,SC1 - ELIANE DA SILVEIRA,kleiton fenrich monteiro,FEIRÃO SETEMBRO - M,Gabriel Pereira,Renan Winterink,0,Sem Estoque,,Nunca atualizou,PAGA
7915359000138,Pedrão Multimarcas,RevendaCarro,SPINT1 - CHRISTIANE LOPES,Nathália pinheiro Alexandrino,FEIRÃO SETEMBRO - M,Juliana Grande,Juliana Grande,0,Sem Estoque,13/07/2021,Acima de 90 dias,PAGA
7950180000898,Nissan Dahruj Americana,Concessionária,SPINT1 - CHRISTIANE LOPES,Rafael Ramos Nogueira,Feirão Pontual - 3 Feirões,Juliana Grande,Juliana Grande,89,Até 100,28/08/2026,Até 15 dias,1 PARC ATRASO
7950180000979,Nissan Dahruj Indaiatuba,Concessionária,SPINT1 - CHRISTIANE LOPES,Rafael Ramos Nogueira,Feirão Pontual - 3 Feirões,Juliana Grande,Juliana Grande,85,Até 100,28/08/2026,Até 15 dias,PAGA
7964676000144,PITCAR COMERCIO DE VEICULOS LTDA,RevendaCarro,SC2 - FABIANO HEIL DIAS,Juliana de Matos,FEIRÃO SETEMBRO - P,Gabriel Pereira,Renan Winterink,15,Até 20,02/10/2025,Acima de 90 dias,PAGA
7986522000153,Lo Automoveis,RevendaCarro,SPINT2 - MARCELO DE SOUSA CAETANO,Natália barbosa Bastos,FEIRÃO SETEMBRO - M,Juliana Grande,Juliana Grande,0,Sem Estoque,,Nunca atualizou,PENDENTE_ACEITE
7994711000178,Joel Automoveis,RevendaCarro,SPINT3 - FABIO YOSHIKAZU TANIGUTI,Fernanda Bonani Costa,FEIRÃO SETEMBRO - P,Andre Souza,Luana Mota,0,Sem Estoque,,Nunca atualizou,PAGA
8096043000124,Twister,RevendaCarro,SP2 - LUIZ DE OLIVEIRA CRUZ,Amanda Almeida,FEIRÃO SETEMBRO - M,Luana Mota,Luana Mota,0,Sem Estoque,,Nunca atualizou,PAGA
8098404000171,AZZURRA COMERCIO DE VEICULOS EIRELI,RevendaCarro,SPINT2 - MARCELO DE SOUSA CAETANO,Ana Bueno,FEIRÃO SETEMBRO - P,Juliana Grande,Juliana Grande,0,Sem Estoque,14/01/2023,Acima de 90 dias,PAGA
8208859000100,Unicar Automoveis,RevendaCarro,MG1 - DOUGLAS HENRIQUE FERREIRA,carolina jardim rocha araujo,FEIRÃO SETEMBRO - P,Ludmila Martins,Renan Winterink,0,Sem Estoque,,Nunca atualizou,PAGA
8209521000165,DECKMANN DA ROSA & CIA LTDA,RevendaCarro,RS1 - DAIANE DOS SANTOS CORREA,GILMAR OLIVEIRA PEREIRA,FEIRÃO SETEMBRO - M,Bruna de Paula,Renan Winterink,0,Sem Estoque,,Nunca atualizou,PAGA
8223809000194,Ideal Veículos,RevendaCarro,SC2 - FABIANO HEIL DIAS,JAILSON MORAES,FEIRÃO SETEMBRO - M,Gabriel Pereira,Renan Winterink,27,Até 30,28/08/2026,Até 15 dias,AGUARDANDO_PAGAMENTO
8236268000139,BC10 Motors Ltda,Revenda Multimarcas,SP4 - TIAGO FLORIANO OLIVEIRA,Renato Lourenço Vieira,Feirão Pontual - 3 Feirões,Luana Marques,Juliana Grande,15,Até 20,15/06/2026,61 a 90 dias,AGUARDANDO_PAGAMENTO
8247328000119,Segolin Multimarcas,RevendaCarro,SPINT1 - CHRISTIANE LOPES,Nathália pinheiro Alexandrino,FEIRÃO SETEMBRO - M,Juliana Grande,Juliana Grande,0,Sem Estoque,17/05/2022,Acima de 90 dias,PAGA
8268949000189,Viva Veiculos,RevendaCarro,SPINT1 - CHRISTIANE LOPES,PAMELA CARRASCO,FEIRÃO SETEMBRO - M,Juliana Grande,Juliana Grande,0,Sem Estoque,,Nunca atualizou,PAGA
82724618000169,Boca Mafra automóveis,Revenda Multimarcas,SC2 - FABIANO HEIL DIAS,Willian Monteiro Marcelino,Feirão Pontual - 3 Feirões,Gabriel Pereira,Renan Winterink,300,Acima 101,31/08/2026,Até 15 dias,PAGA
8421887000101,CRYSTYAN AUTOMOVEIS,RevendaCarro,PR1 - DOUGLAS INÁCIO DA SILVA,Josiane Spognollo,FEIRÃO SETEMBRO - M,Lucynara Ochiai,Renan Winterink,0,Sem Estoque,,Nunca atualizou,PENDENTE_ACEITE
8433098000182,Clodoaldo Veículos,RevendaCarro,SPINT4 - VINICIUS THIAGO PINHEIRO DOS SANTOS,Fabiano Fernandes de Azevedo,FEIRÃO SETEMBRO - M,Juliana Grande,Juliana Grande,71,Até 100,31/08/2026,Até 15 dias,PAGA
8474688000153,CONQUISTACAR VEICULOS LTDA,Revenda Multimarcas,SC1 - ELIANE DA SILVEIRA,Willian Chagas Haueisen,Feirão Pontual - 3 Feirões,Gabriel Pereira,Renan Winterink,61,Até 100,26/08/2026,Até 15 dias,PAGA
8491179000139,Nicolau Autos E Pickup´S,RevendaCarro,PR1 - DOUGLAS INÁCIO DA SILVA,Joao leonardo Dacheri,FEIRÃO SETEMBRO - M,Lucynara Ochiai,Renan Winterink,0,Sem Estoque,,Nunca atualizou,AGUARDANDO_PAGAMENTO
85172831000101,ESSENCE COMERCIO E INTERPRETAÇÃO DE NEGÓCIOS LTDA,Revenda Multimarcas,SC1 - ELIANE DA SILVEIRA,Everton Mateus Marczinski,Feirão Pontual - Feirão Setembro,Gabriel Pereira,Renan Winterink,2,Até 5,25/08/2026,Até 15 dias,PAGA
8616873000135,Izidoro motors,RevendaCarro,SPINT3 - FABIO YOSHIKAZU TANIGUTI,Danilo Morgado Andre,FEIRÃO SETEMBRO - M,Andre Souza,Luana Mota,0,Sem Estoque,,Nunca atualizou,PAGA
8689109000190,Total Veículos,RevendaCarro,SE1 - BRUNO NOGUEIRA MARTINS,João Pedro Rigueira Miranda,FEIRÃO SETEMBRO - M,Ludmila Martins,Renan Winterink,0,Sem Estoque,,Nunca atualizou,PAGA
8706400000129,Auto Premium,Revenda Multimarcas,NE2 - TASSIA CAMILA GOMES DE OLIVEIRA,Clenilze de Azevedo Farias,Feirão Pontual - 3 Feirões,Ruana Figueroa,Fernanda Souza,31,Até 50,31/08/2026,Até 15 dias,1 PARC ATRASO
8709300000156,Esron Automoveis,RevendaCarro,SPINT2 - MARCELO DE SOUSA CAETANO,Marcio Rodrigo Ferlin,FEIRÃO SETEMBRO - P,Juliana Grande,Juliana Grande,0,Sem Estoque,,Nunca atualizou,PAGA
8715761000131,RIVA-CAR MULTI AUTOS LTDA - EPP,RevendaCarro,SPINT5 - EDILSON BERNAL MOLEIRO,Fabio messias furquim,FEIRÃO SETEMBRO - P,Juliana Grande,Juliana Grande,17,Até 20,11/05/2026,Acima de 90 dias,AGUARDANDO_PAGAMENTO
8824721000128,Spagi Motors,RevendaCarro,PR1 - DOUGLAS INÁCIO DA SILVA,Henrique Fernandez Beltrão,FEIRÃO SETEMBRO - M,Lucynara Ochiai,Renan Winterink,20,Até 20,28/08/2026,Até 15 dias,PAGA
8850577000102,PROCAR VEICULOS,Revenda Multimarcas,MG1 - DOUGLAS HENRIQUE FERREIRA,Mario Vale Diniz Neto / Arium,Feirão Pontual - 3 Feirões,Ludmila Martins,Renan Winterink,31,Até 50,31/08/2026,Até 15 dias,PAGA
8850722000147,Sancar Multimarcas,RevendaCarro,NO2 - LUIZ CLAUDIO DA PALMA DE ALMEIDA MAIA,VANESSA CARVALHO SOARES,FEIRÃO SETEMBRO - M,Fernanda Souza,Fernanda Souza,0,Sem Estoque,,Nunca atualizou,AGUARDANDO_PAGAMENTO
8909415000194,Franceli e Franco / Jf motors,RevendaCarro,SPINT2 - MARCELO DE SOUSA CAETANO,Natália barbosa Bastos,FEIRÃO SETEMBRO - M,Juliana Grande,Juliana Grande,0,Sem Estoque,,Nunca atualizou,PENDENTE_ACEITE
8952839000131,Itaim veículos,Revenda Multimarcas,NE1 - FRANCISCA IVANISE CARVALHO FERNANDES,Karina Araújo Ramalho,Feirão Pontual - 3 Feirões,Fernanda Souza,Fernanda Souza,0,Sem Estoque,,Nunca atualizou,4 PARC ATRASO
89680185000136,Dotto Veiculos LTDA,RevendaCarro,RS1 - DAIANE DOS SANTOS CORREA,Daniel Fernando da Silva,FEIRÃO SETEMBRO - P,Bruna de Paula,Renan Winterink,70,Até 100,31/08/2026,Até 15 dias,AGUARDANDO_PAGAMENTO
8986851000167,Century,Revenda Multimarcas,SP8 - VAGO,Vinicius Machado,Feirão Pontual - 3 Feirões,Juliana Grande,Juliana Grande,37,Até 50,28/08/2026,Até 15 dias,PAGA
9026562000189,V.L.S. VEICULOS LTDA,RevendaCarro,PR1 - DOUGLAS INÁCIO DA SILVA,Carlos Eduardo,FEIRÃO SETEMBRO - M,Lucynara Ochiai,Renan Winterink,0,Sem Estoque,17/02/2022,Acima de 90 dias,AGUARDANDO_PAGAMENTO
91734210000169,TEM COMERCIO E MANUTENCAO DE VEICULOS LTDA,RevendaCarro,RS1 - DAIANE DOS SANTOS CORREA,eduardo de amaral,FEIRÃO SETEMBRO - G,Bruna de Paula,Renan Winterink,0,Sem Estoque,,Nunca atualizou,PAGA
9182721000134,Vinicius prata tavares,Revenda Multimarcas,NE3 - PAULO AMERICO LEMOS DE SEIXAS FILHO,Clevina Santos melo,Feirão Pontual - 3 Feirões,Fernanda Souza,Fernanda Souza,1,Até 5,11/09/2025,Acima de 90 dias,4 PARC ATRASO
9234926000116,Tintel Veículos,RevendaCarro,NE2 - TASSIA CAMILA GOMES DE OLIVEIRA,REGILSON JOSE BARRETO E SILVA,FEIRÃO SETEMBRO - P,Ruana Figueroa,Fernanda Souza,0,Sem Estoque,,Nunca atualizou,PAGA
9247293000180,EMANUELLA SANTANA SANTOS DA SILVA & CIA LTDA,RevendaCarro,NE3 - PAULO AMERICO LEMOS DE SEIXAS FILHO,Camile Ribeiro,FEIRÃO SETEMBRO - P,Fernanda Souza,Fernanda Souza,0,Sem Estoque,30/10/2021,Acima de 90 dias,PENDENTE_ACEITE
9252758000191,POINT CAR VEICULOS,Revenda Multimarcas,NE3 - PAULO AMERICO LEMOS DE SEIXAS FILHO,KRYSLAISA FONSECA FERRO,Feirão Pontual - 3 Feirões,Fernanda Souza,Fernanda Souza,15,Até 20,26/08/2026,Até 15 dias,PAGA
9259116000114,J.G.R. AUTOMOVEIS LTDA,RevendaCarro,SP5 - STEPHANIE REIS,Gustavo Pelosini Alves,FEIRÃO SETEMBRO - M,Andre Souza,Luana Mota,0,Sem Estoque,,Nunca atualizou,PAGA
9261599000191,Resmini Automoveis,RevendaCarro,SC2 - FABIANO HEIL DIAS,Janaina Regina Dalberto,FEIRÃO SETEMBRO - P,Gabriel Pereira,Renan Winterink,0,Sem Estoque,,Nunca atualizou,PAGA
9263870000128,G Nogueira Lima Comercio de Veiculos Ltda,Revenda Multimarcas,NO2 - LUIZ CLAUDIO DA PALMA DE ALMEIDA MAIA,Renata Marinho Lopes,Feirão Pontual - 3 Feirões,Fernanda Souza,Fernanda Souza,6,Até 10,14/05/2026,Acima de 90 dias,PAGA
9328950000114,AUTO BOM MULTIMARCAS,Revenda Multimarcas,MG1 - DOUGLAS HENRIQUE FERREIRA,Elaine Cristina Moreira dias,Feirão Pontual - 3 Feirões,Ludmila Martins,Renan Winterink,51,Até 100,31/08/2026,Até 15 dias,PAGA
9328950000203,Auto Bom - Loja 2,Revenda Multimarcas,MG1 - DOUGLAS HENRIQUE FERREIRA,Elaine Cristina Moreira dias,Feirão Pontual - 3 Feirões,Ludmila Martins,Renan Winterink,26,Até 30,31/08/2026,Até 15 dias,PAGA
9348105000100,FSD FLAVIO AUTOMOVEIS LTDA,Revenda Multimarcas,SP3 - EDWARD PEREZ CAMPOS,EDUARDO FELIPE FARIA,Feirão Pontual - 3 Feirões,Luana Marques,Juliana Grande,59,Até 100,31/08/2026,Até 15 dias,PAGA
9362744000120,Lojas do Carmo automóveis Ltda,Revenda Multimarcas,SP4 - TIAGO FLORIANO OLIVEIRA,Silvia Pires de Almeida Souza,Feirão Pontual - Feirão Setembro,Luana Marques,Juliana Grande,0,Sem Estoque,02/09/2025,Acima de 90 dias,AGUARDANDO_PAGAMENTO
9363036000104,FERNANDO MOTOCAR AUTOMOVEIS LTDA,Revenda Multimarcas,MG1 - DOUGLAS HENRIQUE FERREIRA,Guilheme Augusto dos Santos Reis,Feirão Pontual - Feirão Setembro,Ludmila Martins,Renan Winterink,0,Sem Estoque,,Nunca atualizou,PAGA
936821000134,KITO VEICULOS LTDA,Revenda Multimarcas,SPINT3 - FABIO YOSHIKAZU TANIGUTI,Júlio César Alvarenga Pereira,Feirão Pontual - 3 Feirões,Andre Souza,Luana Mota,38,Até 50,26/08/2026,Até 15 dias,PAGA
9372892000126,MONTECARLO VEICULOS, ,SC2 - FABIANO HEIL DIAS,Rafael Carvalho Nunes,Feirão Pontual - Feirão Setembro,Gabriel Pereira,Renan Winterink,51,Até 100,27/08/2026,Até 15 dias,PAGA
9375326000682,José Leonardo terencio Pereira Silva veículos,RevendaCarro,SP5 - STEPHANIE REIS,Valéria costa,FEIRÃO SETEMBRO - M,Andre Souza,Luana Mota,0,Sem Estoque,,Nunca atualizou,PAGA
9412660000154,Uniao Veiculos,RevendaCarro,NE3 - PAULO AMERICO LEMOS DE SEIXAS FILHO,ELISIA NATALY LIMA MARTINS BARROS,FEIRÃO SETEMBRO - P,Fernanda Souza,Fernanda Souza,0,Sem Estoque,,Nunca atualizou,PAGA
9459276000107,Uniforte Veiculos,Revenda Multimarcas,SPINT2 - MARCELO DE SOUSA CAETANO,ANNDRE DOS SANTOS,Feirão Pontual - 3 Feirões,Juliana Grande,Juliana Grande,36,Até 50,19/08/2026,Até 15 dias,PAGA
9498412000178,RAFAEL BRAGANCA AUTOMOVEIS LTDA,RevendaCarro,SPINT1 - CHRISTIANE LOPES,Camila da Silva,FEIRÃO SETEMBRO - G,Juliana Grande,Juliana Grande,0,Sem Estoque,,Nunca atualizou,AGUARDANDO_PAGAMENTO
95021325000167,BOLEZINA VEICULOS,Revenda Multimarcas,RS1 - DAIANE DOS SANTOS CORREA,Adriana Alles,Feirão Pontual - 2 Feirões,Bruna de Paula,Renan Winterink,25,Até 30,24/08/2026,Até 15 dias,PAGA
95240867000120,João Automóveis,Revenda Multimarcas,RS1 - DAIANE DOS SANTOS CORREA,Muriel Thais Engeroff Barcellos,Feirão Pontual - Feirão Setembro,Bruna de Paula,Renan Winterink,76,Até 100,31/08/2026,Até 15 dias,PAGA
9562387000144,AUTO SETE VEICULOS,Revenda Multimarcas,SPINT5 - EDILSON BERNAL MOLEIRO,carlos alberto rosa,Feirão Pontual - 3 Feirões,Juliana Grande,Juliana Grande,0,Sem Estoque,14/08/2026,Até 30 dias,3 PARC ATRASO
9562518000193,M C COSTA VEICULOS LTDA,RevendaCarro,NE1 - FRANCISCA IVANISE CARVALHO FERNANDES,jonathas da silva andrade,FEIRÃO SETEMBRO - M,Fernanda Souza,Fernanda Souza,0,Sem Estoque,,Nunca atualizou,PAGA
9598124000195,LINCOLN MULTIMARCAS COMERCIO DE VEICULOS,RevendaCarro,SP3 - EDWARD PEREZ CAMPOS,HENRIQUE ALVES GOMES,FEIRÃO SETEMBRO - M,Luana Marques,Juliana Grande,0,Sem Estoque,,Nunca atualizou,PAGA
9600835000157,Fortunato automóveis,Revenda Multimarcas,SPINT3 - FABIO YOSHIKAZU TANIGUTI,Rodrigo alesandro Públio Pojati,Feirão Pontual - Feirão Setembro,Andre Souza,Luana Mota,23,Até 30,30/08/2026,Até 15 dias,PAGA
9616663000100,AUTO FORT VEÍCULOS LTDA,Revenda Multimarcas,CO1 - NADIA JAMAYARA CARDOSO PRIMO,Tiago da Cunha Alves,Feirão Pontual - 3 Feirões,Tatiane Silva,Renan Winterink,202,Acima 101,31/08/2026,Até 15 dias,1 PARC ATRASO
9624865000101,LONGO COMERCIO DE AUTOMOVEIS LTDA,Revenda Multimarcas,SC2 - FABIANO HEIL DIAS,Janaina Regina Dalberto,Feirão Pontual - 3 Feirões,Gabriel Pereira,Renan Winterink,22,Até 30,03/06/2026,61 a 90 dias,PAGA
9644132000120,JJ Veiculos,RevendaCarro,SE1 - BRUNO NOGUEIRA MARTINS,Jorge Fernando de Rezende Vieira,FEIRÃO SETEMBRO - P,Ludmila Martins,Renan Winterink,0,Sem Estoque,,Nunca atualizou,PAGA
9661180000127,JULIO AUTOMOVEIS,RevendaCarro,SC1 - ELIANE DA SILVEIRA,Eduardo Bittencourt,FEIRÃO SETEMBRO - P,Gabriel Pereira,Renan Winterink,0,Sem Estoque,,Nunca atualizou,PAGA
9665420000161,Azevedo & Azevedo Veiculos e transportes,RevendaCarro,MG1 - DOUGLAS HENRIQUE FERREIRA,Elaine Cristiana Moreira Dias,2 FEIROES - P,Ludmila Martins,Renan Winterink,59,Até 100,28/08/2026,Até 15 dias,PAGA
97135313000199,Klipp Car Comercio De Veiculos Ltda,RevendaCarro,RS1 - DAIANE DOS SANTOS CORREA,Muriel Thais Engeroff Barcellos,FEIRÃO SETEMBRO - M,Bruna de Paula,Renan Winterink,36,Até 50,19/08/2026,Até 15 dias,PAGA
