CNPJ,Loja,Segmento,GN,Feirao,Comercial,Estoque,Faixa_Estoque,Ultima_Atualizacao,Faixa_Atualizacao,Status_Pgto,Tem_Credencial,Contato_Wpp,Contato_Email
10290356000160,CHIOSSI & WEBER LTDA,RevendaCarro,Vagner Rogerio Spatti,FEIRÃO SETEMBRO - G,Juliana Grande,143,Acima 101,31/08/2026,Até 15 dias,PAGA,Sim,Não,Não
10310414000170,STOPCAR VEICULOS LTDA,RevendaCarro,ELISIA NATALY LIMA MARTINS BARROS,FEIRÃO SETEMBRO - P,Fernanda Souza,4,Até 5,18/05/2026,Acima de 90 dias,PAGA,Sim,Não,Não
10361878000106,Jp Veiculos,RevendaCarro,Helaine Cristina de Almeida Barbosa,FEIRÃO SETEMBRO - P,Tatiane Silva,0,Sem Estoque,,Nunca atualizou,PAGA,Não,Sim,Sim
10380132000140,N. G. DOS SANTOS DE AGUIAR - VEICULOS,RevendaCarro,Wellington Antônio da Silva,FEIRÃO SETEMBRO - P,Andre Souza,5,Até 5,10/02/2025,Acima de 90 dias,AGUARDANDO_PAGAMENTO,Não,Não,Não
10425035000126,Lindoya Veículos,RevendaCarro,Brian laurentino,FEIRÃO SETEMBRO - G,Juliana Grande,0,Sem Estoque,10/11/2021,Acima de 90 dias,PAGA,Sim,Não,Não
10438616000100,Tico Multimarcas,RevendaCarro,47088132877,FEIRÃO SETEMBRO - M,Juliana Grande,0,Sem Estoque,,Nunca atualizou,PAGA,Sim,Não,Não
10461582000167,HR AUTOMOVEIS,RevendaCarro,Jean Edson de Simas Granito,FEIRÃO SETEMBRO - P,Ludmila Martins,0,Sem Estoque,,Nunca atualizou,AGUARDANDO_PAGAMENTO,Não,Não,Não
10466101000106,Itália Motos,RevendaMoto,daiane fernandes fidencio,FEIRÃO SETEMBRO - P,Juliana Grande,0,Sem Estoque,,Nunca atualizou,PAGA,Não,Não,Não
10466511000157,Andrea de Aro Jorge Jorge Manzini,RevendaCarro,Rafael Maimone Lecciolli,FEIRÃO SETEMBRO - M,Juliana Grande,0,Sem Estoque,,Nunca atualizou,PAGA,Não,Sim,Sim
10471626000130,BN AUTOMOVEIS LTDA,RevendaCarro,Matheus Cuty,FEIRÃO SETEMBRO - P,Gabriel Pereira,0,Sem Estoque,14/12/2023,Acima de 90 dias,PAGA,Não,Sim,Sim
10578544000199,J.P. MULTIMARCAS SAO SIMAO COMERCIO DE VEICULOS LTDA,RevendaCarro,AYRES RODRIGO VALENTE LUCARINI,FEIRÃO SETEMBRO - M,Andre Souza,0,Sem Estoque,08/11/2022,Acima de 90 dias,PAGA,Não,Sim,Sim
10590122000139,Orlando Martins Veiculos Ltda,RevendaCarro,Rodolfo Santos de Assunção Tirolli,FEIRÃO SETEMBRO - P,Juliana Grande,0,Sem Estoque,22/02/2024,Acima de 90 dias,PENDENTE_ACEITE,Não,Sim,Sim
10594154000102,DOURADOS AUTOMOVEIS EIRELI,RevendaCarro,Zamara Rodrigues Fraga,FEIRÃO SETEMBRO - P,Tatiane Silva,13,Até 20,24/11/2022,Acima de 90 dias,PAGA,Sim,Não,Não
10596363000195,Tareco Automoveis,Revenda Multimarcas,Diego de Moraes Subtil,Feirão Pontual - 2 Feirões,Gabriel Pereira,0,Sem Estoque,06/11/2025,Acima de 90 dias,PAGA,Sim,Não,Não
10632554000165,gil veiculos,Revenda Multimarcas,guilherme grochau de oliveira,Feirão Pontual - Feirão Setembro,Lucynara Ochiai,33,Até 50,27/08/2026,Até 15 dias,PAGA,Sim,Não,Não
10635988000119,VARGAS VEICULOS,Revenda Multimarcas,Neide Tomaz da Costa,Feirão Pontual - Feirão Setembro,Ludmila Martins,0,Sem Estoque,,Nunca atualizou,PAGA,Sim,Não,Não
10648710000186,Seven,Revenda Multimarcas,Marcos Luís Freitas de Santana,Feirão Pontual - 3 Feirões,Fernanda Souza,21,Até 30,28/08/2026,Até 15 dias,PAGA,Sim,Sim,Sim
10671286000190,Novo Ciclo Automoveis,RevendaCarro,Julio cesar oliveira  farias,FEIRÃO SETEMBRO - M,Gabriel Pereira,0,Sem Estoque,,Nunca atualizou,PAGA,Não,Não,Não
1068498000197,zanette multimarcas,Revenda Multimarcas,TauanTeixeira@hotmail.com,Feirão Pontual - Feirão Setembro,Gabriel Pereira,0,Sem Estoque,,Nunca atualizou,PAGA,Sim,Não,Não
10745524000165,Garagem7,Revenda Multimarcas,Plinio Viani Rangel de Farias,Feirão Pontual - Feirão Setembro,Luana Marques,0,Sem Estoque,20/07/2023,Acima de 90 dias,EM PROCESSAMENTO,Sim,Não,Não
10802508000167,Mooving motors comércio de veículos Vr ltda,Revenda Multimarcas,Carolina jardim Rocha Araújo,Feirão Pontual - 2 Feirões,Ludmila Martins,26,Até 30,17/08/2026,Até 15 dias,PAGA,Sim,Não,Não
10820998000124,PAI E FILHO AUTOMÓVEIS,RevendaCarro,JAILSON MORAES,FEIRÃO SETEMBRO - M,Gabriel Pereira,0,Sem Estoque,,Nunca atualizou,PAGA,Não,Não,Não
10896690000162,LEANCAR COMÉRCIO DE AUTOMÓVEIS,Revenda Multimarcas,CLICIA SOUZA DOS SANTOS,Feirão Pontual - Feirão Setembro,Gabriel Pereira,0,Sem Estoque,,Nunca atualizou,PAGA,Sim,Não,Não
10906757000100,ZUPT CAR MULTIMARCAS EIRELI,RevendaCarro,Viviani dos Santos Freitas,2 FEIROES - G,Luana Marques,115,Acima 101,31/08/2026,Até 15 dias,PAGA,Sim,Não,Não
11046006000116,UNICAR VEICULOS LTDA,RevendaCarro,Juliana Nogueira Lemos Gomes,FEIRÃO SETEMBRO - P,Ludmila Martins,0,Sem Estoque,30/11/2022,Acima de 90 dias,PAGA,Sim,Sim,Sim
11072096000110,CIA CAR VEICULOS LTDA,RevendaCarro,Henry Christian Pacheco,FEIRÃO SETEMBRO - P,Tatiane Silva,0,Sem Estoque,,Nunca atualizou,PAGA,Sim,Sim,Sim
11118066000105,VACCARI VEICULOS LTDA,Revenda Multimarcas,MARCOS RODRIGUES DE MORAIS AZAMBUJA,Feirão Pontual - 3 Feirões,,1,Até 5,15/05/2026,Acima de 90 dias,PAGA,Sim,Sim,Sim
11240523000121,attractive Multimarcas,Revenda Multimarcas,FRANCISCO ESIO DANTAS FRANCO,Feirão Pontual - Feirão Setembro,Luana Marques,0,Sem Estoque,18/01/2025,Acima de 90 dias,EM PROCESSAMENTO,Sim,Não,Não
11406563000109,A K DE MEDEIROS PEREIRA,RevendaCarro,Claudia de Lima Campelo,FEIRÃO SETEMBRO - P,Ruana Figueroa,0,Sem Estoque,05/03/2024,Acima de 90 dias,PAGA,Não,Não,Não
11447979000167,T BARBOSA  ALVES EIRELI,Revenda Multimarcas,VANESSA CARVALHO SOARES,Feirão Pontual - 3 Feirões,Fernanda Souza,10,Até 10,17/08/2026,Até 15 dias,PAGA,Sim,Sim,Sim
11483268000148,Tech Motors Car Service Ltda.,Revenda Multimarcas,Cassia Leite de Oliveira,Feirão Pontual - Feirão Setembro,Andre Souza,0,Sem Estoque,,Nunca atualizou,PAGA,Sim,Não,Não
11771648000188,PISCAR VEICULOS LTDA,Revenda Multimarcas,WESLEY PAULO GONCALVES,Feirão Pontual - 3 Feirões,Ludmila Martins,112,Acima 101,31/08/2026,Até 15 dias,PAGA,Sim,Sim,Sim
11938018000155,DANIELA NASCIMENTO PESSOA 06008956613,Revenda Multimarcas,Marcella Guimaraes Souza,Feirão Pontual - Feirão Setembro,Ludmila Martins,0,Sem Estoque,,Nunca atualizou,PAGA,Sim,Não,Não
12002394000104,NORTE COMERCIO DE AUTOMOVEIS LTDA,Revenda Multimarcas,Karen Sabrina Neves da Silva,Feirão Pontual - 3 Feirões,Ludmila Martins,41,Até 50,29/08/2026,Até 15 dias,PAGA,Sim,Sim,Sim
12021913000173,PAZIN E HYPOLITO COMERCIO DE VEICULOS LTDA,RevendaCarro,Douglas de Barros Sobral,FEIRÃO SETEMBRO - P,Juliana Grande,0,Sem Estoque,,Nunca atualizou,PAGA,Não,Não,Não
12040246000176,Uniao Veiculos,RevendaCarro,Geisinea Rocha Mascarenhas,FEIRÃO SETEMBRO - P,Fernanda Souza,0,Sem Estoque,,Nunca atualizou,PAGA,Sim,Não,Não
1228564000149,São Lucas Automóveis Ltda,RevendaCarro,CARLOS EDUARDO LOCIO ROSADO,FEIRÃO SETEMBRO - P,Ruana Figueroa,0,Sem Estoque,20/01/2026,Acima de 90 dias,AGUARDANDO_PAGAMENTO,Não,Não,Não
12405082000133,Samuel Automoveis,RevendaCarro,jose alex bezerra,FEIRÃO SETEMBRO - M,Andre Souza,0,Sem Estoque,17/03/2017,Acima de 90 dias,PAGA,Sim,Não,Não
12466008000127,J & P COMERCIO VAREJISTA DE VEICULOS AUTOMOTORES LTDA,RevendaCarro,Felipe Caldas Cavalcante,FEIRÃO SETEMBRO - P,Ruana Figueroa,25,Até 30,31/08/2026,Até 15 dias,PENDENTE_ACEITE,Não,Não,Não
12512439000182,RONALDO VEICULOS,RevendaCarro,Carlos Eduardo,FEIRÃO SETEMBRO - M,Lucynara Ochiai,0,Sem Estoque,,Nunca atualizou,PAGA,Não,Não,Não
12550975000172,JV multimarcas,RevendaCarro,ELTON APARECIDO DE SOUZA,FEIRÃO SETEMBRO - P,Tatiane Silva,0,Sem Estoque,,Nunca atualizou,PAGA,Sim,Sim,Sim
12598986000122,AUTOVEL MULTIMARCAS LTDA,Revenda Multimarcas,VITOR DA CUNHA MALLMANN,Feirão Pontual - 3 Feirões,Gabriel Pereira,31,Até 50,28/08/2026,Até 15 dias,PAGA,Sim,Sim,Sim
12605410000145,LS CAR,Revenda Multimarcas,SIDNEI MIRANDA DE SOUSA,Feirão Pontual - 3 Feirões,Fernanda Souza,17,Até 20,23/07/2026,31 a 60 dias,PAGA,Sim,Sim,Sim
12638221000179,AUTENTICAR COMERCIO E LOCADORA DE VEICULOS LTDA,RevendaCarro,Aline Ticiane Saraiva Queiroz,FEIRÃO SETEMBRO - P,Ruana Figueroa,0,Sem Estoque,30/10/2021,Acima de 90 dias,PAGA,Não,Sim,Sim
12670684000118,Zafani Premium,RevendaCarro,Adriana Mara da silva,FEIRÃO SETEMBRO - G,Andre Souza,0,Sem Estoque,,Nunca atualizou,PAGA,Sim,Sim,Sim
12730728000158,MR2 MULTIMARCAS,Revenda Multimarcas,JEFFERSON SOARES DA SILVA MONTEIRO,Feirão Pontual - Feirão Setembro,Gabriel Pereira,64,Até 100,29/08/2026,Até 15 dias,PAGA,Sim,Não,Não
12960635000110,MURILO RIBEIRO DE BARROS,Revenda Multimarcas,VERIDIANA FURLANI HUMMEL DOS SANTOS,Feirão Pontual - 3 Feirões,Juliana Grande,49,Até 50,29/08/2026,Até 15 dias,PAGA,Sim,Sim,Sim
13033879000110,CARVALHO & MARINHO LTDA,Revenda Multimarcas,KRYSLAISA FONSECA FERRO,Feirão Pontual - 3 Feirões,Fernanda Souza,33,Até 50,29/08/2026,Até 15 dias,PAGA,Sim,Sim,Sim
1306870000156,RIAL LITORAL COMERCIO DE VEICULOS USADOS LIMITADA,Revenda Multimarcas,SIDNEI MIRANDA DE SOUSA,Feirão Pontual - 3 Feirões,Fernanda Souza,45,Até 50,29/08/2026,Até 15 dias,PAGA,Sim,Sim,Sim
13069981000175,GAROPACAR,Revenda Multimarcas,Diego de Moraes Subtil,Feirão Pontual - Feirão Setembro,Gabriel Pereira,0,Sem Estoque,,Nunca atualizou,PAGA,Sim,Não,Não
13165174000156,Anis Car comércio de veículos Ltda,Revenda Multimarcas,Alvaro de Moura Lima Junior,Feirão Pontual - Feirão Setembro,Luana Marques,29,Até 30,31/08/2026,Até 15 dias,PAGA,Sim,Sim,Sim
13181780000165,PAULO ROBERTO RAIMUNDO JUNIOR,RevendaCarro,Matheus William do Prado,FEIRÃO SETEMBRO - G,Juliana Grande,0,Sem Estoque,07/07/2026,31 a 60 dias,PENDENTE_ACEITE,Não,Sim,Sim
1322481000114,W-STOEBERL COMERCIO DE VEICULOS LTDA,RevendaCarro,Marlon José Zaranski,FEIRÃO SETEMBRO - M,Gabriel Pereira,30,Até 30,27/08/2026,Até 15 dias,PAGA,Sim,Não,Não
13331221000194,VAGNER LUIZ FRANCO VEICULOS LTDA,RevendaCarro,EDUARDO MACIEL,FEIRÃO SETEMBRO - M,Andre Souza,0,Sem Estoque,,Nunca atualizou,AGUARDANDO_PAGAMENTO,Não,Não,Não
13371614000121,IMPECAR VEICULOS MULTIMARCAS LTDA,RevendaCarro,Adriana Alles,FEIRÃO SETEMBRO - P,Bruna de Paula,0,Sem Estoque,,Nunca atualizou,PENDENTE_ACEITE,Não,Não,Não
13372105000113,101 veiculos,Revenda Multimarcas,Everton Mateus Marczinski,Feirão Pontual - 3 Feirões,Gabriel Pereira,280,Acima 101,31/08/2026,Até 15 dias,PAGA,Sim,Sim,Sim
13414720000145,AUTO CAR MULTIMARCAS LTDA,Revenda Multimarcas,CLICIA SOUZA DOS SANTOS,Feirão Pontual - Feirão Setembro,Gabriel Pereira,0,Sem Estoque,,Nunca atualizou,PAGA,Sim,Não,Não
13431979000102,MELO VEICULOS LTDA,RevendaCarro,Felipe Caldas Cavalcante,FEIRÃO SETEMBRO - P,Ruana Figueroa,6,Até 10,23/07/2024,Acima de 90 dias,PAGA,Sim,Não,Não
13480511000108,ETELVANE VEICULOS LTDA,Revenda Multimarcas,ALISON KODI HIRATA,Feirão Pontual - 3 Feirões,Ruana Figueroa,4,Até 5,27/07/2026,31 a 60 dias,PAGA,Sim,Sim,Sim
13554926000170,V.W AUTOMOVEIS,Revenda Multimarcas,Thayna Castelari Longui Buson,Feirão Pontual - Feirão Setembro,Ludmila Martins,0,Sem Estoque,,Nunca atualizou,PAGA,Sim,Não,Não
13694587000128,Santa Catarina Automoveis - Joinville,RevendaCarro,jefferson soares da silva monteiro,FEIRÃO SETEMBRO - P,Gabriel Pereira,32,Até 50,26/08/2026,Até 15 dias,PAGA,Sim,Não,Não
13705688000157,Vovo Veiculos,RevendaCarro,ELISIA NATALY LIMA MARTINS BARROS,2 FEIROES - P,Fernanda Souza,0,Sem Estoque,,Nunca atualizou,PAGA,Sim,Sim,Sim
13800773000102,Connect Veiculos,RevendaCarro,Guilherme de oliveira matos aiello,FEIRÃO SETEMBRO - M,Andre Souza,0,Sem Estoque,,Nunca atualizou,PAGA,Sim,Não,Não
13968010000167,Gauchinho Veiculos,RevendaCarro,Anderson Lino peteoski,FEIRÃO SETEMBRO - M,Lucynara Ochiai,0,Sem Estoque,,Nunca atualizou,PENDENTE_ACEITE,Sim,Sim,Sim
13995056000175,INOVACAR,Revenda Multimarcas,Mateus da Silva Dutra,Feirão Pontual - 3 Feirões,Gabriel Pereira,39,Até 50,31/08/2026,Até 15 dias,PAGA,Sim,Sim,Sim
14008545000159,Sandro Veiculos,Revenda Multimarcas,Ana Maria Walfredo Neves,Feirão Pontual - 3 Feirões,Fernanda Souza,1,Até 5,15/05/2026,Acima de 90 dias,PAGA,Sim,Sim,Sim
14011955000159,Cvc vip comércio de veiculos,Revenda Multimarcas,Clodomiro Vaz da Silva Neto,Feirão Pontual - 3 Feirões,Ludmila Martins,20,Até 20,14/05/2026,Acima de 90 dias,PAGA,Sim,Sim,Sim
14024658000148,TVLAR MOTOS,Concessionária,Aldo Vale de Jesus Júnior,Feirão Pontual - 3 Feirões,,15,Até 20,15/05/2026,Acima de 90 dias,PAGA,Sim,Sim,Sim
14047458000100,B V M COMERCIO LTDA,Revenda Multimarcas,Nayade Sabrina Mendes Malato,Feirão Pontual - 3 Feirões,Fernanda Souza,0,Sem Estoque,03/03/2026,Acima de 90 dias,5 PARC ATRASO,Não,Não,Não
14214368000167,MINAS CAR MULTIMARCAS LTDA,Revenda Multimarcas,ALBE RICARDO MICHETTE RAMOS,Feirão Pontual - 3 Feirões,Ludmila Martins,26,Até 30,18/05/2026,Acima de 90 dias,PAGA,Sim,Sim,Sim
14239814000198,BLUE COMERCIO DE VEICULOS LTDA,RevendaCarro,Rafael,FEIRÃO SETEMBRO - G,Juliana Grande,369,Acima 101,31/08/2026,Até 15 dias,PAGA,Sim,Sim,Sim
14265315000175,FENIX VEICULOS,Revenda Multimarcas,Ana Maria Walfredo Neves,Feirão Pontual - 3 Feirões,Fernanda Souza,6,Até 10,03/08/2026,Até 30 dias,PAGA,Sim,Sim,Sim
14301312000140,LOC WEB COMERCIO DE VEICULOS EIRELI,RevendaCarro,Ricardo Francisco Catarino,FEIRÃO SETEMBRO - P,Luana Marques,0,Sem Estoque,21/01/2022,Acima de 90 dias,PAGA,Não,Não,Não
14315177000191,VEICULOS SEMI NOVOS JOAO PAULO DA SILVA FERNANDES MONTEIRO LTDA,RevendaCarro,GENIVAL CRUZ,2 FEIROES - P,Tatiane Silva,7,Até 10,26/08/2026,Até 15 dias,PAGA,Não,Sim,Sim
14332130000136,Dan Comercio de Veículos LTDA,Revenda Multimarcas,Letícia Alves e Lima,Feirão Pontual - Feirão Setembro,Ludmila Martins,0,Sem Estoque,,Nunca atualizou,PAGA,Sim,Sim,Sim
14356204000174,Alpina Comercio de Veículos Novos e Usados Ltda,Revenda Multimarcas,Renato Lourenço Vieira,Feirão Pontual - 3 Feirões,Luana Marques,64,Até 100,28/08/2026,Até 15 dias,PAGA,Sim,Sim,Sim
14410646000151,FABRI E FERREIRA PRUDENTE COMERCIO DE VEICULOS LTDA,RevendaCarro,Gilson Bonome,FEIRÃO SETEMBRO - P,Juliana Grande,31,Até 50,25/08/2026,Até 15 dias,PAGA,Não,Não,Não
14412853000145,Ouro Car,Revenda Multimarcas,Marcos Luís Freitas de Santana,Feirão Pontual - 3 Feirões,Fernanda Souza,2,Até 5,20/03/2024,Acima de 90 dias,PAGA,Sim,Sim,Sim
14426556000159,ESQUINA MOTORS,Revenda Multimarcas,EVERTON MATEUS MARCZINSKI,Feirão Pontual - Feirão Setembro,Gabriel Pereira,86,Até 100,28/08/2026,Até 15 dias,EM PROCESSAMENTO,Sim,Não,Não
14468597000108,FINANCE CAR LTDA,Revenda Multimarcas,marcos vincius do couto,Feirão Pontual - 2 Feirões,Ludmila Martins,0,Sem Estoque,,Nunca atualizou,PAGA,Sim,Não,Não
14474007000150,STANDER MULTIMARCAS LTDA,Revenda Multimarcas,PATRICIA BILHALVA,Feirão Pontual - Feirão Setembro,Bruna de Paula,9,Até 10,15/08/2026,Até 30 dias,PAGA,Sim,Não,Não
14498318000159,AUTO REPASSE VEICULOS LTDA,RevendaCarro,ANDREIA FIASCHI ANDREOLI,FEIRÃO SETEMBRO - P,Juliana Grande,41,Até 50,31/08/2026,Até 15 dias,PENDENTE_ACEITE,Não,Não,Não
14520313000185,PIRACICABANO VEICULOS LTDA,RevendaCarro,Caique Costa Pelegrino,FEIRÃO SETEMBRO - P,Juliana Grande,61,Até 100,29/08/2026,Até 15 dias,PAGA,Não,Não,Não
14520702000100,Cak veículos,Revenda Multimarcas,Sandra Soares da Nóbrega,Feirão Pontual - 3 Feirões,Tatiane Silva,58,Até 100,31/08/2026,Até 15 dias,1 PARC ATRASO,Sim,Sim,Sim
14531458000181,FELIPE VAL PITSCH & CIA LTDA,RevendaCarro,AYRES RODRIGO VALENTE LUCARINI,FEIRÃO SETEMBRO - M,Andre Souza,8,Até 10,19/05/2026,Acima de 90 dias,PAGA,Sim,Não,Não
14585637000100,LEITAO MOTOS,Revenda Multimarcas,Ennes Carlos Simoes Maciel,Feirão Pontual - 3 Feirões,Fernanda Souza,0,Sem Estoque,,Nunca atualizou,PAGA,Sim,Sim,Sim
14624908000180,SINAI MOTORS COMERCIO DE VEICULOS LTDA,RevendaCarro,LEANDRO PIGNATARI,FEIRÃO SETEMBRO - P,Luana Marques,0,Sem Estoque,25/02/2026,Acima de 90 dias,PAGA,Não,Não,Não
14709550000199,JB MOTORS VEICULOS LTDA,RevendaCarro,liliane deknis,FEIRÃO SETEMBRO - P,Tatiane Silva,0,Sem Estoque,07/08/2025,Acima de 90 dias,AGUARDANDO_PAGAMENTO,Não,Sim,Sim
14713934000185,RL VEICULOS MULTMARCAS,Revenda Multimarcas,Felipe Caldas,Feirão Pontual - 3 Feirões,Ruana Figueroa,31,Até 50,08/04/2026,Acima de 90 dias,1 PARC ATRASO,Sim,Sim,Sim
14926748000124,VITEC COMERCIO E SERVICOS - LTDA,RevendaCarro,Danilo de Lima Rodrigues,2 FEIROES - G,Tatiane Silva,0,Sem Estoque,13/06/2025,Acima de 90 dias,PAGA,Não,Não,Não
15121317000153,Nick multimarcas,Revenda Multimarcas,Thomas Edison Pereira,Feirão Pontual - 3 Feirões,Gabriel Pereira,5,Até 5,22/03/2025,Acima de 90 dias,PAGA,Sim,Sim,Sim
15134906000176,GRIFFE MULTIMARCAS VEICULOS E IMOVEIS LTDA,RevendaCarro,Tábata Regina Pereira Lima,FEIRÃO SETEMBRO - P,Juliana Grande,52,Até 100,28/08/2026,Até 15 dias,PENDENTE_ACEITE,Não,Não,Não
15217191000115,RIBEIRANIA MOTORS,Revenda Multimarcas,PAULO RENATO FERREIRA DA SILVA,Feirão Pontual - Feirão Setembro,Andre Souza,78,Até 100,31/08/2026,Até 15 dias,PAGA,Sim,Não,Não
15249452000189,Platinum Comercio De Veiculos Ltda,Revenda Multimarcas,Ariela da silva,Feirão Pontual - 3 Feirões,Gabriel Pereira,78,Até 100,28/08/2026,Até 15 dias,1 PARC ATRASO,Sim,Sim,Sim
15250887000143,V8 Motors,RevendaCarro,Joao leonardo Dacheri,FEIRÃO SETEMBRO - M,Lucynara Ochiai,0,Sem Estoque,,Nunca atualizou,PAGA,Sim,Não,Não
15271555000145,Green Bay Car,Revenda Multimarcas,Victoria Barreiro,Feirão Pontual - Feirão Setembro,Luana Marques,22,Até 30,28/08/2026,Até 15 dias,PAGA,Sim,Não,Não
15383688000103,N1 IMPORTS,Revenda Multimarcas,FERNANDA RAMOS DONATO,Feirão Pontual - 3 Feirões,Luana Marques,24,Até 30,31/08/2026,Até 15 dias,AGUARDANDO_PAGAMENTO,Sim,Não,Não
15411152000154,ALEXCAR MULTIMARCAS COMERCIO DE VEICULOS LTDA,RevendaCarro,GLAUBER JOSE BELOTO,FEIRÃO SETEMBRO - M,Juliana Grande,0,Sem Estoque,21/06/2023,Acima de 90 dias,PAGA,Não,Não,Não
15694471000114,GT MARCAS,Concessionária,Cynthia Fernandes Moura,Feirão Pontual - 3 Feirões,Gabriel Pereira,9,Até 10,15/05/2026,Acima de 90 dias,PAGA,Sim,Sim,Sim
15770273000192,CRS Comercio de Veiculos,RevendaCarro,Natália Gabriele Teixeira,FEIRÃO SETEMBRO - M,Juliana Grande,0,Sem Estoque,,Nunca atualizou,PAGA,Sim,Não,Não
1584603000140,KAFKA MULTIMARCAS,RevendaCarro,Thomas Edison Pereira,FEIRÃO SETEMBRO - M,Gabriel Pereira,0,Sem Estoque,,Nunca atualizou,PENDENTE_ACEITE,Não,Não,Não
1623440000168,GONGRA COMERCIO DE VEICULOS LTDA,RevendaCarro,Vitoria Cabral Ferreira,2 FEIROES - P,Lucynara Ochiai,184,Acima 101,26/08/2026,Até 15 dias,PAGA,Não,Não,Não
16526145000160,Arena Motors - Sul,Revenda Multimarcas,Vinícius Santos Silva,Feirão Pontual - 3 Feirões,Juliana Grande,300,Acima 101,31/08/2026,Até 15 dias,2 PARC ATRASO,Sim,Não,Não
16526145000322,Arena Motors - SP Market,Revenda Multimarcas,Vinícius Santos Silva,Feirão Pontual - 3 Feirões,Juliana Grande,222,Acima 101,31/08/2026,Até 15 dias,1 PARC ATRASO,Sim,Não,Não
16526145000403,Arena Motors - Leste ,Revenda Multimarcas,RINAN HELBER DE LIMA BORGES,Feirão Pontual - 3 Feirões,Juliana Grande,291,Acima 101,31/08/2026,Até 15 dias,1 PARC ATRASO,Sim,Sim,Sim
16526145000594,Arena Motors - Santo André,Revenda Multimarcas,RINAN HELBER DE LIMA BORGES,Feirão Pontual - 3 Feirões,Juliana Grande,366,Acima 101,28/08/2026,Até 15 dias,PAGA,Sim,Não,Não
16637319000162,HR MULTIMARCAS VEICULOS EIRELI,RevendaCarro,Karoli Gomes,FEIRÃO SETEMBRO - P,Juliana Grande,0,Sem Estoque,17/08/2022,Acima de 90 dias,AGUARDANDO_PAGAMENTO,Não,Sim,Sim
16836569000121,Divisa Caminhões e Veículos,Revenda Multimarcas,Felipe Ronchi,Feirão Pontual - Feirão Setembro,Gabriel Pereira,0,Sem Estoque,,Nunca atualizou,PAGA,Sim,Não,Não
1684526000109,CORONETTI AUTOMOVEIS,Revenda Multimarcas,IVO RODRIGUES DE SOUZA,Feirão Pontual - Feirão Setembro,Gabriel Pereira,0,Sem Estoque,,Nunca atualizou,PAGA,Sim,Não,Não
16897929000103,SANTA FÉ MOTORS LTDA,RevendaCarro,Maêda Ferreira Mendes,FEIRÃO SETEMBRO - M,Juliana Grande,0,Sem Estoque,20/08/2025,Acima de 90 dias,PAGA,Não,Não,Não
16923273000148,Bm Automoveis,Revenda Multimarcas,Elaine Cristina Moreira Dias,Feirão Pontual - Feirão Setembro,Ludmila Martins,82,Até 100,28/08/2026,Até 15 dias,PAGA,Sim,Não,Não
16925806000120,MINAS CAR VEICULOS LTDA,RevendaCarro,Thamara Resende Sousa,2 FEIROES - M,Ludmila Martins,0,Sem Estoque,,Nunca atualizou,PENDENTE_ACEITE,Não,Não,Não
17003405000186,GUTO COMERCIO DE VEICULOS LTDA,RevendaCarro,Laís dos Santos Rover,FEIRÃO SETEMBRO - M,Andre Souza,26,Até 30,28/08/2026,Até 15 dias,PAGA,Sim,Não,Não
17042015000115,ELITE CAR VEICULOS,Revenda Multimarcas,CARLOS ROBERTO MACHADO LA ROCCA,Feirão Pontual - Feirão Setembro,Bruna de Paula,0,Sem Estoque,,Nunca atualizou,PAGA,Sim,Não,Não
17047293000165,AJ VEICULOS LTDA,RevendaCarro,Iann Gabriel Moreira de Souza,FEIRÃO SETEMBRO - P,Fernanda Souza,2,Até 5,21/08/2026,Até 15 dias,PAGA,Sim,Sim,Sim
17166610000162,Palestra Multimarcas,RevendaCarro,Felipe Santos,FEIRÃO SETEMBRO - M,Luana Marques,0,Sem Estoque,,Nunca atualizou,PENDENTE_ACEITE,Não,Não,Não
17192002000122,K. R. COMERCIO DE VEICULOS LTDA,RevendaCarro,MARLENE LAZARA RONCADA ROSSI,FEIRÃO SETEMBRO - M,Andre Souza,53,Até 100,26/08/2026,Até 15 dias,PAGA,Sim,Não,Não
17318358000160,Felipe Auto,Revenda Multimarcas,Marcos Luís Freitas de Santana,Feirão Pontual - 3 Feirões,Fernanda Souza,5,Até 5,08/05/2026,Acima de 90 dias,PAGA,Sim,Sim,Sim
17338061000166,VIA NORTE MULTIMARCAS LTDA,RevendaCarro,Ricardo Maia Melo,FEIRÃO SETEMBRO - P,Ruana Figueroa,25,Até 30,25/08/2026,Até 15 dias,PENDENTE_ACEITE,Não,Não,Não
17349676000198,TK VEICULOS LTDA,RevendaCarro,Max Rodrigo da Costa Barreto,FEIRÃO SETEMBRO - G,Fernanda Souza,7,Até 10,15/05/2026,Acima de 90 dias,PAGA,Não,Não,Não
17363726000191,NERI VEICULOS LTDA,Revenda Multimarcas,Bruno Marx Vilas Boas da Silva,Feirão Pontual - 3 Feirões,Tatiane Silva,7,Até 10,22/05/2026,Acima de 90 dias,PAGA,Sim,Sim,Sim
17493433000129,Grupo santos,Revenda Multimarcas,Júlio César de Souza,Feirão Pontual - 3 Feirões,Fernanda Souza,0,Sem Estoque,,Nunca atualizou,4 PARC ATRASO,Não,Não,Não
17523667000171,Moret Veiculos chapeco,Revenda Multimarcas,Ricardo Mandarano,Feirão Pontual - Feirão Setembro,Gabriel Pereira,0,Sem Estoque,,Nunca atualizou,PAGA,Sim,Não,Não
17599466000158,Tim tim multimarcas,Revenda Multimarcas,Everton Paiva lima,Feirão Pontual - 3 Feirões,Juliana Grande,0,Sem Estoque,12/08/2026,Até 30 dias,4 PARC ATRASO,Sim,Não,Não
17655543000140,S&V Veículos,RevendaCarro,Karen luana santos,FEIRÃO SETEMBRO - P,Ludmila Martins,0,Sem Estoque,,Nunca atualizou,PAGA,Sim,Sim,Sim
17729148000164,ALEXANDRE AUTOMOVEIS LTDA,RevendaCarro,Nathália pinheiro Alexandrino,FEIRÃO SETEMBRO - P,Juliana Grande,0,Sem Estoque,,Nunca atualizou,PAGA,Não,Não,Não
17817609000150,Tudo Tudo Veiculos,RevendaCarro,Rafaela Bachi Steffli,FEIRÃO SETEMBRO - M,Bruna de Paula,0,Sem Estoque,,Nunca atualizou,PAGA,Sim,Não,Não
17870956000147,Confia Automóveis,RevendaCarro,Hemilly Marcon Nunes de Stefani,FEIRÃO SETEMBRO - M,Gabriel Pereira,0,Sem Estoque,,Nunca atualizou,PAGA,Sim,Não,Não
17945888000138,Fiocar Multimarcas,RevendaCarro,Mariana Franco Fernandes,FEIRÃO SETEMBRO - P,Juliana Grande,0,Sem Estoque,,Nunca atualizou,PENDENTE_ACEITE,Não,Não,Não
17949166000151,KADOSH CAR,RevendaCarro,ANA PAULA MAURICIO,FEIRÃO SETEMBRO - M,Luana Marques,0,Sem Estoque,,Nunca atualizou,PENDENTE_ACEITE,Não,Não,Não
17949740000171,Realize veiculos ltda,Revenda Multimarcas,CARLOS EDUARDO LOCIO ROSADO,Feirão Pontual - 3 Feirões,Ruana Figueroa,24,Até 30,21/08/2026,Até 15 dias,1 PARC ATRASO,Sim,Sim,Sim
18162772000195,BRUNO MULTIMARCAS,Revenda Multimarcas,FRANCISCO ESIO DANTAS FRANCO,Feirão Pontual - Feirão Setembro,Luana Marques,0,Sem Estoque,22/04/2024,Acima de 90 dias,EM PROCESSAMENTO,Sim,Não,Não
18342453000161,S a multimarcas,RevendaCarro,adriene da fonseca lopes rodrigues,FEIRÃO SETEMBRO - P,Juliana Grande,0,Sem Estoque,,Nunca atualizou,PAGA,Sim,Não,Não
18542565000166,Divisa multimarcas ltda,Revenda Multimarcas,Hudson do nascimento santana,Feirão Pontual - 2 Feirões,Tatiane Silva,34,Até 50,31/08/2026,Até 15 dias,PAGA,Sim,Não,Não
18589082000117,JULIANO VEICULOS,Revenda Multimarcas,ADRIANA ALLES,Feirão Pontual - 2 Feirões,Bruna de Paula,60,Até 100,28/08/2026,Até 15 dias,PAGA,Sim,Não,Não
18701734000163,Autofinance LTDA,Revenda Multimarcas,Clenilze de Azevedo Farias,Feirão Pontual - 3 Feirões,Ruana Figueroa,279,Acima 101,31/08/2026,Até 15 dias,PAGA,Sim,Sim,Sim
18707036000175,ALESSANDRO JOSE GASPARO,RevendaCarro,Marlei Roncada,FEIRÃO SETEMBRO - M,Andre Souza,49,Até 50,31/08/2026,Até 15 dias,PAGA,Não,Sim,Sim
18746127000110,RM CAR LTDA,Revenda Multimarcas,Maria Iolanda dos Santos Rolemberg,Feirão Pontual - 3 Feirões,Fernanda Souza,0,Sem Estoque,,Nunca atualizou,PAGA,Sim,Sim,Sim
18751659000145,inkar comercio de automoveis ltda,Revenda Multimarcas,carolina jardim rocha araujo,Feirão Pontual - Feirão Setembro,Ludmila Martins,42,Até 50,31/08/2026,Até 15 dias,PAGA,Sim,Não,Não
18775013000106,Radial Automóveis,Revenda Multimarcas,Luís Rodrigues Filho,Feirão Pontual - 3 Feirões,Tatiane Silva,110,Acima 101,31/08/2026,Até 15 dias,1 PARC ATRASO,Sim,Sim,Sim
1878110000113,LUCAS DA SILVA CUNHA,Revenda Multimarcas,ELISIA NATALY LIMA MARTINS BARROS,Feirão Pontual - 3 Feirões,Fernanda Souza,15,Até 20,24/08/2026,Até 15 dias,PAGA,Sim,Sim,Sim
18909247000190,MARANATA VEICULOS,Revenda Multimarcas,Poliane Lopes de Souza Penido,Feirão Pontual - 3 Feirões,Ludmila Martins,43,Até 50,31/08/2026,Até 15 dias,3 PARC ATRASO,Sim,Sim,Sim
18914121000104,Souza da Agua Veículos,RevendaCarro,Jaqueline dos Santos Conceição,FEIRÃO SETEMBRO - M,Luana Mota,36,Até 50,01/07/2026,61 a 90 dias,AGUARDANDO_PAGAMENTO,Não,Não,Não
18986049000120,TR veiculos ltda,Revenda Multimarcas,SÉRGIO RICARDO PARISIO SANTOS,Feirão Pontual - 3 Feirões,Fernanda Souza,25,Até 30,17/08/2026,Até 15 dias,PAGA,Sim,Não,Não
18990834000157,REVEA,RevendaCarro,VANESSA CARVALHO SOARES,FEIRÃO SETEMBRO - M,Fernanda Souza,0,Sem Estoque,,Nunca atualizou,PAGA,Não,Não,Não
19056528000100,VANESSA CIOLFI MEDEIROS COMERCIO DE AUTOMOVEIS,RevendaCarro,FRANCISCO ESIO DANTAS FRANCO,FEIRÃO SETEMBRO - M,Luana Marques,0,Sem Estoque,09/03/2026,Acima de 90 dias,PENDENTE_ACEITE,Não,Sim,Sim
19141716000137,FARO E MOREIRA MULTIMARCAS,RevendaCarro,viviane de almeida,FEIRÃO SETEMBRO - M,Ludmila Martins,20,Até 20,18/05/2026,Acima de 90 dias,PAGA,Sim,Sim,Sim
19173853000153,SM VEICULOS,Revenda Multimarcas,Maryhá Receputi,Feirão Pontual - Feirão Setembro,Ludmila Martins,0,Sem Estoque,,Nunca atualizou,PAGA,Sim,Não,Não
19377457000148,AVENIDA MULTIMARCAS,RevendaCarro,Rui de Almeida Oliveira,FEIRÃO SETEMBRO - P,Juliana Grande,0,Sem Estoque,,Nunca atualizou,PAGA,Não,Não,Não
19534634000152,KFK Multimarcas,Revenda Multimarcas,Eduardo Felipe Faria,Feirão Pontual - Feirão Setembro,Luana Marques,0,Sem Estoque,29/09/2025,Acima de 90 dias,PAGA,Sim,Sim,Sim
1992732000178,Tocos Veículos,Revenda Multimarcas,juliane aparecida do nascimento alves,Feirão Pontual - 3 Feirões,Andre Souza,28,Até 30,26/08/2026,Até 15 dias,1 PARC ATRASO,Sim,Sim,Sim
19978029000170,uniao pelotas comercio de veiculos ltda,Revenda Multimarcas,patricia bilhalva oliveira,Feirão Pontual - Feirão Setembro,Bruna de Paula,1,Até 5,18/05/2026,Acima de 90 dias,PAGA,Sim,Não,Não
1998844000136,DAYTONA VEICULOS LTDA,Revenda Multimarcas,FABIO AGNOLET,Feirão Pontual - Feirão Setembro,Ludmila Martins,0,Sem Estoque,,Nunca atualizou,PAGA,Sim,Não,Não
20001567000190,Rota 19 Motors,RevendaCarro,Liciane Santana,FEIRÃO SETEMBRO - M,Juliana Grande,0,Sem Estoque,,Nunca atualizou,PAGA,Não,Não,Não
20089570000107,Bandeca multimarcas,Revenda Multimarcas,Junior César donato de souza,Feirão Pontual - 3 Feirões,Andre Souza,0,Sem Estoque,26/06/2026,61 a 90 dias,PAGA,Sim,Sim,Sim
20159039000163,SHELBY MOTORS COMERCIO DE VEICULOS EIRELI,RevendaCarro,Bruno Bocaletti,FEIRÃO SETEMBRO - M,Juliana Grande,0,Sem Estoque,14/03/2023,Acima de 90 dias,AGUARDANDO_PAGAMENTO,Não,Não,Não
20227724000180,Lindauto Veiculos,RevendaCarro,Elaine Cristina Moreira Dias,FEIRÃO SETEMBRO - P,Ludmila Martins,0,Sem Estoque,,Nunca atualizou,PAGA,Sim,Sim,Sim
20247195000186,GOMES E ALMEIDA AUTOMOVEIS LEME LTDA,RevendaCarro,Cléia Nizi,FEIRÃO SETEMBRO - M,Juliana Grande,16,Até 20,25/08/2026,Até 15 dias,PAGA,Sim,Sim,Sim
20260959000173,XANDE VEICULOS,RevendaCarro,JEFFERSON DA SILVA TENORIO,FEIRÃO SETEMBRO - M,Fernanda Souza,0,Sem Estoque,,Nunca atualizou,PAGA,Sim,Sim,Sim
20264049000169,dudu veiculos,RevendaCarro,elisangela silva gomes,FEIRÃO SETEMBRO - P,Fernanda Souza,0,Sem Estoque,26/07/2024,Acima de 90 dias,PAGA,Não,Sim,Sim
20442120000237,LIAL VEICULOS,RevendaCarro,GABRIEL RAMON FERNANDES,FEIRÃO SETEMBRO - M,Ludmila Martins,0,Sem Estoque,,Nunca atualizou,AGUARDANDO_PAGAMENTO,Sim,Não,Não
20595366000168,SMART VEÍCULOS,Revenda Multimarcas,carlos alberto rosa,Feirão Pontual - 3 Feirões,Juliana Grande,33,Até 50,31/08/2026,Até 15 dias,PAGA,Sim,Sim,Sim
20606319000172,PRIMUS MOTORS,Revenda Multimarcas,Neide Tomaz da Costa,Feirão Pontual - Feirão Setembro,Ludmila Martins,0,Sem Estoque,,Nunca atualizou,PAGA,Sim,Não,Não
20672864000167,DARLEY VEICULOS,RevendaCarro,MATEUS MOLINET FERREIRA,FEIRÃO SETEMBRO - P,Gabriel Pereira,0,Sem Estoque,,Nunca atualizou,PAGA,Sim,Não,Não
20691842000144,alfa multimarcas ltda,RevendaCarro,Brian laurentino,FEIRÃO SETEMBRO - M,Juliana Grande,0,Sem Estoque,,Nunca atualizou,PAGA,Sim,Sim,Sim
20716848000129,JMG comércio de veículos ltda,Revenda Multimarcas,Lucas Moreira Teixeira,Feirão Pontual - 3 Feirões,Fernanda Souza,0,Sem Estoque,05/04/2024,Acima de 90 dias,4 PARC ATRASO,Sim,Não,Não
21010676000136,Roberto Multimarcas,RevendaCarro,Eduardo Luis Braceiro,FEIRÃO SETEMBRO - M,Luana Marques,0,Sem Estoque,,Nunca atualizou,PAGA,Sim,Não,Não
21145472000102,L & A veiculos,RevendaCarro,Marinilda Martins costa e silva,FEIRÃO SETEMBRO - M,Fernanda Souza,0,Sem Estoque,,Nunca atualizou,PAGA,Não,Sim,Sim
21156410000104,FAVORETTI VEICULOS,RevendaCarro,Maria Eduarda Valadares Tourinho,FEIRÃO SETEMBRO - P,Fernanda Souza,0,Sem Estoque,,Nunca atualizou,PENDENTE_ACEITE,Não,Sim,Sim
21230160000105,Pemavel Comercio De Veiculos Ltda,Revenda Multimarcas,Everton Mateus Marczinski,Feirão Pontual - 3 Feirões,Gabriel Pereira,119,Acima 101,31/08/2026,Até 15 dias,PAGA,Sim,Sim,Sim
21310717000100,Jl Veiculos,RevendaCarro,Renan Rodrigues dos Santos Ribas,FEIRÃO SETEMBRO - P,Lucynara Ochiai,0,Sem Estoque,,Nunca atualizou,PAGA,Sim,Não,Não
21362817000341,MCAR AUTOMOVEIS LTDA,RevendaCarro,Bruno Augusto Iank Ribeiro,FEIRÃO SETEMBRO - M,Gabriel Pereira,0,Sem Estoque,17/03/2025,Acima de 90 dias,PAGA,Sim,Não,Não
21454031000192,GL-GLAUBER VEICULOS LTDA,RevendaCarro,Anderson Alcion Ferreira Duque Parada,FEIRÃO SETEMBRO - M,Ludmila Martins,31,Até 50,10/08/2026,Até 30 dias,PENDENTE_ACEITE,Não,Sim,Sim
21514783000100,AUTO FACIL VEICULOS LTDA,RevendaCarro,Ricardo dos Santos Santos,2 FEIROES - G,Gabriel Pereira,28,Até 30,28/08/2026,Até 15 dias,AGUARDANDO_PAGAMENTO,Não,Não,Não
21559650000141,RT Veículos,Revenda Multimarcas,Marcia Regina Brito Portal,Feirão Pontual - 3 Feirões,Fernanda Souza,21,Até 30,26/08/2026,Até 15 dias,PAGA,Sim,Sim,Sim
21561346000139,C-Car Multimarcas,Revenda Multimarcas,Eduardo Bittencourt,Feirão Pontual - 3 Feirões,Gabriel Pereira,36,Até 50,28/08/2026,Até 15 dias,PAGA,Sim,Sim,Sim
21571248000182,SLZ VEICULOS LTDA,RevendaCarro,hugo santos,FEIRÃO SETEMBRO - G,Fernanda Souza,0,Sem Estoque,21/01/2026,Acima de 90 dias,PENDENTE_ACEITE,Não,Não,Não
21588031000185,RENAN COMERCIO DE VEICULOS LTDA,RevendaCarro,IAHGO LOSSAVARO MARIM,FEIRÃO SETEMBRO - M,Juliana Grande,35,Até 50,25/08/2026,Até 15 dias,PAGA,Não,Não,Não
21703449000196,PAI E FILHO VEICULOS LTDA,RevendaCarro,Matheus cuty Rodrigues,FEIRÃO SETEMBRO - P,Gabriel Pereira,7,Até 10,20/08/2026,Até 15 dias,PAGA,Sim,Sim,Sim
21722580000109,OESTE MULTIMARCAS,Revenda Multimarcas,Karine busatto,Feirão Pontual - Feirão Setembro,Gabriel Pereira,1,Até 5,15/05/2026,Acima de 90 dias,PAGA,Sim,Não,Não
21729039000114,Auto Vrum Comercio de Veiculos Ltda,RevendaCarro,Lizandra da Silva Jianni,FEIRÃO SETEMBRO - G,Lucynara Ochiai,120,Acima 101,31/08/2026,Até 15 dias,PAGA,Não,Não,Não
21804036000106,Di Car Automoveis,RevendaCarro,Micaela Pereira,FEIRÃO SETEMBRO - P,Gabriel Pereira,0,Sem Estoque,,Nunca atualizou,PAGA,Sim,Não,Não
21900974000100,VH MOTORS LTDA,RevendaCarro,Sidnei Miranda de Sousa,2 FEIROES - P,Fernanda Souza,9,Até 10,19/11/2025,Acima de 90 dias,PAGA,Não,Não,Não
21922677000157,AUTO SELECT VEICULOS LTDA,RevendaCarro,Ricardo dos Santos Santos,FEIRÃO SETEMBRO - G,Gabriel Pereira,16,Até 20,26/08/2026,Até 15 dias,PAGA,Sim,Não,Não
22029168000162,FERNANDO E FILHOS VEICULOS EIRELI,RevendaCarro,Janaina lima,FEIRÃO SETEMBRO - P,Ruana Figueroa,0,Sem Estoque,05/02/2024,Acima de 90 dias,PAGA,Não,Não,Não
22035493000138,TREND AUTOMOVEIS LTDA,RevendaCarro,carolina jardim rocha araujo,FEIRÃO SETEMBRO - P,Ludmila Martins,40,Até 50,31/08/2026,Até 15 dias,PAGA,Sim,Não,Não
22053107000130,EDSON RODRIGUES DA SILVA FILHO,RevendaCarro,Claudio Gonçalves Soutinho,2 FEIROES - M,Ruana Figueroa,0,Sem Estoque,,Nunca atualizou,PAGA,Sim,Não,Não
22064508000196,Maximus Veiculos,Revenda Multimarcas,Carolina jardim Rocha Araújo,Feirão Pontual - Feirão Setembro,Ludmila Martins,0,Sem Estoque,,Nunca atualizou,PAGA,Sim,Não,Não
22155754000153,Urupês veículos,RevendaCarro,Ingrid Karla Aparecida Felipe Morais Pereira,FEIRÃO SETEMBRO - M,Ludmila Martins,0,Sem Estoque,,Nunca atualizou,PENDENTE_ACEITE,Não,Sim,Sim
22238555000109,ALMAT VEICULOS LTDA,RevendaCarro,everton martins oliveira,FEIRÃO SETEMBRO - M,Juliana Grande,0,Sem Estoque,,Nunca atualizou,PAGA,Sim,Não,Não
22290964000154,haubman comercio de veiculos ltda,Revenda Multimarcas,patricia bilhalva,Feirão Pontual - Feirão Setembro,Bruna de Paula,0,Sem Estoque,,Nunca atualizou,PAGA,Sim,Não,Não
22452480000164,MONZANI VEICULOS LTDA,RevendaCarro,affonso vinicius mansano reck,FEIRÃO SETEMBRO - M,Juliana Grande,0,Sem Estoque,,Nunca atualizou,PAGA,Sim,Não,Não
22527737000108,VS Veículos,Revenda Multimarcas,Marcello Lima de Mello,Feirão Pontual - 3 Feirões,Gabriel Pereira,27,Até 30,28/08/2026,Até 15 dias,PAGA,Sim,Sim,Sim
22581742000190,FV VEÍCULOS LTDA,Revenda Multimarcas,Roberson Sampaio Cardoso Junior,Feirão Pontual - Feirão Setembro,Gabriel Pereira,0,Sem Estoque,,Nunca atualizou,PAGA,Sim,Não,Não
22600635000162,AUTO SALON COMERCIO DE AUTOMOVEIS LTDA,Revenda Multimarcas,Rafael Ramos Contessoto,Feirão Pontual - Feirão Setembro,Luana Marques,114,Acima 101,16/07/2024,Acima de 90 dias,PAGA,Sim,Não,Não
22745234000109,ACTUS INTERMEDIACAO E CONSULTORIA EM NEGOCIOS LTDA,Revenda Multimarcas,Poliane Lopes de Souza Penido,Feirão Pontual - 3 Feirões,Ludmila Martins,63,Até 100,26/08/2026,Até 15 dias,PAGA,Sim,Sim,Sim
22773033000107,VASCONCELOS VEICULOS LTDA,RevendaCarro,MARCOS VINICIUS DO COUTO,2 FEIROES - M,Ludmila Martins,0,Sem Estoque,,Nunca atualizou,PAGA,Sim,Não,Não
22780599000166,Auto Drive Multimarcas,RevendaCarro,Lizandra da Silva Jianni,FEIRÃO SETEMBRO - P,Lucynara Ochiai,2,Até 5,28/08/2026,Até 15 dias,PAGA,Sim,Sim,Sim
22849214000170,Auto 100 Multimarcas,RevendaCarro,Greice Nunes,FEIRÃO SETEMBRO - P,Bruna de Paula,0,Sem Estoque,,Nunca atualizou,PAGA,Sim,Não,Não
22852808000130,TH MOTORS,Revenda Multimarcas,CHRISLEY MIRANDA SILVA,Feirão Pontual - 3 Feirões,Tatiane Silva,11,Até 20,09/06/2026,61 a 90 dias,PAGA,Sim,Sim,Sim
22949425000184,H R serviços e comércio ltda,RevendaCarro,Robson Picanco Ferreira,FEIRÃO SETEMBRO - M,Fernanda Souza,0,Sem Estoque,,Nunca atualizou,PENDENTE_ACEITE,Não,Sim,Sim
22979292000199,Barulho automóveis,RevendaCarro,Joao leonardo Dacheri,FEIRÃO SETEMBRO - M,Lucynara Ochiai,0,Sem Estoque,,Nunca atualizou,PENDENTE_ACEITE,Não,Não,Não
2304444000146,Hods Car,RevendaCarro,Thiago abbadia correia,FEIRÃO SETEMBRO - M,Bruna de Paula,25,Até 30,15/05/2026,Acima de 90 dias,AGUARDANDO_PAGAMENTO,Não,Não,Não
23370105000138,Daniel Veiculos,RevendaCarro,Fabio henrique masson gula,FEIRÃO SETEMBRO - P,Juliana Grande,0,Sem Estoque,,Nunca atualizou,PAGA,Não,Sim,Sim
23457991000131,MULTICAR COMERCIO VAREJISTA DE AUTOMOVEIS LTDA,RevendaCarro,Ricardo dos Santos Santos,FEIRÃO SETEMBRO - M,Gabriel Pereira,0,Sem Estoque,02/07/2025,Acima de 90 dias,PAGA,Sim,Não,Não
23683538000143,JM CAR COMERCIO DE VEICULOS LTDA,Revenda Multimarcas,ANTONIO WANDESON DUARTE PEREIRA,Feirão Pontual - 3 Feirões,Fernanda Souza,0,Sem Estoque,02/04/2026,Acima de 90 dias,4 PARC ATRASO,Não,Não,Não
23720645000102,New Prime Autos Comercio de Veiculos Ltda,Revenda Multimarcas,Felipe Henrique Meira Rebola,Feirão Pontual - 3 Feirões,Luana Marques,220,Acima 101,26/08/2026,Até 15 dias,AGUARDANDO_PAGAMENTO,Sim,Não,Não
23726041000165,JAJA VEICULOS LTDA,RevendaCarro,EDGARD TAVARES DE SOUZA JUNIOR,FEIRÃO SETEMBRO - M,Fernanda Souza,6,Até 10,14/05/2026,Acima de 90 dias,PAGA,Não,Não,Não
23748177000176,"QUEIROZ BARRETO COMERCIO,SERVICOS E LOCACOES DE VEICULOS LTDA  Selecionar outra loja",RevendaCarro,Leivia Emanuelle Oliveira dos Santos,FEIRÃO SETEMBRO - M,Fernanda Souza,0,Sem Estoque,,Nunca atualizou,PAGA,Não,Sim,Sim
23757028000173,O L DE MENEZES,RevendaCarro,VANESSA CARVALHO SOARES,FEIRÃO SETEMBRO - M,Fernanda Souza,0,Sem Estoque,,Nunca atualizou,PENDENTE_ACEITE,Não,Não,Não
23760314000198,M Car Veiculos,RevendaCarro,Leivia Emanuelle Oliveira dos Santos,FEIRÃO SETEMBRO - P,Fernanda Souza,0,Sem Estoque,,Nunca atualizou,PAGA,Sim,Não,Não
23795353000120,CONECT car,RevendaCarro,José Romário Feitosa dos Santos,FEIRÃO SETEMBRO - P,Ruana Figueroa,0,Sem Estoque,,Nunca atualizou,PAGA,Sim,Não,Não
23857821000144,RAFA REPASSE SC,Revenda Multimarcas,RAFAELLY NUNES ALVES,Feirão Pontual - 2 Feirões,Gabriel Pereira,0,Sem Estoque,,Nunca atualizou,PAGA,Sim,Não,Não
23874319000141,BR Seminovos,RevendaCarro,Marcos Luis Freitas de Santana,FEIRÃO SETEMBRO - P,Fernanda Souza,10,Até 10,27/08/2026,Até 15 dias,PAGA,Sim,Sim,Sim
23917705000173,Maguari Veiculos,Revenda Multimarcas,Marcia Regina Brito Portal,Feirão Pontual - 3 Feirões,Fernanda Souza,61,Até 100,25/08/2026,Até 15 dias,PAGA,Sim,Sim,Sim
24118517000148,V8 GARAGE LTDA,Revenda Multimarcas,VITOR DA CUNHA MALLMANN,Feirão Pontual - 3 Feirões,Gabriel Pereira,14,Até 20,29/08/2026,Até 15 dias,PAGA,Sim,Sim,Sim
24154966000141,Financia car comércio de veículos,RevendaCarro,Helio Santos Ribeiro Rocha,FEIRÃO SETEMBRO - P,Fernanda Souza,0,Sem Estoque,,Nunca atualizou,PENDENTE_ACEITE,Não,Sim,Sim
24232491000164,Auto 10 multimarcas,RevendaCarro,Alisson Diego Grochovski,FEIRÃO SETEMBRO - P,Gabriel Pereira,0,Sem Estoque,,Nunca atualizou,AGUARDANDO_PAGAMENTO,Não,Não,Não
24243785000191,PETROCAR MULTIMARCAS,RevendaCarro,ELISIA NATALY LIMA MARTINS BARROS,FEIRÃO SETEMBRO - P,Fernanda Souza,0,Sem Estoque,,Nunca atualizou,PAGA,Não,Não,Não
24355219000171,Villareal Veiculos,RevendaCarro,Diego Timoteo Santos,FEIRÃO SETEMBRO - M,Ludmila Martins,0,Sem Estoque,,Nunca atualizou,PAGA,Sim,Não,Não
24358161000110,SKINA CAR MULTIMARCAS-COMERCIO E LOCACAO DE VEICULOS EIRELI,RevendaCarro,EDMIS TANAKAI NERI,FEIRÃO SETEMBRO - G,Luana Marques,1,Até 5,28/08/2026,Até 15 dias,AGUARDANDO_PAGAMENTO,Sim,Não,Não
24403072000148,INJET MOTORS COMERCIO DE VEICULOS LTDA,RevendaCarro,Neide Tomaz da Costa,FEIRÃO SETEMBRO - P,Ludmila Martins,39,Até 50,28/08/2026,Até 15 dias,AGUARDANDO_PAGAMENTO,Não,Não,Não
24492511000136,portal veiculos comercio e consignação ltda,RevendaCarro,lucas postali furlani,FEIRÃO SETEMBRO - P,Juliana Grande,0,Sem Estoque,,Nunca atualizou,PAGA,Sim,Não,Não
24534551000101,Guaruja Automoves,Revenda Multimarcas,Rafael Andrade Brito,Feirão Pontual - 3 Feirões,Andre Souza,22,Até 30,25/08/2026,Até 15 dias,4 PARC ATRASO,Sim,Não,Não
24593090000210,IFPP COMERCIO E SERVICOS LTDA,Revenda Multimarcas,ALAN VITOR ENES ROCHA,Feirão Pontual - 3 Feirões,,12,Até 20,28/08/2026,Até 15 dias,PAGA,Sim,Sim,Sim
24605565000160,Decisão Veiculos,RevendaCarro,Nathália pinheiro Alexandrino,FEIRÃO SETEMBRO - M,Juliana Grande,1,Até 5,10/08/2026,Até 30 dias,PAGA,Sim,Sim,Sim
24617181000168,2 MMOTORS,Revenda Multimarcas,RENATO LOURENÇO VIEIRA,Feirão Pontual - 2 Feirões,Luana Marques,3,Até 5,29/08/2026,Até 15 dias,PAGA,Sim,Não,Não
24650937000170,Dbk Automóveis,RevendaCarro,VILMANIR COLDEBELLA,FEIRÃO SETEMBRO - P,Gabriel Pereira,0,Sem Estoque,,Nunca atualizou,PAGA,Sim,Sim,Sim
24659290000148,Amilcar veiculos,RevendaCarro,Wellington Antônio da Silva,FEIRÃO SETEMBRO - P,Andre Souza,0,Sem Estoque,,Nunca atualizou,PAGA,Não,Sim,Sim
24756407000101,TERLUCIO E MARCIO COMERCIO VAREJISTA DE VEICULOS LTDA,RevendaCarro,José Romário Feitosa dos Santos,FEIRÃO SETEMBRO - P,Ruana Figueroa,32,Até 50,26/08/2026,Até 15 dias,PENDENTE_ACEITE,Sim,Não,Não
24761651000162,Paula Aparecida gomes,RevendaCarro,Victor Ferreira Drummond de Andrade,FEIRÃO SETEMBRO - M,Ludmila Martins,0,Sem Estoque,,Nunca atualizou,PAGA,Sim,Sim,Sim
24762121000139,L TORRE IMPORTS,Revenda Multimarcas,Victoria Barreiro,Feirão Pontual - 3 Feirões,Luana Marques,14,Até 20,28/08/2026,Até 15 dias,PAGA,Sim,Sim,Sim
24778036000169,BM MOTORS MULTIMARCAS,RevendaCarro,camila mendes santos,FEIRÃO SETEMBRO - M,Luana Marques,0,Sem Estoque,,Nunca atualizou,PAGA,Não,Não,Não
24783731000119,MUGCAR MOTORS LTDA,RevendaCarro,Gabriel Sandro Munhos de Melo,FEIRÃO SETEMBRO - G,Juliana Grande,0,Sem Estoque,24/10/2025,Acima de 90 dias,PAGA,Sim,Não,Não
24865726000155,PR VEICULOS LTDA,Revenda Multimarcas,Andreia Antunes,Feirão Pontual - 3 Feirões,Ruana Figueroa,11,Até 20,31/08/2026,Até 15 dias,4 PARC ATRASO,Sim,Não,Não
24994059000100,JR COMERCIO DE VEICULOS E INTERMEDIACAO LTDA,RevendaCarro,eduardo henrique de almeida,FEIRÃO SETEMBRO - M,Luana Marques,4,Até 5,31/08/2026,Até 15 dias,PAGA,Sim,Sim,Sim
25046643000105,LSOUZA EMPREENDIMENTOS LTDA,Revenda Multimarcas,Guilherme Francisco dos Santos,Feirão Pontual - 3 Feirões,Gabriel Pereira,57,Até 100,28/08/2026,Até 15 dias,PAGA,Sim,Sim,Sim
2507550000127,Pilot. Gostoso,ConcessionariaMoto,caique sousa da silva,FEIRÃO SETEMBRO - M,Tatiane Silva,0,Sem Estoque,,Nunca atualizou,PAGA,Não,Sim,Sim
25168487000147,POLERA COMERCIO DE VEICULOS LTDA,RevendaCarro,Erika mendes de Oliveira,FEIRÃO SETEMBRO - G,Luana Marques,0,Sem Estoque,31/03/2025,Acima de 90 dias,AGUARDANDO_PAGAMENTO,Sim,Não,Não
25197337000161,EDERSON & RIQUELME MOTORS LTDA,Revenda Multimarcas,RAFAELLY NUNES ALVES,Feirão Pontual - 3 Feirões,Gabriel Pereira,10,Até 10,27/08/2026,Até 15 dias,PAGA,Sim,Sim,Sim
25210043000122,BATATAIS VEICULOS LTDA,RevendaCarro,RICARDO BEVILAQUA NACARI,FEIRÃO SETEMBRO - M,Andre Souza,0,Sem Estoque,17/11/2025,Acima de 90 dias,PENDENTE_ACEITE,Não,Não,Não
25224599000178,CREDIAUTO,Revenda Multimarcas,Maria Iolanda dos Santos Rolemberg,Feirão Pontual - 3 Feirões,Fernanda Souza,67,Até 100,25/08/2026,Até 15 dias,PAGA,Sim,Sim,Sim
25361046000167,G P de Souza veículos ltda,RevendaCarro,Marcio Rodrigo Ferlin,FEIRÃO SETEMBRO - P,Juliana Grande,0,Sem Estoque,,Nunca atualizou,PAGA,Sim,Sim,Sim
25391642000190,Autoshow comercio de veiculos ltda,Revenda Multimarcas,Jose Alexandre Pereira de Souza,Feirão Pontual - 3 Feirões,Gabriel Pereira,82,Até 100,25/08/2026,Até 15 dias,PAGA,Sim,Sim,Sim
25408682000105,série 7 automóveis,RevendaCarro,Altair Fábio pereira,FEIRÃO SETEMBRO - M,Lucynara Ochiai,0,Sem Estoque,,Nunca atualizou,PENDENTE_ACEITE,Não,Não,Não
25421566000118,Donna Veiculos,RevendaCarro,Renan Rodrigues dos Santos Ribas,FEIRÃO SETEMBRO - M,Lucynara Ochiai,0,Sem Estoque,,Nunca atualizou,PAGA,Sim,Sim,Sim
2542382000100,FRIZZI & FRIZZI LTDA,RevendaCarro,Joice Cristine do Amaral,FEIRÃO SETEMBRO - M,Juliana Grande,0,Sem Estoque,,Nunca atualizou,PAGA,Sim,Não,Não
25432753000105,Ronconi motor,RevendaCarro,Vanessa Grando Correa,2 FEIROES - P,Luana Mota,0,Sem Estoque,,Nunca atualizou,PAGA,Sim,Sim,Sim
2550786000146,ALDI AUTOMOVEIS LTDA,RevendaCarro,Vanessa Grando Correa,FEIRÃO SETEMBRO - M,Luana Mota,30,Até 30,29/08/2026,Até 15 dias,PAGA,Sim,Não,Não
25694520000172,AROEIRA MULTIMARCAS LTDA,Revenda Multimarcas,FELIPE PEREIRE DOS SANTOS,Feirão Pontual - 3 Feirões,Luana Marques,6,Até 10,20/08/2026,Até 15 dias,PAGA,Sim,Sim,Sim
26033888000403,RRV COMÉRCIO DE VEÍCULOS LTDA,Revenda Multimarcas,Erika mendes de Oliveira,Feirão Pontual - Feirão Setembro,Juliana Grande,0,Sem Estoque,20/08/2024,Acima de 90 dias,PAGA,Sim,Não,Não
26125460000130,KAIROS MULTIMARCAS LTDA,RevendaCarro,Luciane Moreira Mancini,FEIRÃO SETEMBRO - M,Andre Souza,0,Sem Estoque,,Nunca atualizou,AGUARDANDO_PAGAMENTO,Não,Não,Não
26161155000101,Maranata Veículos,RevendaCarro,Gabriel Kolarik Miranda,FEIRÃO SETEMBRO - G,Andre Souza,15,Até 20,28/08/2026,Até 15 dias,AGUARDANDO_PAGAMENTO,Sim,Não,Não
26231189000117,FABAO CAR,Revenda Multimarcas,Rafaelly Nunes,Feirão Pontual - Feirão Setembro,Gabriel Pereira,0,Sem Estoque,,Nunca atualizou,PAGA,Sim,Não,Não
26267939000100,Avenida veiculos itapema ltda,Revenda Multimarcas,JULIO CESAR DE OLIVEIRA FARIAS,Feirão Pontual - 3 Feirões,Gabriel Pereira,0,Sem Estoque,17/05/2022,Acima de 90 dias,PAGA,Sim,Sim,Sim
26295713000113,Real Multimarcas,Revenda Multimarcas,André Luiz Hennemann,Feirão Pontual - 3 Feirões,Bruna de Paula,50,Até 50,28/08/2026,Até 15 dias,PAGA,Sim,Sim,Sim
26525781000121,Franco Car,RevendaCarro,Danielly Mazza,FEIRÃO SETEMBRO - P,Bruna de Paula,46,Até 50,31/08/2026,Até 15 dias,PAGA,Sim,Não,Não
26569288000103,Brasil Multimarcas,RevendaCarro,Joao leonardo Dacheri,2 FEIROES - M,Lucynara Ochiai,50,Até 50,17/08/2026,Até 15 dias,PAGA,Sim,Sim,Sim
26681242000181,F F VEICULOS EIRELI,RevendaCarro,IGOR DE MORAES ALCANTARA,FEIRÃO SETEMBRO - P,Fernanda Souza,0,Sem Estoque,17/02/2022,Acima de 90 dias,PAGA,Não,Não,Não
26702082000100,J D M DA SILVA,Revenda Multimarcas,Marinilda Martins costa e silva,Feirão Pontual - 3 Feirões,Fernanda Souza,1,Até 5,18/05/2026,Acima de 90 dias,PAGA,Sim,Sim,Sim
26724832000144,Brainer comércio de veículos ltda,RevendaCarro,Patrícia Bilhalva de Oliveira,FEIRÃO SETEMBRO - P,Bruna de Paula,0,Sem Estoque,,Nunca atualizou,PENDENTE_ACEITE,Não,Não,Não
26770968000190,E. F. M. LEMES LTDA,RevendaCarro,BRUNO MARX VILAS BOAS DA SILVA,FEIRÃO SETEMBRO - P,Tatiane Silva,0,Sem Estoque,,Nunca atualizou,PAGA,Sim,Não,Não
26823509000128,Sandro Veículos,Revenda Multimarcas,Luís Rodrigues Filho,Feirão Pontual - 3 Feirões,Tatiane Silva,69,Até 100,31/08/2026,Até 15 dias,PAGA,Sim,Sim,Sim
26841255000170,VIA SEMINOVOS LTDA,Revenda Multimarcas,KAREN SILVA COELHO,Feirão Pontual - 3 Feirões,Ludmila Martins,12,Até 20,28/08/2026,Até 15 dias,PAGA,Sim,Sim,Sim
26895488000156,LILIAN EDUARDA DE O FREITAS VEICULOS LTDA,Revenda Multimarcas,RODOLFO PAES BARRETO,Feirão Pontual - 3 Feirões,Ruana Figueroa,2,Até 5,22/04/2024,Acima de 90 dias,PAGA,Sim,Sim,Sim
26932017000170,DETILIO MOTORS LTDA,RevendaCarro,viviani dos santos freitas,FEIRÃO SETEMBRO - G,Luana Marques,0,Sem Estoque,20/04/2022,Acima de 90 dias,PAGA,Não,Não,Não
27164000102,Martini Motors,Revenda Multimarcas,Karen Milene Maia Bressan,Feirão Pontual - 3 Feirões,Juliana Grande,93,Até 100,31/08/2026,Até 15 dias,PAGA,Sim,Sim,Sim
27212481000155,ZERADO AUTOMOVEIS LTDA,RevendaCarro,Annie Lima Ximenes,FEIRÃO SETEMBRO - G,Fernanda Souza,32,Até 50,27/08/2026,Até 15 dias,PAGA,Sim,Não,Não
27244645000126,Ponto Motors,RevendaCarro,Carlos Alberto Rosa,FEIRÃO SETEMBRO - P,Juliana Grande,0,Sem Estoque,,Nunca atualizou,PAGA,Sim,Sim,Sim
27255958000180,JP MOTORS TIANGUA LTDA,Revenda Multimarcas,ENNES CARLOS SIMOES MACIEL,Feirão Pontual - 3 Feirões,Fernanda Souza,5,Até 5,11/05/2026,Acima de 90 dias,PAGA,Sim,Sim,Sim
27262946000182,INOVA MULTIMARCAS,Revenda Multimarcas,João Vitor Salvador dos Santos,Feirão Pontual - Feirão Setembro,Gabriel Pereira,0,Sem Estoque,12/11/2021,Acima de 90 dias,PAGA,Sim,Não,Não
27269524000139,FE CAR MOTORS,RevendaCarro,LEANDRO PIGNATARI,FEIRÃO SETEMBRO - M,Luana Marques,26,Até 30,27/08/2026,Até 15 dias,PAGA,Sim,Sim,Sim
27273825000136,Pokone multimarcas ltda,Revenda Multimarcas,Marcos Francisco de Oliveira,Feirão Pontual - 3 Feirões,Tatiane Silva,33,Até 50,07/07/2026,31 a 60 dias,PAGA,Sim,Sim,Sim
27433929000160,IMPER,Revenda Multimarcas,FABIO AGNOLET,Feirão Pontual - Feirão Setembro,Ludmila Martins,0,Sem Estoque,30/10/2021,Acima de 90 dias,PAGA,Sim,Não,Não
27461676000139,COMERCIO DE AUTOMOVEIS M F LTDA,RevendaCarro,chrisley miranda silva,FEIRÃO SETEMBRO - P,Tatiane Silva,1,Até 5,29/08/2026,Até 15 dias,PAGA,Sim,Sim,Sim
27477604000180,JL INOUE COMÉRCIO DE VEÍCULOS LTDA,RevendaCarro,Rosangela Maria Moura Monteiro,FEIRÃO SETEMBRO - P,Lucynara Ochiai,0,Sem Estoque,,Nunca atualizou,PAGA,Sim,Não,Não
27481979000113,THIAGO ARAUJO SILVA VEICULOS,RevendaCarro,Marcelo Mendes,2 FEIROES - M,Andre Souza,10,Até 10,19/08/2026,Até 15 dias,PAGA,Sim,Não,Não
27502603000148,PADILHA & BARROS VEICULOS EIRELI,RevendaCarro,Wellington Emanoel Franco Resende,FEIRÃO SETEMBRO - M,Juliana Grande,23,Até 30,26/08/2026,Até 15 dias,PAGA,Sim,Não,Não
27678745000160,FIO COMERCIO DE AUTOMOVEIS LTDA,RevendaCarro,Iago de Andrade Melo,FEIRÃO SETEMBRO - G,Gabriel Pereira,0,Sem Estoque,07/01/2026,Acima de 90 dias,PAGA,Não,Não,Não
27730337000100,alfacar automoveis ltda me,Revenda Multimarcas,carolina jardim rocha araujo,Feirão Pontual - Feirão Setembro,Ludmila Martins,0,Sem Estoque,,Nunca atualizou,PAGA,Sim,Não,Não
27750059000153,Alexandre de matteo souza,RevendaCarro,Everton Paiva lima,FEIRÃO SETEMBRO - M,Juliana Grande,0,Sem Estoque,,Nunca atualizou,PAGA,Sim,Não,Não
27754875000135,LUCIANO DE OLIVEIRA VEICULOS ME,RevendaCarro,VIVIAN DA SILVA MUNHOZ,FEIRÃO SETEMBRO - M,Andre Souza,0,Sem Estoque,,Nunca atualizou,PAGA,Não,Não,Não
27822269000100,M ROCHA TOLEDO MULTIMARCAS LTDA,RevendaCarro,FRANCISCO ESIO DANTAS FRANCO,FEIRÃO SETEMBRO - M,Luana Marques,33,Até 50,20/06/2026,61 a 90 dias,AGUARDANDO_PAGAMENTO,Não,Não,Não
27967120000119,Autopadrao Veiculos,Revenda Multimarcas,Everton Mateus Marczinski,Feirão Pontual - 3 Feirões,Gabriel Pereira,6,Até 10,16/07/2026,31 a 60 dias,2 PARC ATRASO,Sim,Não,Não
27984112000180,MOVCAR DF,Revenda Multimarcas,Tiago da Cunha Alves,Feirão Pontual - 3 Feirões,Tatiane Silva,15,Até 20,31/08/2026,Até 15 dias,PAGA,Sim,Sim,Sim
28037998000118,L T DE OLIVEIRA CARVALHO LTDA,RevendaCarro,Leandro Dondoni,FEIRÃO SETEMBRO - P,Tatiane Silva,16,Até 20,19/08/2026,Até 15 dias,PAGA,Sim,Sim,Sim
28147012000162,WL AUTOMOVEIS,Revenda Multimarcas,LUIZ FERNANDO SANTUCCI COLOSIMO,Feirão Pontual - 3 Feirões,Juliana Grande,55,Até 100,31/08/2026,Até 15 dias,PAGA,Sim,Sim,Sim
28157780000105,BERLIM MULTIMARCAS EIRELI,Revenda Multimarcas,João Vitor S.,Feirão Pontual - Feirão Setembro,Gabriel Pereira,0,Sem Estoque,08/05/2025,Acima de 90 dias,EM PROCESSAMENTO,Sim,Não,Não
28159225000104,SABRINA SCHAEDLER LOZOVEY,RevendaCarro,Mayara Caroline Neis,FEIRÃO SETEMBRO - M,Gabriel Pereira,0,Sem Estoque,,Nunca atualizou,AGUARDANDO_PAGAMENTO,Não,Sim,Sim
28201230000138,Algis Motors,RevendaCarro,Felipe Daniel da Silva,FEIRÃO SETEMBRO - P,Juliana Grande,0,Sem Estoque,,Nunca atualizou,PAGA,Sim,Sim,Sim
28205610000140,MEU SEMINOVO COMERCIO DE VEICULOS,Revenda Multimarcas,LUCIANA PEREIRA,Feirão Pontual - 3 Feirões,Gabriel Pereira,72,Até 100,28/08/2026,Até 15 dias,PAGA,Sim,Sim,Sim
28217710000197,NOGUEIRA SOARES VEICULOS LTDA,RevendaCarro,Geisinea Rocha Mascarenhas,FEIRÃO SETEMBRO - M,Fernanda Souza,0,Sem Estoque,26/11/2021,Acima de 90 dias,PAGA,Sim,Não,Não
28290403000131,Nova Odessa Veiculos,RevendaCarro,EMANUELLA VANY MIGUEL PEREIRA,FEIRÃO SETEMBRO - M,Juliana Grande,11,Até 20,18/05/2026,Acima de 90 dias,PAGA,Sim,Sim,Sim
28346940000156,Elo Veiculos,RevendaCarro,Gabriel Goncalves de Moraes,FEIRÃO SETEMBRO - P,Ludmila Martins,0,Sem Estoque,,Nunca atualizou,PAGA,Sim,Não,Não
28386360000192,CEZARIO MOTORS LTDA,RevendaCarro,HENRIQUE ALVES GOMES,FEIRÃO SETEMBRO - M,Luana Marques,0,Sem Estoque,,Nunca atualizou,PAGA,Sim,Não,Não
28409104000173,JULIO C. DA SILVA ARAUJO COMERCIO DE VEICULOS,RevendaCarro,Eduardo Luis Braceiro,FEIRÃO SETEMBRO - M,Luana Marques,0,Sem Estoque,,Nunca atualizou,PENDENTE_ACEITE,Não,Sim,Sim
28424867000193,P B MARCHETTI VEICULOS,RevendaCarro,FABIO ALESSANDRO ARCHANJO,FEIRÃO SETEMBRO - M,Juliana Grande,0,Sem Estoque,17/02/2022,Acima de 90 dias,PAGA,Sim,Sim,Sim
28436149000137,QUITES COMERCIO E SERVICOS,Revenda Multimarcas,Leonardo Alves Rodrigues,Feirão Pontual - 3 Feirões,Ludmila Martins,47,Até 50,27/08/2026,Até 15 dias,PAGA,Sim,Sim,Sim
2850981000191,NOVA MASTER 08070-000,Revenda Multimarcas,SILVIA PIRES DE ALMEIDA SOUZA,Feirão Pontual - 3 Feirões,Luana Marques,78,Até 100,26/08/2026,Até 15 dias,PAGA,Sim,Sim,Sim
28534944000168,Sacketi multimarcas,Revenda Multimarcas,Ana paula Tachinski cardoso,Feirão Pontual - 3 Feirões,Gabriel Pereira,26,Até 30,25/08/2026,Até 15 dias,PAGA,Sim,Sim,Sim
28545686000115,Baal Motors,RevendaCarro,Sandra Nóbrega,FEIRÃO SETEMBRO - P,Tatiane Silva,0,Sem Estoque,,Nunca atualizou,PAGA,Não,Não,Não
28579388000146,PUMA MULTIMARCAS MATÃO LTDA,Revenda Multimarcas,Tânia Aparecida Da Silva,Feirão Pontual - 3 Feirões,Andre Souza,32,Até 50,03/06/2026,61 a 90 dias,PAGA,Sim,Sim,Sim
28652195000173,Renato Veículos,Revenda Multimarcas,Walberti Fabricio Baptista Peteneli,Feirão Pontual - 3 Feirões,Andre Souza,33,Até 50,29/08/2026,Até 15 dias,PAGA,Sim,Sim,Sim
28696759000170,GOMES AUTOMOVEIS COMÉRCIO E LOCAÇÃO DE VEICULOS,Revenda Multimarcas,FELIPE PEREIRE DOS SANTOS,Feirão Pontual - 3 Feirões,Luana Marques,22,Até 30,24/08/2026,Até 15 dias,PAGA,Sim,Sim,Sim
28707414000174,felp veiculos,Revenda Multimarcas,carolina jardim rocha araujo,Feirão Pontual - Feirão Setembro,Ludmila Martins,0,Sem Estoque,,Nunca atualizou,AGUARDANDO_PAGAMENTO,Sim,Não,Não
28711320000179,MULLINARI VEÍCULOS,RevendaCarro,Isabella Marçal da Luz Marques de Freitas,FEIRÃO SETEMBRO - M,Ludmila Martins,0,Sem Estoque,,Nunca atualizou,PAGA,Não,Não,Não
28729810000100,O Eskinao Do Automovel,RevendaCarro,GUTEMBERG TINEL OLIVEIRA,FEIRÃO SETEMBRO - P,Fernanda Souza,0,Sem Estoque,,Nunca atualizou,PAGA,Sim,Sim,Sim
28918081000122,RACCAR MANO VEICULOS,Revenda Multimarcas,Rafael Waldrich Eirof,Feirão Pontual - Feirão Setembro,Gabriel Pereira,3,Até 5,31/08/2026,Até 15 dias,PAGA,Sim,Não,Não
29078141000109,Anderson multimarcas Ltda,Revenda Multimarcas,Jessica Cristina de Oliveira,Feirão Pontual - 3 Feirões,Andre Souza,0,Sem Estoque,,Nunca atualizou,PAGA,Sim,Sim,Sim
2910788000107,Top Veiculos Semi-Novos,RevendaCarro,lucas eredia amorim,FEIRÃO SETEMBRO - M,Juliana Grande,0,Sem Estoque,,Nunca atualizou,PAGA,Sim,Sim,Sim
2911518000102,Vip Motors,RevendaCarro,CAMILA DA SILVA RAMIRES,FEIRÃO SETEMBRO - P,Bruna de Paula,0,Sem Estoque,,Nunca atualizou,PAGA,Sim,Não,Não
29121930000185,ANDERSON VIEIRA DA SILVA COMERCIO DE VEICULOS USADOS,RevendaCarro,Anderson Rodrigues de Sá,FEIRÃO SETEMBRO - M,Juliana Grande,1,Até 5,27/08/2026,Até 15 dias,PAGA,Não,Não,Não
29134676000150,FAMILIA REIS COMERCIO DE VEICULOS LTDA,RevendaCarro,NUBIA IRES COSTA,FEIRÃO SETEMBRO - M,Andre Souza,0,Sem Estoque,17/01/2026,Acima de 90 dias,PAGA,Sim,Não,Não
29177808000120,Prime veículos multimarcas Ltda,Revenda Multimarcas,Fabiana Pereira Quintiliano dos Reis,Feirão Pontual - Feirão Setembro,Juliana Grande,18,Até 20,21/08/2026,Até 15 dias,PAGA,Sim,Não,Não
29202341000121,Credi Facile Ltda,Revenda Multimarcas,Willian Monteiro Marcelino,Feirão Pontual - 3 Feirões,Gabriel Pereira,0,Sem Estoque,,Nunca atualizou,1 PARC ATRASO,Sim,Sim,Sim
29222674000112,MR MOTORS AUTOMOVEIS LTDA,RevendaCarro,Jefferson Clayton Lourenco,FEIRÃO SETEMBRO - P,Tatiane Silva,0,Sem Estoque,,Nunca atualizou,PAGA,Não,Sim,Sim
29307558000104,Afonso Auto,Revenda Multimarcas,Gian Luka Santos Morais,Feirão Pontual - 3 Feirões,Ruana Figueroa,3,Até 5,23/07/2026,31 a 60 dias,4 PARC ATRASO,Sim,Sim,Sim
2939060000108,WF VEÍCULOS,RevendaCarro,José Romário Feitosa dos Santos,FEIRÃO SETEMBRO - P,Ruana Figueroa,28,Até 30,31/08/2026,Até 15 dias,PAGA,Não,Não,Não
29398941000107,SRM PRIME,Revenda Multimarcas,Nathalia Pereira de Oliveira,Feirão Pontual - 3 Feirões,Ludmila Martins,17,Até 20,27/08/2026,Até 15 dias,PAGA,Sim,Sim,Sim
29405740000190,DIAN MOTOS E VEICULOS LTDA,Revenda Multimarcas,Diego de Moraes Subtil,Feirão Pontual - 2 Feirões,Gabriel Pereira,14,Até 20,29/07/2026,31 a 60 dias,PAGA,Sim,Não,Não
29496628000101,VITORIA VEICULOS LTDA,RevendaCarro,Thiago Dalforne de Sousa,FEIRÃO SETEMBRO - M,Fernanda Souza,0,Sem Estoque,30/06/2023,Acima de 90 dias,AGUARDANDO_PAGAMENTO,Sim,Não,Não
29504641000165,Villa Veiculos,RevendaCarro,daiane fernandes fidencio,FEIRÃO SETEMBRO - P,Juliana Grande,0,Sem Estoque,,Nunca atualizou,PAGA,Sim,Não,Não
29509590000164,MAIS VEICULOS,RevendaCarro,Hugo da Silva Rodrigues,FEIRÃO SETEMBRO - P,Ludmila Martins,0,Sem Estoque,,Nunca atualizou,PAGA,Sim,Não,Não
29519847000169,RENAN EMERSON MOTA CORREIA,Revenda Multimarcas,João Victor da Silva Torres,Feirão Pontual - 3 Feirões,Ruana Figueroa,0,Sem Estoque,,Nunca atualizou,PAGA,Sim,Sim,Sim
29537791000175,Lume Serviços,RevendaCarro,Ronan Luiz da Silva,FEIRÃO SETEMBRO - M,Ludmila Martins,0,Sem Estoque,,Nunca atualizou,PAGA,Sim,Sim,Sim
29583742000179,Milico Multimarcas,RevendaCarro,Camila da Silva Ramires,FEIRÃO SETEMBRO - P,Bruna de Paula,5,Até 5,27/08/2026,Até 15 dias,PAGA,Sim,Sim,Sim
29605390000105,SELECAO MULTIMARCAS,RevendaCarro,Eduardo Luis Braceiro,FEIRÃO SETEMBRO - M,Luana Marques,0,Sem Estoque,,Nunca atualizou,PAGA,Não,Sim,Sim
29628865000189,PINHEIRO REVENDA DE CARROS MULTI MARCAS,RevendaCarro,GILMAR OLIVEIRA PEREIRA,FEIRÃO SETEMBRO - M,Bruna de Paula,0,Sem Estoque,,Nunca atualizou,PAGA,Sim,Não,Não
29642992000132,Confielo veiculos ltda,RevendaCarro,Felipe menezes de mello,FEIRÃO SETEMBRO - P,Juliana Grande,0,Sem Estoque,,Nunca atualizou,PAGA,Não,Não,Não
2974456000188,Canopus Honda,Concessionária,Wellington Carvalho Bem,Feirão Pontual - 3 Feirões,Tatiane Silva,10,Até 10,15/05/2026,Acima de 90 dias,PAGA,Sim,Sim,Sim
29753189000175,CF CAR VEICULOS LTDA,Revenda Multimarcas,Karen Sabrina Neves da Silva,Feirão Pontual - 3 Feirões,Ludmila Martins,34,Até 50,29/08/2026,Até 15 dias,PAGA,Sim,Sim,Sim
29774879000100,O. C. DE BRITO COMERCIO DE VEÍCULOS LTDA,Revenda Multimarcas,Ennes Carlos Simoes Maciel,Feirão Pontual - 3 Feirões,Fernanda Souza,10,Até 10,15/05/2026,Acima de 90 dias,PAGA,Sim,Sim,Sim
29790777000189,V. PLACIDINO VEICULOS LTDA,Revenda Multimarcas,Everton Mateus Marczinski,Feirão Pontual - 3 Feirões,Gabriel Pereira,28,Até 30,29/08/2026,Até 15 dias,1 PARC ATRASO,Sim,Sim,Sim
29817135000126,TOQUETAO MULTIMARCAS COMERCIO DE VEICULOS E ESTACIONAMENTO LTDA,RevendaCarro,Joao Aparecido Toquetao Junior,FEIRÃO SETEMBRO - P,Juliana Grande,0,Sem Estoque,01/11/2021,Acima de 90 dias,PAGA,Não,Não,Não
29855712000174,Gran motors,RevendaCarro,Túlio Martins Ferreira da Silva,2 FEIROES - M,Tatiane Silva,0,Sem Estoque,,Nunca atualizou,AGUARDANDO_PAGAMENTO,Não,Sim,Sim
29967821000183,Depaulo car,Concessionária,Janaina Matos,Feirão Pontual - 3 Feirões,Ruana Figueroa,56,Até 100,26/08/2026,Até 15 dias,PAGA,Sim,Sim,Sim
30067627000120,MIRIAN BAHLS FREITAS SANTOS GONCALVES,RevendaCarro,Vanessa Grando Correa,2 FEIROES - M,Luana Mota,0,Sem Estoque,26/08/2026,Até 15 dias,PENDENTE_ACEITE,Sim,Sim,Sim
30081730000125,BY CAR,Revenda Multimarcas,Eduardo Henrique de Almeida,Feirão Pontual - Feirão Setembro,Luana Marques,0,Sem Estoque,,Nunca atualizou,AGUARDANDO_PAGAMENTO,Sim,Não,Não
30117264000190,Top Car Multimarcas,RevendaCarro,Gabriel Kolarik Miranda,FEIRÃO SETEMBRO - M,Andre Souza,22,Até 30,11/08/2026,Até 30 dias,PAGA,Sim,Sim,Sim
30196806000168,COMIN MULTIMARCAS,Revenda Multimarcas,VILMAR SOBCSIK,Feirão Pontual - Feirão Setembro,Gabriel Pereira,0,Sem Estoque,,Nunca atualizou,PAGA,Sim,Não,Não
30222264000150,ROCHA VEICULOS,RevendaCarro,Pablo Leonardo Oliveira Cazotti,FEIRÃO SETEMBRO - M,Fernanda Souza,0,Sem Estoque,,Nunca atualizou,PAGA,Sim,Não,Não
30257549000127,PETRAS VEICULOS,Revenda Multimarcas,ANDREIA FIASCHI ANDREOLI,Feirão Pontual - 3 Feirões,Juliana Grande,36,Até 50,31/08/2026,Até 15 dias,PAGA,Sim,Sim,Sim
30312386000138,Victor Multimarcas,RevendaCarro,Eduardo José Cheim Rodrigues,FEIRÃO SETEMBRO - M,Lucynara Ochiai,32,Até 50,31/08/2026,Até 15 dias,PAGA,Não,Não,Não
30387073000149,TONELLO UTILITARIOS LTDA,RevendaCarro,JAILSON MORAES,FEIRÃO SETEMBRO - M,Gabriel Pereira,12,Até 20,24/08/2026,Até 15 dias,PAGA,Sim,Não,Não
30389529000100,EMARQUES VEICULOS,RevendaCarro,Marlon Borges de oliveira,FEIRÃO SETEMBRO - P,Ludmila Martins,0,Sem Estoque,,Nunca atualizou,PAGA,Sim,Não,Não
30393414000199,30.393.414/0001-99,RevendaCarro,Mateus da Silva Dutra,FEIRÃO SETEMBRO - M,Gabriel Pereira,0,Sem Estoque,,Nunca atualizou,PAGA,Não,Não,Não
3044878000117,TAGUATINGA MOTOS LTDA,Concessionária,Wellington Carvalho Bem,Feirão Pontual - 3 Feirões,Tatiane Silva,7,Até 10,15/05/2026,Acima de 90 dias,PAGA,Sim,Sim,Sim
30471274000120,Auto Land Comercio de Veículos Ltda,Revenda Multimarcas,Cassia Leite de Oliveira,Feirão Pontual - Feirão Setembro,Andre Souza,59,Até 100,31/08/2026,Até 15 dias,PAGA,Sim,Não,Não
30483187000192,Bauru Premium,RevendaCarro,vinicius rosi garcia thereza,FEIRÃO SETEMBRO - G,Juliana Grande,0,Sem Estoque,,Nunca atualizou,AGUARDANDO_PAGAMENTO,Não,Não,Não
30518397000179,CAMBRAIA AUTOMOVEIS COMERCIO DE VEICULOS LTDA,Revenda Multimarcas,WESLEY PAULO GONCALVES,Feirão Pontual - 3 Feirões,Ludmila Martins,72,Até 100,31/08/2026,Até 15 dias,PAGA,Sim,Sim,Sim
30544754000173,BRISENCI VEICULOS LTDA,RevendaCarro,veridiana furlani hummel dos santos,FEIRÃO SETEMBRO - P,Juliana Grande,0,Sem Estoque,,Nunca atualizou,PAGA,Sim,Não,Não
30588825000130,cone sul veiculos,Revenda Multimarcas,MARCOS RODRIGUES DE MORAIS AZAMBUJA,Feirão Pontual - 3 Feirões,,38,Até 50,27/08/2026,Até 15 dias,PAGA,Sim,Sim,Sim
30629340000147,MOVIZE COMERCIO DE VEICULOS LTDA,RevendaCarro,luciano de oliveira junior,FEIRÃO SETEMBRO - M,Andre Souza,0,Sem Estoque,,Nunca atualizou,PAGA,Sim,Não,Não
30644944000162,Fest Car,Revenda Multimarcas,Jean Francisco Emídio de Almeida,Feirão Pontual - 3 Feirões,Ruana Figueroa,32,Até 50,26/08/2026,Até 15 dias,PAGA,Sim,Sim,Sim
30645016000112,ROSIVANIA G DA SILVA VEICULOS,Revenda Multimarcas,RODOLFO PAES BARRETO,Feirão Pontual - 3 Feirões,Ruana Figueroa,0,Sem Estoque,,Nunca atualizou,PAGA,Não,Não,Não
30742768000100,Daniel Auto Oeste,Revenda Multimarcas,Clenilze de Azevedo Farias,Feirão Pontual - 3 Feirões,Ruana Figueroa,0,Sem Estoque,15/10/2024,Acima de 90 dias,3 PARC ATRASO,Sim,Sim,Sim
30769685000104,B & J COMÉRCIO DE VEÍCULOS LTDA,Revenda Multimarcas,CLICIA SOUZA DOS SANTOS,Feirão Pontual - Feirão Setembro,Gabriel Pereira,0,Sem Estoque,,Nunca atualizou,PAGA,Sim,Não,Não
30786942000108,M. Baba Pinhal - Motos / Macauly Motos,RevendaMoto,lucas da silva cardoso,FEIRÃO SETEMBRO - M,Lucynara Ochiai,0,Sem Estoque,,Nunca atualizou,PAGA,Sim,Não,Não
30793455000172,ALETRINI MULTIMARCAS LTDA,RevendaCarro,Fernanda Almeida,FEIRÃO SETEMBRO - M,Juliana Grande,0,Sem Estoque,,Nunca atualizou,PENDENTE_ACEITE,Não,Sim,Sim
30831673000154,RHS VEICULOS,Revenda Multimarcas,JOAO LEONARDO DACHERI,Feirão Pontual - 2 Feirões,Lucynara Ochiai,32,Até 50,31/08/2026,Até 15 dias,PAGA,Sim,Não,Não
30855461000107,Economy Cars LTDA,Revenda Multimarcas,Gustavo Jefferson Sousa,Feirão Pontual - 3 Feirões,Gabriel Pereira,10,Até 10,23/08/2026,Até 15 dias,3 PARC ATRASO,Sim,Não,Não
30868048000187,Mega Comercio de veículos ltda,Revenda Multimarcas,Renata Marinho Lopes,Feirão Pontual - 3 Feirões,Fernanda Souza,2,Até 5,11/05/2026,Acima de 90 dias,PAGA,Sim,Sim,Sim
30924870000118,Baragão Veículos,RevendaCarro,Cheila Sandra antonelli,FEIRÃO SETEMBRO - M,Lucynara Ochiai,0,Sem Estoque,21/01/2023,Acima de 90 dias,PENDENTE_ACEITE,Não,Não,Não
30964594000111,RICARDO CAMPOS SOLUCOES,Revenda Multimarcas,Sidnei Miranda de Sousa,Feirão Pontual - Feirão Setembro,Fernanda Souza,0,Sem Estoque,,Nunca atualizou,PAGA,Sim,Não,Não
3100118000180,Santa Paula Veículos,Revenda Multimarcas,Felipe Henrique Meira Rebola,Feirão Pontual - 3 Feirões,Luana Marques,104,Acima 101,29/08/2026,Até 15 dias,PAGA,Sim,Sim,Sim
310130000120,Lucraf veículos Ltda,Revenda Multimarcas,Márcio Paz Lopes,Feirão Pontual - Feirão Setembro,Bruna de Paula,0,Sem Estoque,,Nunca atualizou,PAGA,Sim,Não,Não
31017404000111,RENOVE CAR MULTIMARCAS,Revenda Multimarcas,Israel salomao,Feirão Pontual - Feirão Setembro,Bruna de Paula,0,Sem Estoque,,Nunca atualizou,PAGA,Sim,Não,Não
31037378000193,Fip Multimarcas,Revenda Multimarcas,Gabriel Furlan,Feirão Pontual - 3 Feirões,Juliana Grande,6,Até 10,13/05/2026,Acima de 90 dias,PAGA,Sim,Sim,Sim
31046426000100,CMD Veiculos,Revenda Multimarcas,Jessica Cristina de Oliveira,Feirão Pontual - 3 Feirões,Andre Souza,0,Sem Estoque,,Nunca atualizou,PAGA,Sim,Sim,Sim
3108066000198,comercial sudoeste veiculos,Revenda Multimarcas,carlos alberto rosa,Feirão Pontual - 3 Feirões,Juliana Grande,35,Até 50,31/08/2026,Até 15 dias,1 PARC ATRASO,Sim,Não,Não
31150660000182,GLOBAL VEICULOS,RevendaCarro,Luiz Roberto galvao,FEIRÃO SETEMBRO - M,Andre Souza,0,Sem Estoque,,Nunca atualizou,PAGA,Sim,Não,Não
31198807000104,WI VEICULOS LTDA,RevendaCarro,Jean Edson de Simas Granito,FEIRÃO SETEMBRO - P,Ludmila Martins,0,Sem Estoque,10/08/2023,Acima de 90 dias,PAGA,Sim,Sim,Sim
31263223000175,LN COMPANY COMERCIO E CONSIGNACAO DE AUTOMOVEIS LTDA,RevendaCarro,Wesley Paulo Gonçalves,FEIRÃO SETEMBRO - M,Ludmila Martins,0,Sem Estoque,05/11/2024,Acima de 90 dias,PAGA,Não,Não,Não
31323042000197,SIM VEICULOS,RevendaCarro,MARCELO STEFFEN,FEIRÃO SETEMBRO - P,Bruna de Paula,37,Até 50,31/08/2026,Até 15 dias,PAGA,Não,Não,Não
31367481000100,FRIASCOMERCIODEVEICULOSLTDA,Revenda Multimarcas,Rogerio Andre Torello,Feirão Pontual - 3 Feirões,Juliana Grande,66,Até 100,27/08/2026,Até 15 dias,PAGA,Sim,Sim,Sim
31444207000189,Pedro Augusto Toledo Lopes,RevendaCarro,Thais mendes da silva ribeiro,FEIRÃO SETEMBRO - M,Juliana Grande,0,Sem Estoque,23/05/2026,Acima de 90 dias,PAGA,Sim,Sim,Sim
31449756000146,DMotors,RevendaCarro,LEANDRO PIGNATARI,FEIRÃO SETEMBRO - P,Luana Marques,0,Sem Estoque,,Nunca atualizou,PENDENTE_ACEITE,Não,Não,Não
31474993000248,CENAHAUS AUTOMOVEIS LTDA,Revenda Multimarcas,Ivo Rodrigues de Souza,Feirão Pontual - 3 Feirões,Gabriel Pereira,27,Até 30,21/08/2026,Até 15 dias,PAGA,Sim,Sim,Sim
31485732000142,barcelona multimarcas,Revenda Multimarcas,Eduardo Bittencourt,Feirão Pontual - Feirão Setembro,Gabriel Pereira,0,Sem Estoque,,Nunca atualizou,PAGA,Sim,Não,Não
31534638000136,AG Automoveis,Revenda Multimarcas,Ana Carolina Florencia,Feirão Pontual - 3 Feirões,Ludmila Martins,73,Até 100,29/08/2026,Até 15 dias,PAGA,Sim,Sim,Sim
31537101000120,CASA VERDE AUTOMOVEIS,Revenda Multimarcas,anderval junior moraes,Feirão Pontual - 3 Feirões,Lucynara Ochiai,16,Até 20,09/10/2024,Acima de 90 dias,PAGA,Sim,Sim,Sim
31544727000163,Dezenove Motors,Revenda Multimarcas,Márcos Douglas ferreira,Feirão Pontual - Feirão Setembro,Lucynara Ochiai,0,Sem Estoque,08/01/2024,Acima de 90 dias,PAGA,Sim,Não,Não
31571577000187,H 2 COMERCIO DE VEICULOS LTDA,Revenda Multimarcas,Adriana Figueredo Noronha Frota,Feirão Pontual - 3 Feirões,,21,Até 30,31/08/2026,Até 15 dias,PAGA,Sim,Sim,Sim
31595898000111,GENINHO E MATHEUS CONSULTORIA AUTOMOTIVA LTDA,Revenda Multimarcas,Juliana Nogueira Lemos Gomes,Feirão Pontual - Feirão Setembro,Ludmila Martins,0,Sem Estoque,,Nunca atualizou,PAGA,Sim,Não,Não
31599065000129,VINTE E UM VEICULOS,Revenda Multimarcas,João Victor da Silva Torres,Feirão Pontual - 3 Feirões,Ruana Figueroa,0,Sem Estoque,16/12/2024,Acima de 90 dias,PAGA,Sim,Sim,Sim
31704538000100,RM VEICULOS,RevendaCarro,claudinei cremonesi junior,FEIRÃO SETEMBRO - P,Juliana Grande,6,Até 10,22/05/2026,Acima de 90 dias,PAGA,Não,Não,Não
31724979000174,ALVES COMERCIO DE AUTOMOVEIS,Revenda Multimarcas,Wallasse Correa,Feirão Pontual - 3 Feirões,Fernanda Souza,8,Até 10,16/07/2026,31 a 60 dias,PAGA,Sim,Sim,Sim
31808564000189,4 rodas veículos Ltda,RevendaCarro,Natália barbosa Bastos,FEIRÃO SETEMBRO - M,Juliana Grande,0,Sem Estoque,,Nunca atualizou,PENDENTE_ACEITE,Não,Sim,Sim
31838700000183,Carlinhos Car,Revenda Multimarcas,Marcos Luís Freitas de Santana,Feirão Pontual - 3 Feirões,Fernanda Souza,8,Até 10,17/06/2026,61 a 90 dias,PAGA,Sim,Sim,Sim
3184146000122,Nova alternativa Veiculos ltda,Revenda Multimarcas,Fabíola elcky Barbosa de Sá,Feirão Pontual - 3 Feirões,Fernanda Souza,45,Até 50,31/08/2026,Até 15 dias,PAGA,Sim,Sim,Sim
31854838000176,AUTO SHOW SEMINOVOS,Revenda Multimarcas,Cynthia Fernandes Moura,Feirão Pontual - 3 Feirões,Gabriel Pereira,51,Até 100,28/08/2026,Até 15 dias,1 PARC ATRASO,Sim,Sim,Sim
31889714000126,Global Motors Comercio de Veiculos Ltda,RevendaCarro,Henrique Fernandez Beltrão,FEIRÃO SETEMBRO - M,Lucynara Ochiai,0,Sem Estoque,27/05/2024,Acima de 90 dias,PAGA,Sim,Sim,Sim
31923300000176,STEINBACH COMERCIO DE VEICULOS LTDA,RevendaCarro,Evandro Fernando Machado Marczinski,FEIRÃO SETEMBRO - M,Gabriel Pereira,19,Até 20,31/07/2026,31 a 60 dias,PAGA,Sim,Não,Não
31939386000125,IPOJUCA COMERCIO DE VEICULOS LTDA,RevendaCarro,João victor Vicente dos Santos,FEIRÃO SETEMBRO - P,Ruana Figueroa,0,Sem Estoque,,Nunca atualizou,PAGA,Sim,Não,Não
31996125000147,MAIKON VEÍCULOS LTDA,RevendaCarro,Rafael Waldrich Eirof,FEIRÃO SETEMBRO - P,Gabriel Pereira,19,Até 20,28/08/2026,Até 15 dias,PAGA,Sim,Não,Não
3200537000193,Helinho Automoveis,RevendaCarro,Rodrigo C6 Ipatinga,FEIRÃO SETEMBRO - P,Ludmila Martins,0,Sem Estoque,,Nunca atualizou,PENDENTE_ACEITE,Não,Não,Não
32015899000102,P R GUEDES,RevendaCarro,Wender Costa Miranda,FEIRÃO SETEMBRO - M,Tatiane Silva,0,Sem Estoque,,Nunca atualizou,PAGA,Não,Não,Não
32093503000145,EDMILA HONORIO DA SILVA LTDA,RevendaCarro,Silvia Pires de Almeida Souza,FEIRÃO SETEMBRO - M,Luana Marques,18,Até 20,31/08/2026,Até 15 dias,PAGA,Sim,Não,Não
32302686000161,Ana Paula Fernandes,Revenda Multimarcas,Henrique Alves Gomes,Feirão Pontual - Feirão Setembro,Luana Marques,0,Sem Estoque,,Nunca atualizou,PAGA,Sim,Não,Não
32310588000176,Fox Veiculos,Revenda Multimarcas,Valéria A G Costa,Feirão Pontual - Feirão Setembro,Andre Souza,7,Até 10,22/08/2026,Até 15 dias,PAGA,Sim,Não,Não
32345681000116,Douglas Vinícius de Oliveira,RevendaCarro,Jessica Oliveira,FEIRÃO SETEMBRO - M,Andre Souza,0,Sem Estoque,,Nunca atualizou,PAGA,Sim,Não,Não
32438148000107,Roni Motors,Revenda Multimarcas,Rafael Andrade Brito,Feirão Pontual - 3 Feirões,Andre Souza,37,Até 50,29/08/2026,Até 15 dias,PAGA,Sim,Sim,Sim
32519609000168,PRIME DE LINS COMERCIO DE VEICULOS LTDA,RevendaCarro,GLAUBER JOSE BELOTO,FEIRÃO SETEMBRO - M,Juliana Grande,0,Sem Estoque,01/08/2023,Acima de 90 dias,PAGA,Sim,Não,Não
32614267000165,Ideal multimarcas,Revenda Multimarcas,Cynthia Fernandes Moura,Feirão Pontual - 3 Feirões,Gabriel Pereira,32,Até 50,14/08/2026,Até 30 dias,1 PARC ATRASO,Sim,Não,Não
3263411000168,BENEDITO GONCALVES AUTOMOVEIS,RevendaCarro,Tatiana de Sousa Abrão,FEIRÃO SETEMBRO - G,Juliana Grande,0,Sem Estoque,03/11/2021,Acima de 90 dias,PAGA,Sim,Não,Não
32666592000171,PL MOTORS,Revenda Multimarcas,Fabiana Pereira Quintiliano dos Reis Fabiana,Feirão Pontual - 3 Feirões,Juliana Grande,50,Até 50,28/08/2026,Até 15 dias,PAGA,Sim,Sim,Sim
32703212000121,ONE VEICULOS LTDA,Revenda Multimarcas,SILVIO EURIPEDES CORREA JUNIOR,Feirão Pontual - 3 Feirões,Tatiane Silva,7,Até 10,28/08/2026,Até 15 dias,PAGA,Sim,Sim,Sim
32750544000167,Fabiano Motors,Revenda Multimarcas,Luiz Fernando Ferreira Henrique,Feirão Pontual - 3 Feirões,Juliana Grande,15,Até 20,27/08/2026,Até 15 dias,PAGA,Sim,Sim,Sim
3277094000139,OSVALDO VEICULOS LTDA,RevendaCarro,victor fagotti soares,FEIRÃO SETEMBRO - M,Juliana Grande,30,Até 30,13/11/2025,Acima de 90 dias,PENDENTE_ACEITE,Não,Não,Não
32792473000165,Leo Motors MS Negócios Ltda,RevendaCarro,Helaine Cristina de Almeida Barbosa,FEIRÃO SETEMBRO - P,Tatiane Silva,0,Sem Estoque,,Nunca atualizou,PAGA,Não,Sim,Sim
32936020000165,BARUC COMERCIO DE VEICULOS LTDA,RevendaCarro,Eduardo Luis Braceiro,FEIRÃO SETEMBRO - M,Luana Marques,55,Até 100,29/08/2026,Até 15 dias,PAGA,Sim,Sim,Sim
32992683000105,Macedo car se ltda,Revenda Multimarcas,Clevina Santos melo,Feirão Pontual - Feirão Setembro,Fernanda Souza,0,Sem Estoque,,Nunca atualizou,PAGA,Sim,Não,Não
33068868000182,ASL COMERCIO DE VEICULOS LTDA,RevendaCarro,DIEGO JAKPOZYNEK,FEIRÃO SETEMBRO - M,Lucynara Ochiai,41,Até 50,31/08/2026,Até 15 dias,PAGA,Sim,Sim,Sim
33108865000125,Maxi Car Comercio de Veiculos LTDA,RevendaCarro,Felipe Gabriel Kerscher,FEIRÃO SETEMBRO - G,Gabriel Pereira,0,Sem Estoque,,Nunca atualizou,PENDENTE_ACEITE,Não,Não,Não
33204392000160,Atacadão do Carro,Revenda Multimarcas,João Leonardo Dacheri,Feirão Pontual - 2 Feirões,Lucynara Ochiai,0,Sem Estoque,,Nunca atualizou,PAGA,Sim,Não,Não
3321969000152,JOAO MARCELO APARECIDO BENATTI & CIA LTDA,Revenda Multimarcas,Jessica Cristina de Oliveira,Feirão Pontual - 3 Feirões,Andre Souza,47,Até 50,29/08/2026,Até 15 dias,PAGA,Sim,Sim,Sim
33343712000162,TOP VEICULOS,Revenda Multimarcas,DIego de Moraes Subtil,Feirão Pontual - 3 Feirões,Gabriel Pereira,43,Até 50,28/08/2026,Até 15 dias,PAGA,Sim,Sim,Sim
33393700000142,Auto Giro,Revenda Multimarcas,Ivo Rodrigues de Souza,Feirão Pontual - 3 Feirões,Gabriel Pereira,21,Até 30,28/08/2026,Até 15 dias,1 PARC ATRASO,Sim,Sim,Sim
33398854000127,Neko Garages,RevendaCarro,Karina Pasquarelli Oliveira,FEIRÃO SETEMBRO - P,Juliana Grande,25,Até 30,31/08/2026,Até 15 dias,PAGA,Não,Não,Não
33410808000104,4 Rodas Automoveis,RevendaCarro,VILMAR SOBCSIK,FEIRÃO SETEMBRO - M,Gabriel Pereira,0,Sem Estoque,,Nunca atualizou,PAGA,Não,Sim,Sim
33472892000182,SULSERRA MOTORS COMERCIO DE VEICULOS LTDA,RevendaCarro,Greice Nunes,FEIRÃO SETEMBRO - P,Bruna de Paula,0,Sem Estoque,,Nunca atualizou,PAGA,Sim,Não,Não
33482323000118,PINHEIRO VEICULOS LTDA,RevendaCarro,RUI ADALBERTO KUNZE JUNIOR,FEIRÃO SETEMBRO - G,Tatiane Silva,22,Até 30,31/08/2026,Até 15 dias,PAGA,Sim,Não,Não
33514611000107,FABIO VEICULOS,Revenda Multimarcas,GLEYDSON RODRIGUES RIBEIRO DE ALMEIDA,Feirão Pontual - Feirão Setembro,,0,Sem Estoque,,Nunca atualizou,AGUARDANDO_PAGAMENTO,Sim,Não,Não
33556484000109,ADAO DOUGLAS RODRIGUES DA COSTA,Revenda Multimarcas,Elísia Nataly Lima Martins Barros,Feirão Pontual - 2 Feirões,Fernanda Souza,7,Até 10,18/08/2026,Até 15 dias,PAGA,Sim,Não,Não
33671979000189,J R B DE OLIVEIRA FILHO,RevendaCarro,jonathas da silva andrade,FEIRÃO SETEMBRO - M,Fernanda Souza,0,Sem Estoque,07/04/2025,Acima de 90 dias,PENDENTE_ACEITE,Não,Não,Não
33674978000198,LEAO MOTORS LTDA,RevendaCarro,MARCOS HIGINO DA SILVA,FEIRÃO SETEMBRO - M,Tatiane Silva,0,Sem Estoque,,Nunca atualizou,PAGA,Não,Não,Não
33739013000136,Fontanella Assessoria E Comercio Ltda,Revenda Multimarcas,Everton Mateus Marczinski,Feirão Pontual - 3 Feirões,Gabriel Pereira,14,Até 20,28/08/2026,Até 15 dias,PAGA,Sim,Sim,Sim
33749776000168,ALEX SILVA,Revenda Multimarcas,ALEX RAMOS LEITE DA SILVA,Feirão Pontual - 3 Feirões,Fernanda Souza,9,Até 10,22/08/2026,Até 15 dias,3 PARC ATRASO,Sim,Não,Não
33763796000193,A MARINHO PICANCO LTDA,RevendaCarro,RENATA LOPES,FEIRÃO SETEMBRO - P,Fernanda Souza,0,Sem Estoque,,Nunca atualizou,PAGA,Não,Não,Não
33882843000118,SENNA RS MOTORS,RevendaCarro,Danielly Mazza,FEIRÃO SETEMBRO - P,Bruna de Paula,11,Até 20,30/07/2026,31 a 60 dias,PAGA,Sim,Não,Não
33883532000173,Lancia Veiculos,RevendaCarro,Eliana Serafim de Freitas,FEIRÃO SETEMBRO - M,Luana Mota,0,Sem Estoque,,Nunca atualizou,PAGA,Não,Não,Não
33906703000132,Nacional veículos Ltda,RevendaCarro,Denise Rocha da Costa,FEIRÃO SETEMBRO - M,Fernanda Souza,0,Sem Estoque,,Nunca atualizou,PAGA,Não,Sim,Sim
33948616000148,V R MOTORS,RevendaCarro,Carlos Alberto Rosa,2 FEIROES - P,Juliana Grande,0,Sem Estoque,,Nunca atualizou,PAGA,Sim,Não,Não
33979492000168,Blumenau Multimarcas,Revenda Multimarcas,João Vitor Salvador dos Santos,Feirão Pontual - 3 Feirões,Gabriel Pereira,30,Até 30,26/08/2026,Até 15 dias,1 PARC ATRASO,Sim,Sim,Sim
33980966000191,Fernando Repasses,RevendaCarro,Alex Mateus Gugel,FEIRÃO SETEMBRO - P,Gabriel Pereira,43,Até 50,27/08/2026,Até 15 dias,PAGA,Sim,Não,Não
34004870000150,Rubens Antunes Automóveis LTDA / IMPERAR MULTIMARCAS,Revenda Multimarcas,Everton Mateus Marczinski,Feirão Pontual - 3 Feirões,Gabriel Pereira,44,Até 50,31/08/2026,Até 15 dias,1 PARC ATRASO,Sim,Sim,Sim
34018588000122,SILVA ARAUJO COMERCIO DE VEICULOS LTDA,RevendaCarro,Dene Moreira Alves,FEIRÃO SETEMBRO - P,Ludmila Martins,0,Sem Estoque,,Nunca atualizou,AGUARDANDO_PAGAMENTO,Não,Não,Não
3406561000183,PA Automóveis,Revenda Multimarcas,Jefferson Vinicio de Oliveira Pereira,Feirão Pontual - Feirão Setembro,Ludmila Martins,0,Sem Estoque,05/11/2022,Acima de 90 dias,PAGA,Não,Não,Não
34086531000160,CONNECTCAR COMERCIO DE VEICULOS LTDA,RevendaCarro,Denise Rocha da Costa,FEIRÃO SETEMBRO - M,Fernanda Souza,8,Até 10,15/05/2026,Acima de 90 dias,PAGA,Sim,Não,Não
34146877000107,REI DO FEIRAO MULTIMARCAS LTDA,Revenda Multimarcas,Eduardo Bittencourt,Feirão Pontual - 3 Feirões,Gabriel Pereira,102,Acima 101,26/08/2026,Até 15 dias,1 PARC ATRASO,Sim,Sim,Sim
34163643000178,Auto vale,RevendaCarro,Maicon Augusto de castro,FEIRÃO SETEMBRO - M,Bruna de Paula,0,Sem Estoque,,Nunca atualizou,PAGA,Sim,Não,Não
34166654000101,HORSE AUTOMOVEIS,Revenda Multimarcas,CYNTHIA FERNANDES MOURA,Feirão Pontual - Feirão Setembro,Gabriel Pereira,0,Sem Estoque,,Nunca atualizou,PAGA,Sim,Não,Não
34284525000118,Vip Car Multimarcas,Revenda Multimarcas,Gian Luka Santos Morais,Feirão Pontual - 3 Feirões,Ruana Figueroa,0,Sem Estoque,,Nunca atualizou,4 PARC ATRASO,Sim,Não,Não
34285661000122,HB multimarcas importados Eireli,RevendaCarro,Rafael Alves Coelho,FEIRÃO SETEMBRO - M,Tatiane Silva,0,Sem Estoque,,Nunca atualizou,PAGA,Não,Não,Não
3430123000150,ELITE MOTORS VEICULOS,RevendaCarro,GENIVAL CRUZ,FEIRÃO SETEMBRO - P,Tatiane Silva,0,Sem Estoque,28/08/2026,Até 15 dias,PAGA,Sim,Sim,Sim
34338933000105,PAULISTA COMERCIO E LOCADORA DE VEICULOS EIRELI,RevendaCarro,AMANDA MALLMANN MARTINS,FEIRÃO SETEMBRO - M,Tatiane Silva,0,Sem Estoque,25/03/2022,Acima de 90 dias,PENDENTE_ACEITE,Não,Não,Não
34360710000144,JG VEICULOS,Revenda Multimarcas,Carolina jardim Rocha Araújo,Feirão Pontual - Feirão Setembro,Ludmila Martins,0,Sem Estoque,,Nunca atualizou,PAGA,Sim,Não,Não
34403695000174,Rodocar Veículos,Revenda Multimarcas,Brunno Andrade Marques,Feirão Pontual - 2 Feirões,Ludmila Martins,0,Sem Estoque,17/04/2025,Acima de 90 dias,PAGA,Sim,Não,Não
34437564000108,AUTO CLARO MULTIMARCAS LTDA,RevendaCarro,CAROLINA ARAUJO DE PAIVA FRANCI,2 FEIROES - P,Juliana Grande,21,Até 30,28/08/2026,Até 15 dias,PAGA,Sim,Sim,Sim
34507623000177,INFINITY MOTORS,Revenda Multimarcas,ALISSON DIEGO GROCHOVSKI,Feirão Pontual - Feirão Setembro,Gabriel Pereira,9,Até 10,19/05/2026,Acima de 90 dias,AGUARDANDO_PAGAMENTO,Sim,Não,Não
34536702000106,JOAB AUTOMOVEIS,RevendaCarro,lucas eredia amorim,FEIRÃO SETEMBRO - M,Juliana Grande,0,Sem Estoque,,Nunca atualizou,AGUARDANDO_PAGAMENTO,Não,Não,Não
34577390000189,WFULL MOTORS LTDA,Revenda Multimarcas,GUSTAVO ISAC ROSA,Feirão Pontual - 2 Feirões,Tatiane Silva,0,Sem Estoque,,Nunca atualizou,PAGA,Sim,Não,Não
34640646000155,FABIO VEÍCULOS,Revenda Multimarcas,LUCAS DIOGO ALVES FERREIRA,Feirão Pontual - 3 Feirões,Fernanda Souza,0,Sem Estoque,,Nunca atualizou,PAGA,Sim,Sim,Sim
34673115000169,Lmd Motors Comercio de Veículos Ltda,RevendaCarro,Viviani dos Santos Freitas,FEIRÃO SETEMBRO - G,Luana Marques,0,Sem Estoque,,Nunca atualizou,PENDENTE_ACEITE,Não,Não,Não
34696225000146,JOSE ALTAMIR DA SILVA REBELO / REBELO VEÍCULOS,RevendaCarro,Douglas Maciel Padilha,FEIRÃO SETEMBRO - P,Bruna de Paula,0,Sem Estoque,,Nunca atualizou,PAGA,Sim,Não,Não
3474143000123,J L DA CUNHA,Revenda Multimarcas,Claudia de Lima Campelo,Feirão Pontual - 3 Feirões,Ruana Figueroa,2,Até 5,15/06/2026,61 a 90 dias,PAGA,Sim,Sim,Sim
34754232000157,BAHAMAS AUTOMOVEIS,RevendaCarro,Cassiano Matteus Goes,FEIRÃO SETEMBRO - P,Gabriel Pereira,0,Sem Estoque,,Nunca atualizou,PAGA,Sim,Sim,Sim
34832361000116,Vertex motors,RevendaCarro,Sergio Ricardo Parisio Santos,FEIRÃO SETEMBRO - P,Fernanda Souza,23,Até 30,25/08/2026,Até 15 dias,PAGA,Não,Sim,Sim
34863254000155,SILVERIO MULTIMARCAS,Revenda Multimarcas,ANDREIA FIASCHI ANDREOLI,Feirão Pontual - 3 Feirões,Juliana Grande,111,Acima 101,31/08/2026,Até 15 dias,PAGA,Sim,Sim,Sim
34874894000160,AUTO SPORT,Revenda Multimarcas,KAREN SABRINA NEVES DA SILVA,Feirão Pontual - Feirão Setembro,Ludmila Martins,16,Até 20,31/08/2026,Até 15 dias,PAGA,Sim,Não,Não
34904590000107,Kinhoshow10,Revenda Multimarcas,Márcio Paz Lopes,Feirão Pontual - Feirão Setembro,Bruna de Paula,0,Sem Estoque,,Nunca atualizou,AGUARDANDO_PAGAMENTO,Sim,Não,Não
34910553000101,Yones Car,Revenda Multimarcas,Carlos Henrique Vicente Petrelli,Feirão Pontual - Feirão Setembro,Lucynara Ochiai,37,Até 50,27/08/2026,Até 15 dias,AGUARDANDO_PAGAMENTO,Sim,Não,Não
35010403000104,M G Silva Automóveis LTDA,Revenda Multimarcas,Rosilene Morais Alves Campos,Feirão Pontual - 3 Feirões,Juliana Grande,7,Até 10,20/05/2026,Acima de 90 dias,PAGA,Sim,Sim,Sim
35036621000100,Sempre Mais Comercio de Veiculos LTDA,Revenda Multimarcas,Silvia Pires de Almeida Souza,Feirão Pontual - 3 Feirões,Luana Marques,116,Acima 101,31/08/2026,Até 15 dias,PAGA,Sim,Sim,Sim
35042158000109,VIRTUS MULTIMARCAS,Revenda Multimarcas,Gilbert Santos de Oliveira,Feirão Pontual - 3 Feirões,Ludmila Martins,60,Até 100,29/08/2026,Até 15 dias,PAGA,Sim,Sim,Sim
35076030000166,SHUANN DOCA VEICULOS LTDA,Revenda Multimarcas,Luciano dos Santos,Feirão Pontual - 3 Feirões,Gabriel Pereira,11,Até 20,21/08/2026,Até 15 dias,1 PARC ATRASO,Sim,Sim,Sim
35114425000106,FD MULTIMARCAS COMERCIO DE VEICULOS AUTOMOTIVOS EITELI,Revenda Multimarcas,Andreia Antunes,Feirão Pontual - 3 Feirões,Ruana Figueroa,0,Sem Estoque,04/08/2026,Até 30 dias,4 PARC ATRASO,Sim,Não,Não
35264543000109,Pablo Car,Revenda Multimarcas,Glaucio Luiz dos santos ferreira,Feirão Pontual - 3 Feirões,Fernanda Souza,8,Até 10,26/08/2026,Até 15 dias,PAGA,Sim,Sim,Sim
35287604000145,Velomax,RevendaCarro,Elaine Cristina Moreira Dias,FEIRÃO SETEMBRO - P,Ludmila Martins,9,Até 10,27/08/2026,Até 15 dias,PAGA,Não,Não,Não
35288889000139,PRIME LOCACAO E COMERCIO DE VEICULOS LTDA,RevendaCarro,Rafael Contessoto,FEIRÃO SETEMBRO - M,Luana Marques,0,Sem Estoque,17/06/2026,61 a 90 dias,PENDENTE_ACEITE,Não,Não,Não
35413961000102,AXEL VEICULOS LTDA,Revenda Multimarcas,SHIRLLEY BLAIR SOUSA ARAUJO,Feirão Pontual - 3 Feirões,Ruana Figueroa,13,Até 20,28/08/2026,Até 15 dias,2 PARC ATRASO,Sim,Não,Não
35419841000112,NOME EMPRESARIAL GUIGO COMERCIO DE VEICULOS LTDA,RevendaCarro,Adriana Alles,FEIRÃO SETEMBRO - P,Bruna de Paula,0,Sem Estoque,,Nunca atualizou,PAGA,Não,Não,Não
35444364000145,Nossa Senhora Aparecida Veículos,Revenda Multimarcas,Maria Iolanda dos Santos Rolemberg,Feirão Pontual - 3 Feirões,Fernanda Souza,21,Até 30,27/08/2026,Até 15 dias,2 PARC ATRASO,Sim,Sim,Sim
35450773000154,DIONATAN PLATE MACHADO,RevendaCarro,CARLOS MAURICIO SILVA DA TRINDADE,FEIRÃO SETEMBRO - P,Bruna de Paula,0,Sem Estoque,,Nunca atualizou,PAGA,Sim,Sim,Sim
35512264000109,LISBOA COMERCIO DE AUTOMÓVEIS,Revenda Multimarcas,Everton Mateus Marczinski,Feirão Pontual - 3 Feirões,Gabriel Pereira,7,Até 10,01/07/2026,61 a 90 dias,2 PARC ATRASO,Sim,Não,Não
35517212000125,Estação automóveis,RevendaCarro,José Raul Antunes,FEIRÃO SETEMBRO - P,Juliana Grande,0,Sem Estoque,,Nunca atualizou,PAGA,Sim,Não,Não
35517710000178,JS VEÍCULOS,Revenda Multimarcas,JEFFERSON DA SILVA TENORIO,Feirão Pontual - 3 Feirões,Fernanda Souza,111,Acima 101,31/08/2026,Até 15 dias,PAGA,Sim,Sim,Sim
35608197000120,RAFFICK COMERCIO DE VEICULOS LTDA,RevendaCarro,RENAN FELIPE DE OLIVEIRA CHIARI,FEIRÃO SETEMBRO - M,Juliana Grande,0,Sem Estoque,01/11/2021,Acima de 90 dias,PAGA,Sim,Sim,Sim
35626741000167,R M P LINDOSO LTDA,RevendaCarro,JAINARA MAYRA SILVA PENHA DE OLIVEIRA,FEIRÃO SETEMBRO - M,Fernanda Souza,0,Sem Estoque,,Nunca atualizou,AGUARDANDO_PAGAMENTO,Não,Sim,Sim
35631513000185,FR MOTORS SERVICOS DE APOIO AO COMERCIO DE AUTOMOVEIS LTDA,RevendaCarro,daiane fernandes fidencio,FEIRÃO SETEMBRO - P,Juliana Grande,0,Sem Estoque,,Nunca atualizou,AGUARDANDO_PAGAMENTO,Não,Sim,Sim
35659567000159,MORAIS RENT CAR,Revenda Multimarcas,Nayade Sabrina Mendes Malato,Feirão Pontual - 3 Feirões,Fernanda Souza,0,Sem Estoque,,Nunca atualizou,3 PARC ATRASO,Sim,Sim,Sim
35662803000196,Flávia da Silva de matos intermediacao e agenciamento ltda,RevendaCarro,Julio cesar oliveira  farias,FEIRÃO SETEMBRO - P,Gabriel Pereira,0,Sem Estoque,,Nunca atualizou,PAGA,Não,Não,Não
35687971000136,TURBO VEICULOS LTDA,Revenda Multimarcas,0,Feirão Pontual - 3 Feirões,Bruna de Paula,39,Até 50,18/08/2026,Até 15 dias,PAGA,Sim,Sim,Sim
35701277000398,Cia do Carro,Revenda Multimarcas,Jaqueline Schlickmann Luciano Ferreira,Feirão Pontual - Feirão Setembro,Gabriel Pereira,0,Sem Estoque,,Nunca atualizou,PAGA,Sim,Não,Não
35713977000130,A. L. DE SOUZA AIRES LTDA,RevendaCarro,Robson Picanco Ferreira,FEIRÃO SETEMBRO - P,Fernanda Souza,0,Sem Estoque,,Nunca atualizou,PENDENTE_ACEITE,Não,Não,Não
35750922000109,ARV MOTORS INTERMEDIACAOES E COMERCIO DE VEICULOS LTDA,RevendaCarro,Karoli Gomes,FEIRÃO SETEMBRO - M,Juliana Grande,0,Sem Estoque,01/12/2021,Acima de 90 dias,PAGA,Sim,Sim,Sim
35756173000119,FINAN AUTO,Revenda Multimarcas,Priscila Ribeiro Scaransi,Feirão Pontual - 3 Feirões,Juliana Grande,62,Até 100,29/08/2026,Até 15 dias,PAGA,Sim,Sim,Sim
35785227000174,S B VEICULOS LTDA,Revenda Multimarcas,PAULO PORTELLA,Feirão Pontual - 3 Feirões,,33,Até 50,26/08/2026,Até 15 dias,PAGA,Sim,Sim,Sim
35795041000104,F M COMERCIO VAREJISTA DE VEICULOS LTDA,RevendaCarro,Thiago Romero Soares e Dantas,FEIRÃO SETEMBRO - P,Ruana Figueroa,0,Sem Estoque,,Nunca atualizou,PENDENTE_ACEITE,Não,Não,Não
35831026000166,ANDRE MOI COMERCIO DE VEICULOS LTDA,RevendaCarro,Wellington Antônio da Silva,FEIRÃO SETEMBRO - P,Andre Souza,0,Sem Estoque,19/07/2024,Acima de 90 dias,PENDENTE_ACEITE,Não,Não,Não
35852377000153,INVICTA VEICULOS NF LTDA,Revenda Multimarcas,Jean Edson de Simas Granito,Feirão Pontual - Feirão Setembro,Ludmila Martins,0,Sem Estoque,,Nunca atualizou,AGUARDANDO_PAGAMENTO,Sim,Não,Não
35858304000179,M F DA SILVA CORRETORA DE VEICULOS,RevendaCarro,Joseane nayara da silva Santos,FEIRÃO SETEMBRO - P,Ruana Figueroa,0,Sem Estoque,,Nunca atualizou,PAGA,Sim,Não,Não
35874877000196,JP VEÍCULOS JUAZEIRO,Revenda Multimarcas,LUCAS DIOGO ALVES FERREIRA,Feirão Pontual - 3 Feirões,Fernanda Souza,0,Sem Estoque,,Nunca atualizou,PAGA,Sim,Sim,Sim
35962151000105,Leo Automoveis,Revenda Multimarcas,Mário Paulo Villa Scaff,Feirão Pontual - 3 Feirões,Juliana Grande,16,Até 20,25/08/2026,Até 15 dias,PAGA,Sim,Sim,Sim
35970458000158,TRINDADE VEICULOS LTDA,RevendaCarro,Gustavo Rezende,FEIRÃO SETEMBRO - P,Ludmila Martins,0,Sem Estoque,14/05/2024,Acima de 90 dias,PAGA,Sim,Não,Não
36040950000197,JR SALLN AUTOMOVEIS LTDA,Revenda Multimarcas,jaqueline dos santos conceicao,Feirão Pontual - Feirão Setembro,Luana Mota,0,Sem Estoque,29/09/2025,Acima de 90 dias,PAGA,Sim,Não,Não
36051574000136,VILLAGGIO MULTIMARCAS LTDA,RevendaCarro,CAROLINA ARAUJO DE PAIVA FRANCI,FEIRÃO SETEMBRO - P,Juliana Grande,0,Sem Estoque,,Nunca atualizou,PAGA,Sim,Sim,Sim
36063342000106,CSCAR COMERCIO DE VEICULOS LTDA,ConcessionariaCarro,Janaina lima,FEIRÃO SETEMBRO - P,Ruana Figueroa,24,Até 30,18/08/2026,Até 15 dias,PAGA,Não,Não,Não
36064105000151,CABEÇA BRANCA VEICULOS,RevendaCarro,OTONI OLIVEIRA PEREIRA,FEIRÃO SETEMBRO - P,Tatiane Silva,0,Sem Estoque,,Nunca atualizou,PAGA,Não,Não,Não
36113873000158,ZACA INTERMEDIACOES E COMERCIO DE VEICULOS LTDA,RevendaCarro,Raul lincoln de mello euzebio,FEIRÃO SETEMBRO - M,Juliana Grande,0,Sem Estoque,07/03/2024,Acima de 90 dias,PAGA,Sim,Não,Não
36131649000199,Airam motors Ltda,Revenda Multimarcas,Fabiana de Moraes cardoso,Feirão Pontual - 3 Feirões,Tatiane Silva,0,Sem Estoque,30/05/2026,Acima de 90 dias,5 PARC ATRASO,Não,Não,Não
36155356000141,IRMAOS SCHUELER LTDA,RevendaCarro,Jean Edson de Simas Granito,FEIRÃO SETEMBRO - P,Ludmila Martins,0,Sem Estoque,17/05/2022,Acima de 90 dias,PAGA,Não,Sim,Sim
36169005000190,J P DE ARAUJO VEICULOS LTDA,RevendaCarro,SUELEM CRISTINA BACELAR LIPES DA ROCHA,FEIRÃO SETEMBRO - P,Fernanda Souza,0,Sem Estoque,04/05/2026,Acima de 90 dias,AGUARDANDO_PAGAMENTO,Não,Sim,Sim
36182941000130,W Lima đa Silva Comercio LTDA,RevendaCarro,Eduardo Oda Resende,FEIRÃO SETEMBRO - P,Tatiane Silva,0,Sem Estoque,,Nunca atualizou,PAGA,Sim,Sim,Sim
36187366000169,SC AUTO VEICULOS LTDA,RevendaCarro,Luanna Caroline Milbratz,FEIRÃO SETEMBRO - M,Gabriel Pereira,30,Até 30,21/08/2026,Até 15 dias,PAGA,Sim,Não,Não
3624740000197,PR Veículos,RevendaCarro,Elivelton Duarte,FEIRÃO SETEMBRO - M,Lucynara Ochiai,0,Sem Estoque,,Nunca atualizou,PAGA,Não,Sim,Sim
36400967000108,LIZANDRO GOLDANI GOMES,Revenda Multimarcas,Maicon Augusto de Castro,Feirão Pontual - 3 Feirões,Bruna de Paula,0,Sem Estoque,,Nunca atualizou,PAGA,Não,Não,Não
36418001000106,RODRIGO AUTO CAR AUTOMOVEIS LTDA,RevendaCarro,Micaela Pereira,FEIRÃO SETEMBRO - M,Gabriel Pereira,31,Até 50,29/08/2026,Até 15 dias,PAGA,Não,Não,Não
36444400000133,IACAR MULTIMARCAS COM DE VEICULOS LTDA,RevendaCarro,Ivo Rodrigues de Souza,FEIRÃO SETEMBRO - P,Gabriel Pereira,0,Sem Estoque,,Nunca atualizou,PAGA,Não,Sim,Sim
36521903000165,ISIDORO AUTOMOVEIS PREMIUM,Revenda Multimarcas,Rafael Carvalho Nunes,Feirão Pontual - Feirão Setembro,Gabriel Pereira,10,Até 10,27/08/2026,Até 15 dias,PAGA,Sim,Não,Não
36589194000150,Acesso Oeste veículos,RevendaCarro,carolina jardim rocha araujo,FEIRÃO SETEMBRO - P,Ludmila Martins,0,Sem Estoque,,Nunca atualizou,PAGA,Sim,Sim,Sim
36602356000142,Antunes automoveis,Revenda Multimarcas,Carolina jardim Rocha Araújo,Feirão Pontual - Feirão Setembro,Ludmila Martins,0,Sem Estoque,,Nunca atualizou,PAGA,Não,Não,Não
36902770000177,IDEAL MOTORS MULTIMARCAS,Revenda Multimarcas,GILMAR OLIVEIRA PEREIRA,Feirão Pontual - Feirão Setembro,Bruna de Paula,0,Sem Estoque,,Nunca atualizou,EM PROCESSAMENTO,Sim,Não,Não
36945559000131,GOLDCAR AUTOMOVEIS LTDA,Revenda Multimarcas,JAILSON MORAES,Feirão Pontual - Feirão Setembro,Gabriel Pereira,0,Sem Estoque,,Nunca atualizou,PAGA,Sim,Não,Não
36995529000130,Show Car,RevendaCarro,Henrique Fernandez Beltrão,FEIRÃO SETEMBRO - M,Lucynara Ochiai,0,Sem Estoque,,Nunca atualizou,PAGA,Não,Sim,Sim
37023342000137,M2 Multimarcas Ltda,Revenda Multimarcas,MAYARA CAROLINE NEIS,Feirão Pontual - 3 Feirões,Gabriel Pereira,0,Sem Estoque,15/05/2026,Acima de 90 dias,4 PARC ATRASO,Não,Não,Não
37089528000199,G-CAR COMERCIO E SERVIÇOS AUTOMOTIVOS LTDA,RevendaCarro,Poliane Penido,FEIRÃO SETEMBRO - M,Ludmila Martins,0,Sem Estoque,,Nunca atualizou,PAGA,Não,Sim,Sim
37100874000120,lucas veiculos ltda,Revenda Multimarcas,clevina santos melo,Feirão Pontual - 3 Feirões,Fernanda Souza,0,Sem Estoque,,Nunca atualizou,PAGA,Sim,Sim,Sim
37187063000109,Redivo Veiculos Multimarcas,Revenda Multimarcas,Jaqueline Schlickmann Luciano Ferreira,Feirão Pontual - 3 Feirões,Gabriel Pereira,68,Até 100,28/08/2026,Até 15 dias,PAGA,Sim,Sim,Sim
37202339000180,EA Motors,Revenda Multimarcas,ANGELICA PERPETUA CARDOZO,Feirão Pontual - 3 Feirões,Tatiane Silva,0,Sem Estoque,26/08/2026,Até 15 dias,2 PARC ATRASO,Sim,Não,Não
37203730000108,CASSIANO COMERCIO DE VEICULOS LTDA,RevendaCarro,José Romário Feitosa dos Santos,FEIRÃO SETEMBRO - P,Ruana Figueroa,0,Sem Estoque,,Nunca atualizou,PAGA,Não,Não,Não
37213072000127,G O ARAGAO,RevendaCarro,ANTONIO JOSE AYRES,FEIRÃO SETEMBRO - P,Ruana Figueroa,13,Até 20,14/07/2026,31 a 60 dias,PAGA,Sim,Sim,Sim
37282283000111,R5 MULTIMARCAS LTDA,Revenda Multimarcas,Jose Eduardo Rosa Costa,Feirão Pontual - 3 Feirões,Andre Souza,2,Até 5,15/05/2026,Acima de 90 dias,PAGA,Sim,Sim,Sim
37293757000120,Biguacu Veiculos Ltda,Revenda Multimarcas,Gustavo Jefferson Sousa,Feirão Pontual - 3 Feirões,Gabriel Pereira,27,Até 30,25/08/2026,Até 15 dias,PAGA,Sim,Sim,Sim
37293885000174,CENTRAL MOTOS E VEÍCULOS LTDA,RevendaCarro,MAIRA GONCALVES AMORIM,FEIRÃO SETEMBRO - M,Fernanda Souza,0,Sem Estoque,,Nunca atualizou,PAGA,Não,Não,Não
37451046000137,Jvd comércio de automóveis,RevendaCarro,francielle cisenski,FEIRÃO SETEMBRO - P,Gabriel Pereira,0,Sem Estoque,,Nunca atualizou,PAGA,Sim,Não,Não
37456150000114,LUPER MOTORS LTDA,Revenda Multimarcas,Ariela da silva,Feirão Pontual - 3 Feirões,Gabriel Pereira,30,Até 30,28/08/2026,Até 15 dias,PAGA,Sim,Sim,Sim
37498570000163,Ferreira Car,Revenda Multimarcas,ANNDRE DOS SANTOS,Feirão Pontual - 3 Feirões,Juliana Grande,0,Sem Estoque,29/07/2026,31 a 60 dias,5 PARC ATRASO,Não,Não,Não
3751483000154,FLAMMA AUTOMOVEIS,Revenda Multimarcas,THOMAS EDISON PEREIRA,Feirão Pontual - 2 Feirões,Gabriel Pereira,34,Até 50,31/08/2026,Até 15 dias,PAGA,Sim,Não,Não
37526051000161,Euro Veiculos,Revenda Multimarcas,Jeferson wellinton cavalcante Matos,Feirão Pontual - 3 Feirões,Tatiane Silva,13,Até 20,26/08/2026,Até 15 dias,1 PARC ATRASO,Sim,Sim,Sim
37527036000138,CD COMERCIO DE VEÍCULOS LTDA,Revenda Multimarcas,João Victor Vicente dos Santos,Feirão Pontual - 3 Feirões,Ruana Figueroa,32,Até 50,30/08/2026,Até 15 dias,2 PARC ATRASO,Não,Não,Não
37539162000102,GARAGE AUTOMOVEIS LTDA,Revenda Multimarcas,Gilbert Santos de Oliveira,Feirão Pontual - Feirão Setembro,Ludmila Martins,0,Sem Estoque,,Nunca atualizou,PAGA,Sim,Não,Não
37568902000139,RENAN FERREIRA RODRIGUES,RevendaCarro,MARCOS ROBERTO OLIVEIRA DA SILVA,FEIRÃO SETEMBRO - M,Luana Marques,0,Sem Estoque,16/06/2021,Acima de 90 dias,PAGA,Sim,Não,Não
37618193000159,MB AUTO STORE,RevendaCarro,Lericia Cavalcanti Manoel,FEIRÃO SETEMBRO - P,Lucynara Ochiai,0,Sem Estoque,,Nunca atualizou,PAGA,Não,Não,Não
37652285000155,B R OLIVEIRA  LTDA,Revenda Multimarcas,EDUARDO CESAR ARANHA BUNA,Feirão Pontual - 3 Feirões,Fernanda Souza,4,Até 5,10/04/2026,Acima de 90 dias,PAGA,Sim,Sim,Sim
37668535000145,D V DA SILVA MOTOS,RevendaMoto,Liciane Santana,FEIRÃO SETEMBRO - G,Juliana Grande,0,Sem Estoque,,Nunca atualizou,PAGA,Sim,Não,Não
37681712000123,Like automoveis,Revenda Multimarcas,Elisangela Silva Gomes,Feirão Pontual - 3 Feirões,Fernanda Souza,0,Sem Estoque,15/05/2026,Acima de 90 dias,4 PARC ATRASO,Não,Não,Não
37684801000123,União Veículos,RevendaCarro,hugo santos,FEIRÃO SETEMBRO - G,Fernanda Souza,0,Sem Estoque,,Nunca atualizou,PENDENTE_ACEITE,Não,Não,Não
37692948000165,fkm 83 siminovos ltda,Revenda Multimarcas,eduardo ferreira chagas,Feirão Pontual - 3 Feirões,Ruana Figueroa,4,Até 5,21/07/2026,31 a 60 dias,PAGA,Sim,Sim,Sim
37717703000145,FABIO LUIS VIVEIRO LTDA,RevendaCarro,EDUARDO MACIEL,FEIRÃO SETEMBRO - M,Andre Souza,21,Até 30,26/08/2026,Até 15 dias,PAGA,Sim,Não,Não
37786021000194,Maverick multimarcas com de veículos,RevendaCarro,Caroline Vieira dos Santos,FEIRÃO SETEMBRO - P,Lucynara Ochiai,0,Sem Estoque,,Nunca atualizou,PAGA,Não,Não,Não
37836849000100,DIPCAR VOLDAC,RevendaCarro,Carolina jardim Rocha Araújo,FEIRÃO SETEMBRO - P,Ludmila Martins,0,Sem Estoque,,Nunca atualizou,PAGA,Sim,Não,Não
37860444000107,M-CAR VEÍCULOS,RevendaCarro,AYRES RODRIGO VALENTE LUCARINI,FEIRÃO SETEMBRO - M,Andre Souza,0,Sem Estoque,,Nunca atualizou,PAGA,Sim,Sim,Sim
37870299000145,BOX 8 COMERCIO DE AUTOMOVEIS LTDA  Z4 MULTIMARCAS,RevendaCarro,Diego Olimpio Carneiro Baseggio,FEIRÃO SETEMBRO - P,Gabriel Pereira,0,Sem Estoque,,Nunca atualizou,AGUARDANDO_PAGAMENTO,Não,Não,Não
37925475000107,MG CAR VEICULOS LTDA,Revenda Multimarcas,FELIPE CALDAS CAVALCANTE,Feirão Pontual - 3 Feirões,Ruana Figueroa,1,Até 5,31/08/2026,Até 15 dias,PAGA,Sim,Sim,Sim
37931275000159,Base veículos ltda,RevendaCarro,Karine Natália bizarro,FEIRÃO SETEMBRO - P,Gabriel Pereira,1,Até 5,31/08/2026,Até 15 dias,PAGA,Sim,Não,Não
37936381000125,Autovox Veículos LTDA,Revenda Multimarcas,Maria Iolanda dos Santos Rolemberg,Feirão Pontual - 3 Feirões,Fernanda Souza,25,Até 30,31/08/2026,Até 15 dias,PAGA,Sim,Sim,Sim
37949718000139,Torres motors comercio de veiculo LTDA,Revenda Multimarcas,Elisangela Silva Gomes,Feirão Pontual - 3 Feirões,Fernanda Souza,37,Até 50,31/08/2026,Até 15 dias,PAGA,Sim,Sim,Sim
37968121000131,GREFF CAR MULTIMARCAS LTDA,Revenda Multimarcas,Felipe Gabriel Kerscher,Feirão Pontual - 3 Feirões,Gabriel Pereira,26,Até 30,06/08/2026,Até 30 dias,PAGA,Sim,Sim,Sim
38013596000137,B A S COMERCIO DE VEICULOS,Revenda Multimarcas,Danielly Mazza,Feirão Pontual - Feirão Setembro,Bruna de Paula,29,Até 30,31/08/2026,Até 15 dias,PAGA,Sim,Não,Não
38023734000169,AUTOMAX COMERCIO DE VEICULOS LTDA,RevendaCarro,Guilherme Ferreira Miranda,FEIRÃO SETEMBRO - M,Lucynara Ochiai,0,Sem Estoque,14/09/2023,Acima de 90 dias,PAGA,Sim,Sim,Sim
38026960000101,NETO SEMINOVOS,Revenda Multimarcas,Fernanda Meinchein da Silva Pinheiro,Feirão Pontual - 2 Feirões,Gabriel Pereira,31,Até 50,29/08/2026,Até 15 dias,PAGA,Sim,Não,Não
38033675000100,Rafael Alves de Azevedo,Revenda Multimarcas,automotivemultimarcasgravatai@gmail.com,Feirão Pontual - Feirão Setembro,Bruna de Paula,0,Sem Estoque,,Nunca atualizou,AGUARDANDO_PAGAMENTO,Sim,Não,Não
38044395000105,Norte Car automoveis multimarcas,RevendaCarro,Roberson Sampaio Cardoso junior,FEIRÃO SETEMBRO - M,Gabriel Pereira,0,Sem Estoque,,Nunca atualizou,AGUARDANDO_PAGAMENTO,Não,Não,Não
38047374000135,PRADO MOTORS,Revenda Multimarcas,ANGELICA PERPETUA CARDOZO,Feirão Pontual - 3 Feirões,Tatiane Silva,15,Até 20,26/08/2026,Até 15 dias,1 PARC ATRASO,Sim,Sim,Sim
38049176000100,F. E D. COMERCIO DE VEICULOS AUTOMOTIVOS LTDA,RevendaCarro,Janaina lima,FEIRÃO SETEMBRO - P,Ruana Figueroa,0,Sem Estoque,23/08/2025,Acima de 90 dias,PAGA,Não,Não,Não
38111460000160,JAO VEICULOS LTDA,Revenda Multimarcas,Thais Dos Santos Liberato,Feirão Pontual - Feirão Setembro,Ludmila Martins,0,Sem Estoque,,Nunca atualizou,PAGA,Sim,Não,Não
38113881000120,Autonline Multimarcas Comercio de Veiculos,RevendaCarro,Clenilze de Azevedo Farias,FEIRÃO SETEMBRO - P,Ruana Figueroa,0,Sem Estoque,,Nunca atualizou,PENDENTE_ACEITE,Não,Não,Não
38118784000120,Prime Multimarcas Ltda,Revenda Multimarcas,FABIANA FERREIRA RODRIGUES,Feirão Pontual - 2 Feirões,Ludmila Martins,0,Sem Estoque,09/04/2026,Acima de 90 dias,PAGA,Sim,Não,Não
38175075000186,SANRAVI MOTORS COMERCIO DE VEICULOS LTDA,RevendaCarro,jose eduardo rosa costa,FEIRÃO SETEMBRO - M,Andre Souza,0,Sem Estoque,,Nunca atualizou,AGUARDANDO_PAGAMENTO,Sim,Sim,Sim
38195260000132,ADRIANO URBANO VEICULO EIRELI,RevendaCarro,guilherme grochau de oliveira,FEIRÃO SETEMBRO - M,Lucynara Ochiai,0,Sem Estoque,22/07/2025,Acima de 90 dias,PAGA,Sim,Não,Não
38202353000147,Sedacar Veículos Ltda,RevendaCarro,Janine aparecida Sales Araújo,2 FEIROES - G,Fernanda Souza,58,Até 100,28/08/2026,Até 15 dias,PAGA,Não,Não,Não
38202447000116,MF VEICULOS,Revenda Multimarcas,CAMILA MENDES SANTOS MOREIRA,Feirão Pontual - 3 Feirões,Luana Marques,0,Sem Estoque,27/05/2026,Acima de 90 dias,4 PARC ATRASO,Não,Não,Não
38241785000167,TRIADE CAR COMERCIO DE VEICULOS LTDA,RevendaCarro,Elania Santos de Oliveira,FEIRÃO SETEMBRO - G,Fernanda Souza,0,Sem Estoque,14/08/2026,Até 30 dias,AGUARDANDO_PAGAMENTO,Não,Não,Não
38262638000173,AUGUSTO VEICULOS,Revenda Multimarcas,ELISIA NATALY LIMA MARTINS BARROS,Feirão Pontual - 2 Feirões,Fernanda Souza,7,Até 10,11/08/2026,Até 30 dias,PAGA,Sim,Não,Não
38312303000112,Raja Seminovos,Revenda Multimarcas,Vinicius José de Oliveira Alves,Feirão Pontual - 3 Feirões,Ludmila Martins,45,Até 50,31/08/2026,Até 15 dias,1 PARC ATRASO,Sim,Sim,Sim
38421215000159,PV VEICULOS LTDA,RevendaCarro,MAIRA GONCALVES AMORIM,FEIRÃO SETEMBRO - M,Fernanda Souza,0,Sem Estoque,,Nunca atualizou,PAGA,Sim,Não,Não
3845603000182,JANING COMERCIO DE VEICULOS LTDA,RevendaCarro,Thomas Edison Pereira,FEIRÃO SETEMBRO - M,Gabriel Pereira,38,Até 50,26/08/2026,Até 15 dias,PAGA,Sim,Sim,Sim
38461391000114,BQ Brasil veículos,Revenda Multimarcas,Janaina lima,Feirão Pontual - Feirão Setembro,Ruana Figueroa,0,Sem Estoque,21/06/2025,Acima de 90 dias,PAGA,Sim,Não,Não
38504176000153,HINGST IMOVEIS LTDA,RevendaCarro,Juliana de Matos,FEIRÃO SETEMBRO - P,Gabriel Pereira,0,Sem Estoque,,Nunca atualizou,PAGA,Sim,Não,Não
38529842000108,GRID MULTIMARCAS,Revenda Multimarcas,IVO RODRIGUES DE SOUZA,Feirão Pontual - Feirão Setembro,Gabriel Pereira,178,Acima 101,06/08/2026,Até 30 dias,PAGA,Sim,Não,Não
38657191000131,R2 MOTORS LTDA,RevendaCarro,Danielly Mazza,FEIRÃO SETEMBRO - P,Bruna de Paula,124,Acima 101,28/08/2026,Até 15 dias,PAGA,Sim,Sim,Sim
39262283000185,Box Car Multimarcas comércio de veiculos Ltda,Revenda Multimarcas,Carlos Eduardo Locio Rosado,Feirão Pontual - 3 Feirões,Ruana Figueroa,0,Sem Estoque,08/10/2025,Acima de 90 dias,3 PARC ATRASO,Sim,Não,Não
3928179000130,SCARELLI & LOPES LTDA,RevendaCarro,Luciano silvio martins,FEIRÃO SETEMBRO - M,Andre Souza,23,Até 30,26/08/2026,Até 15 dias,PAGA,Sim,Não,Não
39283476000112,Tomtom automóveis ltda,Revenda Multimarcas,Clevina Santos melo,Feirão Pontual - 3 Feirões,Fernanda Souza,8,Até 10,04/08/2026,Até 30 dias,2 PARC ATRASO,Sim,Não,Não
39313451000114,Classe A,Revenda Multimarcas,José Romário Feitosa dos Santos,Feirão Pontual - 3 Feirões,Ruana Figueroa,32,Até 50,24/08/2026,Até 15 dias,3 PARC ATRASO,Sim,Não,Não
39316579000131,New Negocios,Revenda Multimarcas,Marcia Regina Brito Portal,Feirão Pontual - 3 Feirões,Fernanda Souza,20,Até 20,31/08/2026,Até 15 dias,PAGA,Sim,Sim,Sim
39351537000131,POLIGUARA CAR,Revenda Multimarcas,Felipe Pereira dos Santos,Feirão Pontual - Feirão Setembro,Luana Marques,0,Sem Estoque,04/10/2024,Acima de 90 dias,AGUARDANDO_PAGAMENTO,Sim,Não,Não
39375987000164,VK CARS,Revenda Multimarcas,Eduardo Felipe Faria,Feirão Pontual - 3 Feirões,Luana Marques,0,Sem Estoque,01/04/2024,Acima de 90 dias,PAGA,Sim,Sim,Sim
39447753000185,CARVALHO CORRETORA DE VEICULOS LTDA,RevendaCarro,Janaina lima,FEIRÃO SETEMBRO - P,Ruana Figueroa,0,Sem Estoque,17/11/2023,Acima de 90 dias,PAGA,Não,Não,Não
39473687000118,Auto Repasse Intermediação comercial Ltda,Revenda Multimarcas,Janine Aparecida Sales Araujo,Feirão Pontual - Feirão Setembro,Fernanda Souza,3,Até 5,27/08/2026,Até 15 dias,PAGA,Sim,Não,Não
39483759000108,EXPRESSA VEICULOS LTDA,Revenda Multimarcas,Elaine Cristina Moreira Dias,Feirão Pontual - Feirão Setembro,Ludmila Martins,41,Até 50,31/08/2026,Até 15 dias,AGUARDANDO_PAGAMENTO,Sim,Não,Não
3952589000116,Shalom Veículos,RevendaCarro,Luiz Antonio Alves Zara,FEIRÃO SETEMBRO - M,Andre Souza,0,Sem Estoque,26/01/2018,Acima de 90 dias,PAGA,Sim,Não,Não
39544825000102,DALVAN VEICULOS  LTDA,Revenda Multimarcas,KRYSLAISA FONSECA FERRO,Feirão Pontual - 3 Feirões,Fernanda Souza,7,Até 10,06/08/2026,Até 30 dias,1 PARC ATRASO,Sim,Sim,Sim
39575633000163,Seven Car Multimarcas LTDA,Revenda Multimarcas,Maria Iolanda dos Santos Rolemberg,Feirão Pontual - 3 Feirões,Fernanda Souza,17,Até 20,28/08/2026,Até 15 dias,PAGA,Sim,Sim,Sim
39623779000137,MASTER AUTOMOVEIS,RevendaCarro,Gilbert Santos de Oliveira,FEIRÃO SETEMBRO - P,Ludmila Martins,0,Sem Estoque,,Nunca atualizou,PAGA,Sim,Não,Não
39651298000135,MULIMARCAS VEICULOS,RevendaCarro,Amanda Martinelo,FEIRÃO SETEMBRO - M,Tatiane Silva,0,Sem Estoque,,Nunca atualizou,PAGA,Sim,Sim,Sim
39681967000111,T queiroz comercio e locacao de veiculos,Revenda Multimarcas,Janaina Matos,Feirão Pontual - 3 Feirões,Ruana Figueroa,62,Até 100,28/08/2026,Até 15 dias,PAGA,Sim,Sim,Sim
39708688000102,F DE S BALBY JUNIOR COMERCIO E SERVICOS,RevendaCarro,Yana da Costa Vieira,FEIRÃO SETEMBRO - G,Fernanda Souza,4,Até 5,09/05/2026,Acima de 90 dias,PAGA,Sim,Não,Não
3972822000122,MEDEIROS & SULLATO COMERCIO DE VEICULOS LTDA,RevendaCarro,SILVIA PIRES DE ALMEIDA SOUZA,FEIRÃO SETEMBRO - M,Luana Marques,70,Até 100,29/08/2026,Até 15 dias,PAGA,Não,Sim,Sim
39728742000173,"CENTRAL CENTER CAR COMERCIO DE VEICULOS, PECAS E SERVICOS AUTOMOTIVOS LTDA",Revenda Multimarcas,Carolina Araujo de Paiva Franci,Feirão Pontual - 3 Feirões,Juliana Grande,44,Até 50,07/05/2026,Acima de 90 dias,PAGA,Sim,Sim,Sim
39740597000146,PD CAR,RevendaCarro,Neide Tomaz da Costa,FEIRÃO SETEMBRO - P,Ludmila Martins,0,Sem Estoque,,Nunca atualizou,PAGA,Sim,Não,Não
39743328000133,FENIX MOTORS,RevendaCarro,Luan Rodrigues de Oliveira,FEIRÃO SETEMBRO - M,Juliana Grande,0,Sem Estoque,,Nunca atualizou,AGUARDANDO_PAGAMENTO,Não,Não,Não
3975660000186,VIA NORTE COMERCIO DE VEICULO LTDA,Revenda Multimarcas,ANTONIO JOSE AYRES DA SILVA,Feirão Pontual - 3 Feirões,Ruana Figueroa,41,Até 50,28/08/2026,Até 15 dias,PAGA,Não,Não,Não
39801054000191,Minascar Ltda,Revenda Multimarcas,Brunno Andrade Marques,Feirão Pontual - 3 Feirões,Ludmila Martins,1,Até 5,18/05/2026,Acima de 90 dias,PAGA,Sim,Sim,Sim
39853936000109,LUIZA MUNGUBA RIBEIRO LTDA,RevendaCarro,Janaina lima,FEIRÃO SETEMBRO - P,Ruana Figueroa,72,Até 100,28/09/2024,Acima de 90 dias,PAGA,Não,Não,Não
39880569000124,LK VEICULOS,Revenda Multimarcas,IVO RODRIGUES DE SOUZA,Feirão Pontual - Feirão Setembro,Gabriel Pereira,0,Sem Estoque,,Nunca atualizou,PAGA,Sim,Não,Não
39914641000197,JR Motors,RevendaCarro,Juliane Aparecida do Nascimento Alves,FEIRÃO SETEMBRO - P,Andre Souza,0,Sem Estoque,,Nunca atualizou,PAGA,Sim,Sim,Sim
39983969000165,J L FIGUEREDO COELHO LTDA,Revenda Multimarcas,EDUARDO CESAR ARANHA BUNA,Feirão Pontual - 3 Feirões,Fernanda Souza,30,Até 30,31/08/2026,Até 15 dias,1 PARC ATRASO,Sim,Sim,Sim
40030167000110,DNA COMERCIO E SOLUCOES EM VEICULOS LTDA,RevendaCarro,Ana Carolina Florência Pinto,FEIRÃO SETEMBRO - M,Ludmila Martins,82,Até 100,26/08/2026,Até 15 dias,PAGA,Não,Não,Não
4008151000147,Alex Veiculos,RevendaCarro,Patrícia Bilhalva de Oliveira,FEIRÃO SETEMBRO - P,Bruna de Paula,0,Sem Estoque,,Nunca atualizou,PAGA,Não,Não,Não
40103448000155,Scala Veículos,Revenda Multimarcas,Cláudio Gonçalves Soutinho,Feirão Pontual - 3 Feirões,Ruana Figueroa,75,Até 100,30/07/2026,31 a 60 dias,PAGA,Sim,Sim,Sim
40184204000144,TOM CAR,Revenda Multimarcas,NEIDE TOMAZ DA COSTA,Feirão Pontual - Feirão Setembro,Ludmila Martins,0,Sem Estoque,,Nunca atualizou,PAGA,Sim,Não,Não
4041484000178,VERGUEIRO VEICULOS DE SOROCABA LTDA,RevendaCarro,ANDREIA FIASCHI ANDREOLI,FEIRÃO SETEMBRO - P,Juliana Grande,14,Até 20,27/08/2026,Até 15 dias,PENDENTE_ACEITE,Sim,Não,Não
40481734000154,Raptor motors Ltda,Revenda Multimarcas,EDUARDO FELIPE DE FARIA,Feirão Pontual - Feirão Setembro,Luana Marques,6,Até 10,02/02/2026,Acima de 90 dias,PAGA,Sim,Não,Não
40501906000104,RGS MOTOS,RevendaMoto,Evandro Fernando Machado Marczinski,FEIRÃO SETEMBRO - P,Gabriel Pereira,7,Até 10,23/07/2026,31 a 60 dias,PAGA,Não,Sim,Sim
40525827000133,ubaldo de freitas vieira,RevendaCarro,fabio henrique pereira costa,FEIRÃO SETEMBRO - P,Andre Souza,0,Sem Estoque,,Nunca atualizou,AGUARDANDO_PAGAMENTO,Não,Não,Não
40526955000100,W B MACHADO COM DE VEICULOS,RevendaCarro,Wallasse Correa,FEIRÃO SETEMBRO - M,Fernanda Souza,0,Sem Estoque,,Nunca atualizou,PAGA,Não,Não,Não
40578665000100,CK,Revenda Multimarcas,Marcia Regina Brito Portal,Feirão Pontual - 3 Feirões,Fernanda Souza,28,Até 30,18/06/2026,61 a 90 dias,PAGA,Sim,Sim,Sim
40612093000120,FAM veículos multimarcas ltda,Revenda Multimarcas,Sergio Ricardo Parisio Santos,Feirão Pontual - 3 Feirões,Fernanda Souza,17,Até 20,27/08/2026,Até 15 dias,PAGA,Sim,Sim,Sim
40665423000145,IMPERIO COMERCIO DE AUTOMOVEIS LTDA,Revenda Multimarcas,Karen Sabrina Neves da Silva,Feirão Pontual - 3 Feirões,Ludmila Martins,44,Até 50,28/08/2026,Até 15 dias,PAGA,Sim,Sim,Sim
40679321000189,CAIO VINICIUS DE SOUZA MELO ME,RevendaCarro,Altino Ferreira dos Santos Junior,FEIRÃO SETEMBRO - P,Juliana Grande,0,Sem Estoque,,Nunca atualizou,PAGA,Sim,Sim,Sim
40704568000108,SHOPPING CARR,Revenda Multimarcas,GILMAR OLIVEIRA PEREIRA,Feirão Pontual - Feirão Setembro,Bruna de Paula,0,Sem Estoque,,Nunca atualizou,PAGA,Sim,Não,Não
40833373000168,REAL CAR,Revenda Multimarcas,ELISIA NATALY LIMA MARTINS BARROS,Feirão Pontual - 3 Feirões,Fernanda Souza,13,Até 20,25/08/2026,Até 15 dias,PAGA,Sim,Sim,Sim
40895420000106,AC VEICULOS,Revenda Multimarcas,JOAO PEDRO DE BRITO SOUZA,Feirão Pontual - 3 Feirões,,3,Até 5,24/08/2026,Até 15 dias,PAGA,Sim,Sim,Sim
40912227000128,ELITE VEICULOS,RevendaCarro,Italo matheus parise,FEIRÃO SETEMBRO - M,Tatiane Silva,10,Até 10,09/06/2026,61 a 90 dias,PAGA,Sim,Não,Não
40925793000174,GABRIEL DOS ANJOS ROCHA,Revenda Multimarcas,TAUAN DA ROSA TEIXEIRA,Feirão Pontual - Feirão Setembro,Gabriel Pereira,0,Sem Estoque,24/05/2026,Acima de 90 dias,PAGA,Sim,Não,Não
40982847000133,Rpm veiculos,Revenda Multimarcas,Carolina jardim Rocha Araújo,Feirão Pontual - Feirão Setembro,Ludmila Martins,0,Sem Estoque,,Nunca atualizou,AGUARDANDO_PAGAMENTO,Sim,Não,Não
41049837000102,ANDRE TAKASHI NAGASSAKI LTDA   /  AF VEICULOS,RevendaCarro,ALAN AUGUSTO TOZO,FEIRÃO SETEMBRO - P,Andre Souza,0,Sem Estoque,,Nunca atualizou,PAGA,Sim,Sim,Sim
41071173000188,JE SILVA VEICULOS LTDA,Revenda Multimarcas,VITOR DA CUNHA MALLMANN,Feirão Pontual - 3 Feirões,Gabriel Pereira,26,Até 30,25/08/2026,Até 15 dias,3 PARC ATRASO,Sim,Sim,Sim
41085182000128,Luciana Chiacchio Ortunho,RevendaCarro,Renan Guimarães de Souza,FEIRÃO SETEMBRO - P,Andre Souza,0,Sem Estoque,,Nunca atualizou,PAGA,Sim,Não,Não
41093784000127,TOP GEAR MULTIMARCAS LTDA.,RevendaCarro,Luciana Brancaleoni,FEIRÃO SETEMBRO - G,Luana Marques,0,Sem Estoque,13/05/2026,Acima de 90 dias,PAGA,Sim,Sim,Sim
41110047000195,GHS Souza Veiculos Ltda,RevendaCarro,Altino Ferreira dos Santos Junior,FEIRÃO SETEMBRO - M,Juliana Grande,0,Sem Estoque,,Nunca atualizou,PAGA,Sim,Não,Não
4113824000129,FONTE VEICULOS,Revenda Multimarcas,Luanna Caroline Milbratz,Feirão Pontual - 2 Feirões,Gabriel Pereira,91,Até 100,31/08/2026,Até 15 dias,PAGA,Sim,Não,Não
41160291000162,R 3 Comércio Veicular de novos e usados,Revenda Multimarcas,Jean Francisco Emídio de Almeida,Feirão Pontual - 3 Feirões,Ruana Figueroa,5,Até 5,31/08/2026,Até 15 dias,PAGA,Sim,Sim,Sim
41171178000182,HERON AUTOMOVEIS,RevendaCarro,Gabriel Ramon Fernandes,2 FEIROES - M,Ludmila Martins,56,Até 100,30/08/2026,Até 15 dias,PAGA,Sim,Não,Não
41172611000102,R15 MOTORS,Revenda Multimarcas,EDUARDO CESAR ARANHA BUNA,Feirão Pontual - 3 Feirões,Fernanda Souza,29,Até 30,29/08/2026,Até 15 dias,PAGA,Sim,Sim,Sim
41204931000199,Brasil Car,Revenda Multimarcas,Jeferson Wellinton Cavalcante Matos,Feirão Pontual - 3 Feirões,Tatiane Silva,0,Sem Estoque,12/08/2026,Até 30 dias,3 PARC ATRASO,Não,Sim,Sim
41214001000116,F8 MOTORS COMERCIO DE VEÍCULOS LTDA,Revenda Multimarcas,Josiane spognollo,Feirão Pontual - Feirão Setembro,Lucynara Ochiai,0,Sem Estoque,24/04/2026,Acima de 90 dias,PAGA,Sim,Não,Não
41232110000166,SS Car Comércio de automóveis LTDA,RevendaCarro,Carlos Eduardo,FEIRÃO SETEMBRO - P,Bruna de Paula,0,Sem Estoque,,Nunca atualizou,PAGA,Não,Não,Não
41245285000108,JOHN WILLYAN LOPES DE SOUZA,Revenda Multimarcas,Alison Kodi Hirata,Feirão Pontual - 3 Feirões,Ruana Figueroa,0,Sem Estoque,26/04/2025,Acima de 90 dias,PAGA,Sim,Sim,Sim
41325834000154,LEANDRO PERETI ME,RevendaMoto,VILMANIR COLDEBELLA,FEIRÃO SETEMBRO - P,Gabriel Pereira,0,Sem Estoque,,Nunca atualizou,PAGA,Sim,Não,Não
41327494000109,AUTO NORTE MULTIMARCAS COMERCIO DE VEICULOS LTDA,RevendaCarro,Fernanda Ramos Donato,FEIRÃO SETEMBRO - M,Luana Marques,25,Até 30,17/12/2024,Acima de 90 dias,PENDENTE_ACEITE,Não,Não,Não
41353672000168,INVICTA VEICULOS,Revenda Multimarcas,Neide Tomaz da Costa,Feirão Pontual - Feirão Setembro,Ludmila Martins,0,Sem Estoque,,Nunca atualizou,PAGA,Sim,Não,Não
41439860000103,M&T REVENDA DE VEICULOS USADOS LTDA,RevendaCarro,Annie Lima Ximenes,FEIRÃO SETEMBRO - G,Fernanda Souza,43,Até 50,31/08/2026,Até 15 dias,PAGA,Sim,Sim,Sim
41460747000100,ELITE MULTIMARCAS,Revenda Multimarcas,RICARDO DOS SANTOS SANTOS,Feirão Pontual - 3 Feirões,Gabriel Pereira,20,Até 20,28/08/2026,Até 15 dias,PAGA,Sim,Sim,Sim
41522565000116,REGENTE CAR COMERCIO DE VEICULOS LTDA,RevendaCarro,Gilson Bonome,FEIRÃO SETEMBRO - P,Juliana Grande,0,Sem Estoque,,Nunca atualizou,PAGA,Sim,Sim,Sim
4159457000102,Fran Veiculos,RevendaCarro,RENAN FELIPE DE OLIVEIRA CHIARI,FEIRÃO SETEMBRO - M,Juliana Grande,0,Sem Estoque,,Nunca atualizou,PAGA,Sim,Sim,Sim
41611749000152,M A Baena da Cunha Ltda,Revenda Multimarcas,Marcia Regina Brito Portal,Feirão Pontual - 3 Feirões,Fernanda Souza,0,Sem Estoque,14/08/2026,Até 30 dias,5 PARC ATRASO,Sim,Não,Não
41636649000180,GARAGE CARPOINT COMERCIO VEICULOS LTDA,RevendaCarro,HENRIQUE ALVES GOMES,FEIRÃO SETEMBRO - M,Luana Marques,0,Sem Estoque,08/10/2022,Acima de 90 dias,PAGA,Sim,Não,Não
41670097000127,MR CAR MULTIMARCAS E REPASSES,Revenda Multimarcas,RAFAELLY NUNES ALVES,Feirão Pontual - 3 Feirões,Gabriel Pereira,0,Sem Estoque,,Nunca atualizou,4 PARC ATRASO,Não,Não,Não
41705182000183,Neves Veículos,Revenda Multimarcas,Fernanda gomes Farinha Quadros,Feirão Pontual - 3 Feirões,Gabriel Pereira,21,Até 30,28/08/2026,Até 15 dias,1 PARC ATRASO,Sim,Sim,Sim
41705942000152,G H SILVA LTDA.,RevendaCarro,Alessandra Cristina Silva Rosa,FEIRÃO SETEMBRO - P,Andre Souza,17,Até 20,27/08/2026,Até 15 dias,PAGA,Sim,Não,Não
41721181000122,G A GENUNCIO JUNIOR,RevendaCarro,Neide Tomaz da Costa,FEIRÃO SETEMBRO - P,Ludmila Martins,0,Sem Estoque,02/09/2025,Acima de 90 dias,PAGA,Sim,Sim,Sim
41737931000154,Labone automóveis,Revenda Multimarcas,Plinio Viani Rangel de Farias,Feirão Pontual - Feirão Setembro,Luana Marques,0,Sem Estoque,,Nunca atualizou,EM PROCESSAMENTO,Sim,Não,Não
41745147000198,MAURO MULTIMARCAS,Revenda Multimarcas,Ivo Rodrigues de Souza,Feirão Pontual - 3 Feirões,Gabriel Pereira,15,Até 20,26/08/2026,Até 15 dias,PAGA,Sim,Sim,Sim
4175082000166,Jm Veiculos,Revenda Multimarcas,Fabíola elcky Barbosa de Sá,Feirão Pontual - 3 Feirões,Fernanda Souza,22,Até 30,22/05/2026,Acima de 90 dias,PAGA,Sim,Sim,Sim
41758522000134,SP VEICULOS,Revenda Multimarcas,Neide Tomaz da Costa,Feirão Pontual - Feirão Setembro,Ludmila Martins,0,Sem Estoque,,Nunca atualizou,PAGA,Sim,Não,Não
41761011000171,Rodicar Automóveis,Revenda Multimarcas,Willian Monteiro Marcelino,Feirão Pontual - 3 Feirões,Gabriel Pereira,0,Sem Estoque,22/05/2026,Acima de 90 dias,4 PARC ATRASO,Não,Não,Não
41775898000157,Facilita Veiculos LTDA,RevendaCarro,Ericles Pavel Rolin Moreira,FEIRÃO SETEMBRO - M,Bruna de Paula,1,Até 5,14/05/2026,Acima de 90 dias,PAGA,Sim,Não,Não
41816473000149,LIDER AUTO VEICULOS MULTIMARCAS LTDA,RevendaCarro,Deivid Mayquel Custódio Fiuza,FEIRÃO SETEMBRO - M,Tatiane Silva,0,Sem Estoque,,Nunca atualizou,PAGA,Sim,Não,Não
41848812000179,Mobilidade Motors LTDA,Revenda Multimarcas,Jeferson Wellinton Cavalcante Matos,Feirão Pontual - 3 Feirões,Tatiane Silva,11,Até 20,21/08/2026,Até 15 dias,PAGA,Sim,Não,Não
4185066000154,D.S.R. RIBEIRO COMERCIO DE AUTOMOVEIS LTDA,RevendaCarro,Caique Costa Pelegrino,FEIRÃO SETEMBRO - M,Juliana Grande,116,Acima 101,31/08/2026,Até 15 dias,PAGA,Sim,Sim,Sim
42017623000117,ROTA 66 AUTOMARCAS LTDA,RevendaCarro,Marcos Francisco de Oliveira,FEIRÃO SETEMBRO - P,Tatiane Silva,22,Até 30,22/06/2026,61 a 90 dias,PAGA,Sim,Não,Não
42018073000150,SL MULTIMARCAS,RevendaCarro,Carlos Eduardo,2 FEIROES - M,Lucynara Ochiai,0,Sem Estoque,,Nunca atualizou,PAGA,Sim,Não,Não
42036779000145,URSAO VEICULOS,RevendaCarro,Karolina Elizamara de Matos Ferreira Pedrozo,FEIRÃO SETEMBRO - M,Tatiane Silva,0,Sem Estoque,,Nunca atualizou,PAGA,Sim,Sim,Sim
42040308000100,4 RODAS COMERCIO VAREJISTA DE VEICULOS AUTOMOTORES EIRELI,RevendaCarro,Robson Rodrigues Alves da Silva,FEIRÃO SETEMBRO - M,Tatiane Silva,0,Sem Estoque,,Nunca atualizou,PENDENTE_ACEITE,Não,Não,Não
42126884000175,CAR PREMIUM BOITUVA LTDA,RevendaCarro,caiqui cabral,FEIRÃO SETEMBRO - P,Juliana Grande,0,Sem Estoque,,Nunca atualizou,PAGA,Não,Não,Não
42132446000110,Carville Comercio de Veiculos LTDA,Revenda Multimarcas,Weslei Harnack,Feirão Pontual - 2 Feirões,Gabriel Pereira,25,Até 30,24/08/2026,Até 15 dias,PAGA,Sim,Não,Não
42158852000151,Sid Car Sidnei Veiculos LTDA,RevendaCarro,GUTEMBERG TINEL OLIVEIRA,FEIRÃO SETEMBRO - P,Fernanda Souza,0,Sem Estoque,,Nunca atualizou,PAGA,Sim,Não,Não
4223672000117,RM VEICULOS LTDA,Revenda Multimarcas,ELISIA NATALY LIMA MARTINS BARROS,Feirão Pontual - 3 Feirões,Fernanda Souza,22,Até 30,13/07/2026,31 a 60 dias,PAGA,Sim,Sim,Sim
42274853000161,AUTO CAR,RevendaCarro,JEFFERSON DA SILVA TENORIO,FEIRÃO SETEMBRO - M,Fernanda Souza,0,Sem Estoque,,Nunca atualizou,PAGA,Sim,Não,Não
42325965000102,Ayra Veiculos,Revenda Multimarcas,Karen Sabrina Neves da Silva,Feirão Pontual - Feirão Setembro,Ludmila Martins,0,Sem Estoque,,Nunca atualizou,PAGA,Sim,Não,Não
423493000172,PONY VEICULOS LTDA,Revenda Multimarcas,Fabiana de Moraes cardoso,Feirão Pontual - 3 Feirões,Tatiane Silva,61,Até 100,31/08/2026,Até 15 dias,PAGA,Sim,Sim,Sim
42354799000164,CLICK MOTORS LTDA,RevendaCarro,Gabriel furlan,FEIRÃO SETEMBRO - M,Juliana Grande,0,Sem Estoque,10/03/2025,Acima de 90 dias,PAGA,Sim,Não,Não
42380371000196,SELECT CAR,RevendaCarro,Daniele Souza faverani,FEIRÃO SETEMBRO - M,Andre Souza,0,Sem Estoque,,Nunca atualizou,PAGA,Não,Não,Não
4238469000114,Silveira Veículos,RevendaCarro,Danielly Mazza,FEIRÃO SETEMBRO - P,Bruna de Paula,0,Sem Estoque,,Nunca atualizou,PAGA,Sim,Não,Não
42412898000155,HOPE MULTIMARCAS LTDA,RevendaCarro,EDMIS TANAKAI NERI,FEIRÃO SETEMBRO - M,Luana Marques,0,Sem Estoque,,Nunca atualizou,PENDENTE_ACEITE,Não,Não,Não
42421134000126,M.H.S. MULTIMARCAS COMERCIO DE VEICULOS LTDA,RevendaCarro,Rafael de lelis cordeiro silva,FEIRÃO SETEMBRO - M,Ludmila Martins,0,Sem Estoque,,Nunca atualizou,PENDENTE_ACEITE,Não,Não,Não
42426165000170,Lucas Mioto de Oliveira LTDA,RevendaMoto,Rosilene Morais Alves Campos,FEIRÃO SETEMBRO - M,Juliana Grande,0,Sem Estoque,,Nunca atualizou,PAGA,Sim,Não,Não
42462784000110,TURQUINHO VEICULOS LTDA,RevendaCarro,Carlos Eduardo,FEIRÃO SETEMBRO - M,Lucynara Ochiai,0,Sem Estoque,,Nunca atualizou,PAGA,Não,Não,Não
42582011000177,GABRIEL EGITO TAVARES,Revenda Multimarcas,eduardo ferreira chagas,Feirão Pontual - 3 Feirões,Ruana Figueroa,0,Sem Estoque,09/04/2024,Acima de 90 dias,PAGA,Sim,Sim,Sim
42614936000152,Nc Veiculos,RevendaCarro,José Roberto Freitas Castro,FEIRÃO SETEMBRO - M,Fernanda Souza,0,Sem Estoque,,Nunca atualizou,PAGA,Não,Não,Não
42656955000141,JJC VEICULOS LTDA,RevendaCarro,Caroline Vieira dos Santos,FEIRÃO SETEMBRO - P,Lucynara Ochiai,0,Sem Estoque,19/08/2025,Acima de 90 dias,PAGA,Sim,Sim,Sim
42661961000197,M2 CAR COMERCIO E SERVICOS LTDA,RevendaCarro,Geisinea Rocha Mascarenhas,FEIRÃO SETEMBRO - P,Fernanda Souza,0,Sem Estoque,,Nunca atualizou,PAGA,Sim,Não,Não
42671091000137,Gb consultoria e comércio de veículos Ltda,Revenda Multimarcas,Gregory Nicholas Philip Ribeiro da Rosa,Feirão Pontual - 3 Feirões,Luana Marques,37,Até 50,28/08/2026,Até 15 dias,PAGA,Sim,Sim,Sim
42673138000100,GS MULTIMARCAS LTDA,RevendaCarro,Denise Rocha da Costa,FEIRÃO SETEMBRO - M,Fernanda Souza,0,Sem Estoque,,Nunca atualizou,PAGA,Sim,Não,Não
42673826000161,Carros Usados JP,Revenda Multimarcas,José Romário Feitosa dos Santos,Feirão Pontual - 3 Feirões,Ruana Figueroa,0,Sem Estoque,25/05/2026,Acima de 90 dias,4 PARC ATRASO,Não,Não,Não
42742923000169,Nunes Automóveis,Revenda Multimarcas,Marcos Luís Freitas de Santana,Feirão Pontual - 3 Feirões,Fernanda Souza,25,Até 30,29/08/2026,Até 15 dias,PAGA,Sim,Sim,Sim
42793234000183,AL Comércio de Veículos Ltda,RevendaCarro,Claudiney Alexandre Silva,FEIRÃO SETEMBRO - P,Andre Souza,0,Sem Estoque,,Nunca atualizou,PAGA,Sim,Não,Não
42839339000126,MWR MOTORS,Revenda Multimarcas,MARCOS FERREIRA,Feirão Pontual - 3 Feirões,Lucynara Ochiai,0,Sem Estoque,,Nunca atualizou,PAGA,Sim,Sim,Sim
42840657000107,Realiza multicar Ltda,Revenda Multimarcas,Bruno Alves Gomes,Feirão Pontual - Feirão Setembro,Ludmila Martins,0,Sem Estoque,,Nunca atualizou,PAGA,Sim,Não,Não
42848915000100,Samara Eva da Silva Carvalho,RevendaCarro,alex ramos leite da silva,FEIRÃO SETEMBRO - M,Fernanda Souza,0,Sem Estoque,,Nunca atualizou,PENDENTE_ACEITE,Não,Não,Não
42863516000100,Sakamoto Comércio de Veículos Ltda,RevendaCarro,Rafael Maimone Lecciolli,FEIRÃO SETEMBRO - M,Juliana Grande,0,Sem Estoque,,Nunca atualizou,PAGA,Sim,Sim,Sim
42885079000125,OMEGA AUTOMOVEIS,Revenda Multimarcas,Fabiana Ferreira Rodrigues,Feirão Pontual - 3 Feirões,Ludmila Martins,0,Sem Estoque,17/06/2026,61 a 90 dias,4 PARC ATRASO,Não,Sim,Sim
42925462000160,FABIO A DE ALMEIDA,RevendaCarro,JEFFERSON DA SILVA TENORIO,FEIRÃO SETEMBRO - P,Fernanda Souza,0,Sem Estoque,,Nunca atualizou,PAGA,Sim,Sim,Sim
42930920000159,SUPERCAR COMERCIO E INTERMEDICACAO DE VEICULOS LTDA,Revenda Multimarcas,BRUNO BOCALETTI,Feirão Pontual - Feirão Setembro,Juliana Grande,0,Sem Estoque,,Nunca atualizou,PAGA,Sim,Não,Não
42960002000172,Dw Carros Ltda.,Revenda Multimarcas,Cassia Leite de Oliveira,Feirão Pontual - Feirão Setembro,Andre Souza,0,Sem Estoque,07/05/2026,Acima de 90 dias,PAGA,Sim,Não,Não
42979991000146,ROTA MULTICAR LTDA,Revenda Multimarcas,Amanda Mallmann,Feirão Pontual - Feirão Setembro,Tatiane Silva,61,Até 100,18/06/2026,61 a 90 dias,PAGA,Sim,Não,Não
43019685000120,AUTOTRES VEICULOS,RevendaCarro,IAHGO LOSSAVARO MARIM,FEIRÃO SETEMBRO - P,Juliana Grande,0,Sem Estoque,,Nunca atualizou,PENDENTE_ACEITE,Não,Não,Não
43046594000184,Jbm automóveis ltda,Revenda Multimarcas,clevina santos melo,Feirão Pontual - 3 Feirões,Fernanda Souza,3,Até 5,01/04/2026,Acima de 90 dias,PAGA,Sim,Sim,Sim
43077921000165,Auto Play Multimarcas Comercio De Veiculos Ltda,Revenda Multimarcas,Luanna Caroline Milbratz,Feirão Pontual - 3 Feirões,Gabriel Pereira,20,Até 20,28/08/2026,Até 15 dias,PAGA,Sim,Sim,Sim
43119778000127,LEGACY AUTOS COMERCIO E SERVICOS LTDA,Revenda Multimarcas,Iann Gabriel Moreira de Souza,Feirão Pontual - 3 Feirões,Fernanda Souza,34,Até 50,29/08/2026,Até 15 dias,PAGA,Sim,Sim,Sim
43180993000133,ALE CAR,Revenda Multimarcas,CARLOS DAVID PEREIRA MENDONCA,Feirão Pontual - 3 Feirões,Fernanda Souza,13,Até 20,26/08/2026,Até 15 dias,PAGA,Sim,Sim,Sim
43274400000106,RR VEICULOS,Revenda Multimarcas,JOAO PEDRO DE BRITO SOUZA,Feirão Pontual - 3 Feirões,,0,Sem Estoque,,Nunca atualizou,PAGA,Sim,Sim,Sim
43298024000181,Autogiu consórcios e veículos ltda,Revenda Multimarcas,Loysa Renata Cordeiro de Souza,Feirão Pontual - 3 Feirões,Tatiane Silva,39,Até 50,27/08/2026,Até 15 dias,1 PARC ATRASO,Sim,Sim,Sim
43328869000172,A D G COMERCIO DE VEICULOS MULTIMARCAS LTDA,RevendaCarro,Wesley Henrique Costa,FEIRÃO SETEMBRO - M,Juliana Grande,19,Até 20,21/06/2023,Acima de 90 dias,PENDENTE_ACEITE,Sim,Sim,Sim
43386209000148,VB VEICULOS MULTIMARCAS,Revenda Multimarcas,Anderson Salomao de Moraes,Feirão Pontual - 3 Feirões,Juliana Grande,18,Até 20,21/08/2026,Até 15 dias,PAGA,Sim,Sim,Sim
43394189000157,UNI VEICULOS LTDA,RevendaCarro,DANIELLE RODRIGUES PIMENTEL,FEIRÃO SETEMBRO - P,Juliana Grande,14,Até 20,16/01/2025,Acima de 90 dias,PAGA,Sim,Sim,Sim
4340339000198,EKS Auto Prime,Revenda Multimarcas,Felipe Ronchi,Feirão Pontual - Feirão Setembro,Gabriel Pereira,0,Sem Estoque,,Nunca atualizou,PAGA,Sim,Não,Não
43435549000111,EUROPA MOTORS,RevendaCarro,Ana Maria Walfredo Neves,FEIRÃO SETEMBRO - P,Fernanda Souza,0,Sem Estoque,,Nunca atualizou,PAGA,Sim,Sim,Sim
43477531000182,FB MULTIMARCAS LTDA,Revenda Multimarcas,Carlos Eduardo Locio Rosado,Feirão Pontual - 3 Feirões,Ruana Figueroa,4,Até 5,17/12/2024,Acima de 90 dias,2 PARC ATRASO,Sim,Não,Não
43510432000155,Denner Car,Revenda Multimarcas,Wesley Paulo Gonçalves,Feirão Pontual - 3 Feirões,Ludmila Martins,34,Até 50,29/08/2026,Até 15 dias,PAGA,Sim,Sim,Sim
43532615000171,AMC VEÍCULOS MULTIMARCAS LTDA,Revenda Multimarcas,CLICIA SOUZA DOS SANTOS,Feirão Pontual - Feirão Setembro,Gabriel Pereira,0,Sem Estoque,29/07/2025,Acima de 90 dias,PAGA,Sim,Não,Não
43542978000198,TILLI CARROS COM DE VEIC LTDA,Revenda Multimarcas,Cinthya Wallenska Castro Cunha de Moura,Feirão Pontual - 3 Feirões,Ruana Figueroa,6,Até 10,12/08/2026,Até 30 dias,3 PARC ATRASO,Sim,Sim,Sim
43607313000115,Leo multimarcas comercio de veículos,RevendaCarro,Juliane Aparecida do Nascimento Alves,FEIRÃO SETEMBRO - P,Andre Souza,0,Sem Estoque,,Nunca atualizou,PAGA,Não,Não,Não
43615329000170,THIAGO MOTOS MULTIMARCAS,RevendaMoto,Fabio Agnolet,FEIRÃO SETEMBRO - P,Ludmila Martins,0,Sem Estoque,,Nunca atualizou,PAGA,Não,Não,Não
43639042000180,DJ COMERCIO DE VEÍCULOS LTDA,Revenda Multimarcas,João Victor Vicente dos Santos,Feirão Pontual - 3 Feirões,Ruana Figueroa,15,Até 20,29/08/2026,Até 15 dias,PAGA,Sim,Sim,Sim
43641021000107,FILHO CAR,Revenda Multimarcas,CARLOS DAVID PEREIRA MENDONCA,Feirão Pontual - 3 Feirões,Fernanda Souza,0,Sem Estoque,08/06/2026,61 a 90 dias,4 PARC ATRASO,Não,Não,Não
4364567000106,Star Motos,ConcessionariaMoto,anny bianca ferreira cruz,FEIRÃO SETEMBRO - P,Ludmila Martins,0,Sem Estoque,,Nunca atualizou,PAGA,Sim,Sim,Sim
43652366000158,GD-CAR AUTOMOVEIS,Revenda Multimarcas,Adriana Oliveira da Silva Pereira,Feirão Pontual - 3 Feirões,Gabriel Pereira,5,Até 5,15/05/2026,Acima de 90 dias,PAGA,Sim,Sim,Sim
43705241000149,Canal do Carro,RevendaCarro,Walter Andrade Marinho Filho,FEIRÃO SETEMBRO - M,Juliana Grande,0,Sem Estoque,,Nunca atualizou,PAGA,Sim,Não,Não
43791673000209,CARLÃO VEICULOS,RevendaCarro,MARCOS AZAMBUJA,FEIRÃO SETEMBRO - P,,0,Sem Estoque,,Nunca atualizou,PENDENTE_ACEITE,Não,Não,Não
43801606000139,ASFOR AUTOS CORRETORA DE VEÍCULOS LTDA,RevendaCarro,JONATHAN JOSENIR DA SILVA LIMA,FEIRÃO SETEMBRO - M,Fernanda Souza,0,Sem Estoque,,Nunca atualizou,PAGA,Não,Não,Não
43826259000107,LEAO MOTORS REVENDEDORA DE VEICULOS LTDA,RevendaCarro,Fernanda Ramos Donato,FEIRÃO SETEMBRO - M,Luana Marques,0,Sem Estoque,,Nunca atualizou,PAGA,Sim,Sim,Sim
43853675000196,Elllen Fabiane Silva Ltda,RevendaCarro,Marlei Roncada,FEIRÃO SETEMBRO - M,Andre Souza,0,Sem Estoque,,Nunca atualizou,PAGA,Sim,Não,Não
43858808000117,DS AUTOMOVEIS,Revenda Multimarcas,IZADORA GERALDO DE MEDEIROS,Feirão Pontual - 3 Feirões,Gabriel Pereira,0,Sem Estoque,,Nunca atualizou,PAGA,Sim,Sim,Sim
43880927000176,PREMIUM COMERCIO DE VEICULOS LTDA,Revenda Multimarcas,EVERSON GARCIA VIEIRA,Feirão Pontual - 3 Feirões,Ludmila Martins,15,Até 20,15/05/2026,Acima de 90 dias,PAGA,Sim,Sim,Sim
43883734000179,Domine Motors LTDA,RevendaCarro,Gustavo Pelosini Alves,FEIRÃO SETEMBRO - M,Andre Souza,0,Sem Estoque,,Nunca atualizou,PAGA,Não,Não,Não
43885008000195,LUAN VEICULOS,RevendaCarro,KLINGER VALERIO NUNES SILVA,FEIRÃO SETEMBRO - M,Ruana Figueroa,0,Sem Estoque,,Nunca atualizou,AGUARDANDO_PAGAMENTO,Sim,Sim,Sim
43890315000164,VARELA MULTIMARCAS LTDA,Revenda Multimarcas,Janaina Regina Dalberto,Feirão Pontual - Feirão Setembro,Gabriel Pereira,5,Até 5,19/05/2026,Acima de 90 dias,PAGA,Sim,Não,Não
43913817000163,M C VEICULOS,RevendaCarro,ELISIA NATALY LIMA MARTINS BARROS,FEIRÃO SETEMBRO - P,Fernanda Souza,0,Sem Estoque,,Nunca atualizou,PAGA,Sim,Não,Não
4394739000186,AUTO NEWTON COMERCIO DE VEICULOS LTDA,RevendaCarro,NUBIA IRES COSTA,FEIRÃO SETEMBRO - M,Andre Souza,78,Até 100,28/08/2026,Até 15 dias,PAGA,Sim,Não,Não
44016305000167,espindola carros ltda,Revenda Multimarcas,rafael waldrich eirof,Feirão Pontual - Feirão Setembro,Gabriel Pereira,40,Até 50,27/08/2026,Até 15 dias,AGUARDANDO_PAGAMENTO,Sim,Não,Não
44025411000107,Guilherme Veiculos,RevendaMoto,Vinicius da Silva Rodrigues,FEIRÃO SETEMBRO - P,Ludmila Martins,0,Sem Estoque,,Nunca atualizou,PAGA,Sim,Não,Não
44050881000120,Premium Comercio de Veiculos Novos e Usados Ltda,Revenda Multimarcas,Renata Marinho Lopes,Feirão Pontual - 3 Feirões,Fernanda Souza,6,Até 10,30/07/2026,31 a 60 dias,PAGA,Sim,Sim,Sim
44101984000172,Jhon veiculos,Revenda Multimarcas,José Romário Feitosa dos Santos,Feirão Pontual - 3 Feirões,Ruana Figueroa,0,Sem Estoque,22/07/2025,Acima de 90 dias,5 PARC ATRASO,Não,Não,Não
44450044000199,NORTAO COMERCIO DE VEICULOS LTDA,RevendaCarro,RENATA LOPES,FEIRÃO SETEMBRO - P,Fernanda Souza,20,Até 20,08/10/2024,Acima de 90 dias,PAGA,Sim,Sim,Sim
44457343000155,AVANTE COMERCIO DE VEICULOS SOROCABA LTDA,RevendaCarro,Fabio messias furquim,FEIRÃO SETEMBRO - P,Juliana Grande,8,Até 10,27/05/2025,Acima de 90 dias,PAGA,Não,Não,Não
44494822000141,New Credi,Revenda Multimarcas,Keila Rosecler Bispo Matos,Feirão Pontual - 2 Feirões,Tatiane Silva,0,Sem Estoque,,Nunca atualizou,AGUARDANDO_PAGAMENTO,Sim,Não,Não
44502298000103,Auto + Seminovos,Revenda Multimarcas,Cynthia Fernandes Moura,Feirão Pontual - 3 Feirões,Gabriel Pereira,41,Até 50,31/08/2026,Até 15 dias,PAGA,Sim,Sim,Sim
44556814000182,FERREIRA AUTOMOVEIS LTDA,RevendaCarro,Janaina Regina Dalberto,FEIRÃO SETEMBRO - P,Gabriel Pereira,0,Sem Estoque,,Nunca atualizou,PAGA,Não,Não,Não
44612322000167,JP7 Veiculos,RevendaCarro,Carlos Eduardo,FEIRÃO SETEMBRO - P,Bruna de Paula,0,Sem Estoque,,Nunca atualizou,PAGA,Não,Não,Não
44619582000164,MARCOS ANTONIO LOPES DE CASTRO,Revenda Multimarcas,ANTONIO WANDESON DUARTE PEREIRA,Feirão Pontual - Feirão Setembro,Fernanda Souza,17,Até 20,27/08/2026,Até 15 dias,PAGA,Sim,Não,Não
44806276000137,G12 COMERCIO DE VEICULOS LTDA,RevendaCarro,Silvestre Fernandes da Silva,FEIRÃO SETEMBRO - P,Tatiane Silva,0,Sem Estoque,,Nunca atualizou,PAGA,Não,Sim,Sim
44950266000170,NM5 SELECT CAR,Revenda Multimarcas,Marcello Lima de Mello,Feirão Pontual - Feirão Setembro,Gabriel Pereira,0,Sem Estoque,,Nunca atualizou,PAGA,Sim,Não,Não
45014571000113,NAPOLI CAR MULTIMARCAS LTDA,RevendaCarro,Ana Carolina Florência Pinto,FEIRÃO SETEMBRO - M,Ludmila Martins,0,Sem Estoque,,Nunca atualizou,PENDENTE_ACEITE,Não,Sim,Sim
45095898000167,Reis Multimarcas LTDA,RevendaCarro,Tauan da Rosa Teixeira,FEIRÃO SETEMBRO - M,Gabriel Pereira,0,Sem Estoque,,Nunca atualizou,PAGA,Sim,Não,Não
45104356000103,NORTE VEICULOS LTDA,RevendaCarro,DANIEL EPAMINONDAS  LOPES MARTINS,FEIRÃO SETEMBRO - M,Fernanda Souza,0,Sem Estoque,,Nunca atualizou,PENDENTE_ACEITE,Não,Não,Não
45121759000160,KAROLAYNE MERCES DO NASCIMENTO DUARTE,RevendaCarro,ANTONIO MARCOS DA SILVA NOBREGA,FEIRÃO SETEMBRO - P,Ruana Figueroa,5,Até 5,28/06/2024,Acima de 90 dias,PAGA,Não,Não,Não
45161159000126,V12 AUTOFACIL,RevendaCarro,RENAN FELIPE DE OLIVEIRA CHIARI,FEIRÃO SETEMBRO - M,Juliana Grande,0,Sem Estoque,,Nunca atualizou,PENDENTE_ACEITE,Não,Não,Não
45201995000197,YANKE REPASSE MG,RevendaCarro,ALBE RICARDO MICHETTE RAMOS,FEIRÃO SETEMBRO - M,Ludmila Martins,78,Até 100,31/08/2026,Até 15 dias,PENDENTE_ACEITE,Não,Sim,Sim
4523182000136,MEGA FACIL LTDA,Revenda Multimarcas,EVERTON MATEUS MARCZINSKI,Feirão Pontual - 2 Feirões,Gabriel Pereira,0,Sem Estoque,,Nunca atualizou,PAGA,Sim,Não,Não
45251755000105,MAISA EVANGELISTA DE LIMA LTDA,Revenda Multimarcas,eduardo ferreira chagas,Feirão Pontual - 3 Feirões,Ruana Figueroa,1,Até 5,24/08/2026,Até 15 dias,PAGA,Sim,Sim,Sim
45263060000135,MASTERCLASS FIN & REFIN LTDA,RevendaCarro,ELISANGELA FURQUIM LEMOS,FEIRÃO SETEMBRO - P,Juliana Grande,0,Sem Estoque,,Nunca atualizou,PAGA,Não,Não,Não
45302299000177,GTS Motors,Revenda Multimarcas,Eduardo Felipe Faria,Feirão Pontual - 3 Feirões,Luana Marques,0,Sem Estoque,17/08/2026,Até 15 dias,3 PARC ATRASO,Não,Não,Não
45320266000150,Anel seminovos,Revenda Multimarcas,Cristiane Coelho challub Figueiredo,Feirão Pontual - 3 Feirões,Ludmila Martins,27,Até 30,31/08/2026,Até 15 dias,PAGA,Sim,Sim,Sim
45343342000142,CG EMPREENDIMENTOS COMÉRCIO E SERVIÇOS LTDA,Revenda Multimarcas,Milene Rodrigues,Feirão Pontual - 3 Feirões,Fernanda Souza,17,Até 20,18/08/2026,Até 15 dias,PAGA,Sim,Não,Não
45351172000148,CITY VEICULOS LTDA,RevendaCarro,ALLAN FRANCISCO DE SOUSA PEREIRA,FEIRÃO SETEMBRO - P,Tatiane Silva,0,Sem Estoque,,Nunca atualizou,PAGA,Não,Não,Não
4537353000186,Atual Veiculos,RevendaCarro,RENATA LOPES,FEIRÃO SETEMBRO - P,Fernanda Souza,0,Sem Estoque,,Nunca atualizou,PAGA,Sim,Sim,Sim
45449643000155,MORO MULTIMARCAS LTDA,RevendaCarro,Clicia Souza dos Santos,FEIRÃO SETEMBRO - P,Gabriel Pereira,0,Sem Estoque,,Nunca atualizou,PAGA,Sim,Não,Não
45459082000175,LUCAS MAIA DE OLIVEIRA AUTOMOVEIS,RevendaCarro,celso vinicius silva mendes,FEIRÃO SETEMBRO - M,Andre Souza,0,Sem Estoque,,Nunca atualizou,PAGA,Sim,Não,Não
45459660000173,PLATAFORMA CAR SHOP LTDA,RevendaCarro,LEANDRO PIGNATARI,FEIRÃO SETEMBRO - M,Luana Marques,5,Até 5,11/08/2026,Até 30 dias,PENDENTE_ACEITE,Não,Sim,Sim
45494613000160,Vitor multimarcas,Revenda Multimarcas,Juliane Aparecida do Nascimento Alves,Feirão Pontual - Feirão Setembro,Andre Souza,0,Sem Estoque,20/05/2026,Acima de 90 dias,PAGA,Sim,Não,Não
45495310000162,Strincar Veiculos Ltda,Revenda Multimarcas,Rafael Carvalho Nunes,Feirão Pontual - 3 Feirões,Gabriel Pereira,34,Até 50,24/08/2026,Até 15 dias,PAGA,Sim,Sim,Sim
45561480000106,FABB COMERCIO E SERVICOS DE VEICULOS LTDA,RevendaCarro,ANTONIO MARCOS DA SILVA NOBREGA,FEIRÃO SETEMBRO - P,Ruana Figueroa,39,Até 50,31/08/2026,Até 15 dias,PAGA,Não,Não,Não
45569333000174,Guiacar multimarcas,Revenda Multimarcas,Ana Paula Tachinski Cardoso,Feirão Pontual - 2 Feirões,Gabriel Pereira,2,Até 5,21/05/2026,Acima de 90 dias,PAGA,Sim,Não,Não
45584987000177,DANIEL VEÍCULOS,RevendaCarro,PAULO DE MORAES ALCÂNTARA,FEIRÃO SETEMBRO - M,Fernanda Souza,14,Até 20,20/05/2026,Acima de 90 dias,PAGA,Não,Não,Não
45618572000177,GT MOTORS COMERCIO DE VEICULOS LTDA,RevendaCarro,emanuelle machi da costa,FEIRÃO SETEMBRO - M,Juliana Grande,0,Sem Estoque,,Nunca atualizou,PAGA,Não,Não,Não
45698956000147,GP VEICULOS LTDA,RevendaCarro,GUILHERME VOLNEI KOLC ROCHA,FEIRÃO SETEMBRO - G,Lucynara Ochiai,11,Até 20,25/08/2026,Até 15 dias,PAGA,Não,Sim,Sim
45704557000141,Rota 66 bh ltda,Revenda Multimarcas,Gilbert Santos de Oliveira,Feirão Pontual - 3 Feirões,Ludmila Martins,58,Até 100,31/08/2026,Até 15 dias,2 PARC ATRASO,Sim,Sim,Sim
45712467000100,R S VIEIRA CORRETAGEM,RevendaCarro,Karina Araujo Ramalho,FEIRÃO SETEMBRO - P,Fernanda Souza,0,Sem Estoque,,Nunca atualizou,PAGA,Sim,Não,Não
45717532000182,M CAR MULTIMARCAS,Revenda Multimarcas,GLEYDSON RODRIGUES RIBEIRO DE ALMEIDA,Feirão Pontual - Feirão Setembro,,0,Sem Estoque,,Nunca atualizou,PAGA,Sim,Não,Não
45718596000106,c14 comercio de veiculos ltda,RevendaCarro,vinicius felipe bernardes de godoi,FEIRÃO SETEMBRO - M,Juliana Grande,0,Sem Estoque,,Nunca atualizou,PAGA,Não,Sim,Sim
45733898000145,Rota 408 Veículos,Revenda Multimarcas,Cláudio Gonçalves Soutinho,Feirão Pontual - 3 Feirões,Ruana Figueroa,9,Até 10,03/06/2026,61 a 90 dias,4 PARC ATRASO,Sim,Não,Não
4574854000132,NETO NEVES & CIA . LTDA,RevendaCarro,Guilherme Duarte Sabir,FEIRÃO SETEMBRO - M,Ludmila Martins,0,Sem Estoque,12/11/2021,Acima de 90 dias,PAGA,Sim,Não,Não
45759962000167,G. P. MOTORS VEICULOS LTDA,RevendaCarro,Fabio de Oliveira Barbosa Junior,FEIRÃO SETEMBRO - P,Juliana Grande,0,Sem Estoque,,Nunca atualizou,PAGA,Não,Não,Não
45820168000181,FERREIRA E SANTOS MULTIMARCAS,RevendaCarro,Raul lincoln de mello euzebio,FEIRÃO SETEMBRO - M,Juliana Grande,0,Sem Estoque,,Nunca atualizou,AGUARDANDO_PAGAMENTO,Não,Não,Não
45844556001174,AUTO JAPAN,Concessionária,Victor Costa Dias,Feirão Pontual - 3 Feirões,Ludmila Martins,17,Até 20,28/08/2026,Até 15 dias,2 PARC ATRASO,Sim,Sim,Sim
45872796000100,BIG VEICULOS LTDA,RevendaCarro,Jacinto Silva Ferreira,FEIRÃO SETEMBRO - P,Ruana Figueroa,0,Sem Estoque,,Nunca atualizou,PENDENTE_ACEITE,Não,Não,Não
45928221000162,Cargill Seminovos,Revenda Multimarcas,Edivaldo Alves Ferreira de Sousa,Feirão Pontual - 3 Feirões,Gabriel Pereira,32,Até 50,31/08/2026,Até 15 dias,PAGA,Sim,Sim,Sim
46027334000150,NEXAUTO MOTORS LTDA,Revenda Multimarcas,Jeferson wellinton cavalcante Matos,Feirão Pontual - 3 Feirões,Tatiane Silva,26,Até 30,31/08/2026,Até 15 dias,2 PARC ATRASO,Sim,Sim,Sim
46051947000122,BOM PASTOR VEICULOS LTDA,Revenda Multimarcas,Vitor Martins Vale Menezes,Feirão Pontual - Feirão Setembro,Ludmila Martins,15,Até 20,17/08/2026,Até 15 dias,PAGA,Sim,Não,Não
46073392000110,SMART VEICULOS,Revenda Multimarcas,Tiago da Cunha Alves,Feirão Pontual - 3 Feirões,Tatiane Silva,28,Até 30,05/08/2026,Até 30 dias,PAGA,Sim,Sim,Sim
46082926000174,GARAGE MULTIMARCAS 01 LTDA,RevendaCarro,Janaina Regina Dalberto,FEIRÃO SETEMBRO - P,Gabriel Pereira,0,Sem Estoque,,Nunca atualizou,AGUARDANDO_PAGAMENTO,Não,Não,Não
46083352000159,AGILLI VEICULOS INTERMEDIAÇÕES RASTREAMENTO E MONITORAMENTO LTDA,Revenda Multimarcas,Tiago Oliveira da Franca,Feirão Pontual - 3 Feirões,Fernanda Souza,80,Até 100,29/08/2026,Até 15 dias,PAGA,Sim,Sim,Sim
46125651000109,Baruk Multimarcas Ltda,Revenda Multimarcas,ANNDRE DOS SANTOS,Feirão Pontual - 3 Feirões,Juliana Grande,0,Sem Estoque,24/08/2026,Até 15 dias,PAGA,Sim,Sim,Sim
46142723000126,EPC automóveis,RevendaCarro,Paula Scavarielo Trento,FEIRÃO SETEMBRO - P,Juliana Grande,0,Sem Estoque,,Nunca atualizou,PENDENTE_ACEITE,Não,Não,Não
46229425000178,OMEGA VEICULOS BH LTDA,Revenda Multimarcas,WESLEY PAULO GONCALVES,Feirão Pontual - 3 Feirões,Ludmila Martins,29,Até 30,31/08/2026,Até 15 dias,2 PARC ATRASO,Não,Sim,Sim
46310672000102,Auto Melo veículos,RevendaCarro,Vinicius José,FEIRÃO SETEMBRO - P,Ludmila Martins,0,Sem Estoque,,Nunca atualizou,PAGA,Não,Não,Não
46400393000121,THIAGO MOREIRA DIAS,RevendaCarro,Mario Paulo Villa Scaff,FEIRÃO SETEMBRO - P,Juliana Grande,0,Sem Estoque,,Nunca atualizou,PAGA,Sim,Sim,Sim
46442016000155,NOTARO MOTORS,RevendaCarro,Carlos Alberto Rosa,FEIRÃO SETEMBRO - P,Juliana Grande,8,Até 10,18/08/2026,Até 15 dias,PAGA,Não,Não,Não
46496221000101,DRUMOND MOTORS COMERCIO DE VEICULOS LTDA.,RevendaCarro,WESLEY PAULO GONCALVES,FEIRÃO SETEMBRO - M,Ludmila Martins,0,Sem Estoque,13/02/2026,Acima de 90 dias,AGUARDANDO_PAGAMENTO,Não,Sim,Sim
46539774000196,Cap Motors LTDA,Revenda Multimarcas,Rogerio Andre Torello,Feirão Pontual - 3 Feirões,Juliana Grande,97,Até 100,30/08/2026,Até 15 dias,PAGA,Sim,Sim,Sim
46601546000107,AUTOBAHN CORRETAGEM DE VEICULOS USADOS LTDA,RevendaCarro,Karina Araujo Ramalho,FEIRÃO SETEMBRO - P,Fernanda Souza,0,Sem Estoque,,Nunca atualizou,PENDENTE_ACEITE,Não,Não,Não
46619129000183,144 Motors LTDA,RevendaCarro,Luiz Henrique Jardim Bomfá Rodrigues,FEIRÃO SETEMBRO - M,Juliana Grande,1,Até 5,02/10/2025,Acima de 90 dias,PAGA,Sim,Não,Não
4665518000103,Proaldo Veículos e Produções LTDA,RevendaCarro,Maria Iolanda dos Santos Rolemberg,FEIRÃO SETEMBRO - P,Fernanda Souza,8,Até 10,20/08/2026,Até 15 dias,PAGA,Sim,Não,Não
46723522000112,VIANA VEICULOS,RevendaCarro,Camila Ramires,FEIRÃO SETEMBRO - P,Bruna de Paula,27,Até 30,28/08/2026,Até 15 dias,PAGA,Sim,Não,Não
46730959000183,D' SA MULTIMARCAS LTDA,Revenda Multimarcas,CHRISLEY MIRANDA SILVA,Feirão Pontual - 3 Feirões,Tatiane Silva,0,Sem Estoque,,Nunca atualizou,PAGA,Sim,Sim,Sim
46769308000105,AMERICA AUTOMOVEIS LTDA,RevendaCarro,Peterson Antônio Oliveira Firmino,FEIRÃO SETEMBRO - P,Lucynara Ochiai,39,Até 50,19/08/2026,Até 15 dias,PAGA,Sim,Sim,Sim
46864357000119,REI VEICULOS,Revenda Multimarcas,MILENE RODRIGUES,Feirão Pontual - 3 Feirões,Fernanda Souza,12,Até 20,12/08/2026,Até 30 dias,1 PARC ATRASO,Sim,Sim,Sim
46876308000104,MJ CARS,Revenda Multimarcas,Victoria Barreiro,Feirão Pontual - 3 Feirões,Luana Marques,165,Acima 101,31/08/2026,Até 15 dias,PAGA,Sim,Sim,Sim
46901827000177,NOBRE VEICULOS,RevendaCarro,Marlon José Zaranski,FEIRÃO SETEMBRO - M,Gabriel Pereira,0,Sem Estoque,,Nunca atualizou,PAGA,Sim,Sim,Sim
4693771000162,Via Brasil veículos Ltda,Revenda Multimarcas,Marcos William Maia Lemos Júnior,Feirão Pontual - 3 Feirões,,0,Sem Estoque,17/01/2022,Acima de 90 dias,4 PARC ATRASO,Sim,Não,Não
4697343000108,HF MULTIMARCAS,Revenda Multimarcas,João Victor Resende Silva,Feirão Pontual - 3 Feirões,Ludmila Martins,85,Até 100,31/08/2026,Até 15 dias,1 PARC ATRASO,Sim,Sim,Sim
46988783000164,GM Motors,RevendaCarro,Elaine Cristiana Moreira Dias,2 FEIROES - P,Ludmila Martins,4,Até 5,31/08/2026,Até 15 dias,PAGA,Sim,Não,Não
46993324000179,RAASCH VEÍCULOS,Revenda Multimarcas,Diego Timoteo Santos,Feirão Pontual - 3 Feirões,Ludmila Martins,16,Até 20,20/06/2026,61 a 90 dias,PAGA,Sim,Sim,Sim
47006414000191,PREMIUM VEICULOS,RevendaCarro,GENIVAL CRUZ,FEIRÃO SETEMBRO - P,Tatiane Silva,0,Sem Estoque,,Nunca atualizou,PENDENTE_ACEITE,Não,Não,Não
47007022000147,C&L COMERCIO DE VEICULOS,RevendaCarro,luiz thyago,FEIRÃO SETEMBRO - M,Fernanda Souza,0,Sem Estoque,,Nunca atualizou,PENDENTE_ACEITE,Não,Não,Não
47106635000131,Autostock repasse de veículos ltda,Revenda Multimarcas,Paula do prado Scavariello trento,Feirão Pontual - 3 Feirões,Juliana Grande,35,Até 50,22/04/2025,Acima de 90 dias,PAGA,Sim,Não,Não
47150649000152,RD Motors intermediações compra e venda de veículos,Revenda Multimarcas,Tabata Regina Pereira Lima,Feirão Pontual - Feirão Setembro,Juliana Grande,0,Sem Estoque,29/07/2025,Acima de 90 dias,AGUARDANDO_PAGAMENTO,Sim,Sim,Sim
47169391000136,Primecar Automoveis,Revenda Multimarcas,Mayara Caroline Neis,Feirão Pontual - Feirão Setembro,Gabriel Pereira,0,Sem Estoque,,Nunca atualizou,PAGA,Sim,Não,Não
47206919000108,VIA CAR MULTIMARCAS LTDA,RevendaCarro,Gustavo Isac Rosa,2 FEIROES - P,Tatiane Silva,0,Sem Estoque,27/09/2025,Acima de 90 dias,PAGA,Sim,Sim,Sim
47215607000152,Gold car automóveis,RevendaCarro,Bruno Rubim Nobre,FEIRÃO SETEMBRO - M,Ludmila Martins,0,Sem Estoque,,Nunca atualizou,PENDENTE_ACEITE,Não,Não,Não
47216945000109,GARAGE 56 MULTIMARCAS LOJA DE VEICULOS LTDA,RevendaCarro,Josiane Spognollo,FEIRÃO SETEMBRO - P,Lucynara Ochiai,19,Até 20,11/08/2026,Até 30 dias,PAGA,Sim,Não,Não
47240584000136,GTS MOTORS CATANDUVA LTDA,RevendaCarro,Lucilaine Pericoco de Melo,FEIRÃO SETEMBRO - P,Andre Souza,45,Até 50,19/08/2026,Até 15 dias,PAGA,Não,Não,Não
47246577000222,BENEDET COMERCIO DE VEICULOS,Revenda Multimarcas,TAUAN DA ROSA TEIXEIRA,Feirão Pontual - 3 Feirões,Gabriel Pereira,0,Sem Estoque,18/05/2026,Acima de 90 dias,PAGA,Sim,Sim,Sim
47247703000182,L. C. DE SOUSA LTDA,RevendaCarro,Nilson De Caldas Nascimento,FEIRÃO SETEMBRO - M,Tatiane Silva,0,Sem Estoque,,Nunca atualizou,PENDENTE_ACEITE,Não,Não,Não
47280299000149,FERRAZ VEICULOS LTDA,Revenda Multimarcas,Tauan da Rosa Teixeira,Feirão Pontual - Feirão Setembro,Gabriel Pereira,1,Até 5,07/08/2026,Até 30 dias,PAGA,Sim,Não,Não
47332175000160,J D VEICULO LTDA,Revenda Multimarcas,NEIDE TOMAZ DA COSTA,Feirão Pontual - Feirão Setembro,Ludmila Martins,0,Sem Estoque,,Nunca atualizou,PAGA,Sim,Não,Não
473685000193,Batista Veículos,RevendaCarro,Jefferson Lazaro de Souza,FEIRÃO SETEMBRO - M,Ludmila Martins,0,Sem Estoque,,Nunca atualizou,PAGA,Sim,Sim,Sim
47387280000104,LIDER VEICULOS,RevendaCarro,Solange Macedo de oliveira,FEIRÃO SETEMBRO - P,Fernanda Souza,0,Sem Estoque,,Nunca atualizou,AGUARDANDO_PAGAMENTO,Sim,Não,Não
47463602000149,Thiago veículos,Revenda Multimarcas,José Romário Feitosa dos Santos,Feirão Pontual - 3 Feirões,Ruana Figueroa,15,Até 20,29/08/2026,Até 15 dias,PAGA,Sim,Sim,Sim
47500730000115,A&R AUTOMOVEIS LTDA,Revenda Multimarcas,PETERSON ANTONIO OLIVEIRA FIRMINO,Feirão Pontual - Feirão Setembro,Lucynara Ochiai,34,Até 50,14/05/2026,Acima de 90 dias,PAGA,Sim,Sim,Sim
47583045000108,DM AUTO SANTOS LTDA,RevendaCarro,veridiana furlani hummel dos santos,FEIRÃO SETEMBRO - P,Juliana Grande,0,Sem Estoque,,Nunca atualizou,PAGA,Não,Não,Não
4760947000151,ESTACIONAMENTO AVENIDA DE OLIMPIA LTDA - ME,RevendaCarro,Luiz Antonio Alves Zara,FEIRÃO SETEMBRO - P,Andre Souza,9,Até 10,20/05/2026,Acima de 90 dias,PAGA,Sim,Sim,Sim
47613785000131,AB3 MOTORS LTDA,RevendaCarro,Felipe Ronchi,FEIRÃO SETEMBRO - P,Gabriel Pereira,23,Até 30,27/08/2026,Até 15 dias,AGUARDANDO_PAGAMENTO,Não,Não,Não
47621026000110,V & F MOTORS LTDA,RevendaCarro,caiqui cabral,FEIRÃO SETEMBRO - M,Juliana Grande,0,Sem Estoque,,Nunca atualizou,PAGA,Sim,Não,Não
47627871000101,EMS MOTORS LTDA,RevendaCarro,Camila da Silva,FEIRÃO SETEMBRO - M,Juliana Grande,0,Sem Estoque,,Nunca atualizou,AGUARDANDO_PAGAMENTO,Não,Não,Não
47633199000159,Mx Comercio De Veiculos Ltda,Revenda Multimarcas,Fernanda Meinchein da Silva Pinheiro,Feirão Pontual - 3 Feirões,Gabriel Pereira,97,Até 100,31/08/2026,Até 15 dias,1 PARC ATRASO,Sim,Sim,Sim
47645482000109,TCHU CORRETORA DE SEGUROS E PROMOTORA DE CREDITO LTDA,RevendaCarro,THIAGO PADILHA BITENCOURT,FEIRÃO SETEMBRO - G,Gabriel Pereira,21,Até 30,29/08/2026,Até 15 dias,PAGA,Sim,Não,Não
47655729000160,CAMPOS & LIMA COMERCIO DE VEICULOS LTDA,RevendaCarro,everton martins oliveira,FEIRÃO SETEMBRO - M,Juliana Grande,0,Sem Estoque,,Nunca atualizou,PENDENTE_ACEITE,Não,Não,Não
47675811000156,Paludetti Automóveis,Revenda Multimarcas,Erika Mendes de Oliveira,Feirão Pontual - 3 Feirões,Juliana Grande,0,Sem Estoque,06/07/2026,31 a 60 dias,PAGA,Não,Não,Não
47717121000112,R DOS SANTOS FERREIRA AUTOMOVEIS,Revenda Multimarcas,ROBERTO CESAR NICOLAU ARBEX,Feirão Pontual - Feirão Setembro,Juliana Grande,0,Sem Estoque,,Nunca atualizou,AGUARDANDO_PAGAMENTO,Sim,Não,Não
47748410000189,DNA PREMIUM MOTORS LTDA,RevendaCarro,Maria Iolanda dos Santos Rolemberg,FEIRÃO SETEMBRO - P,Fernanda Souza,0,Sem Estoque,,Nunca atualizou,PAGA,Não,Sim,Sim
4777606000199,Gihad Veículos Ltda,Revenda Multimarcas,Renato Lourenço Vieira,Feirão Pontual - 3 Feirões,Luana Marques,46,Até 50,27/08/2026,Até 15 dias,PAGA,Sim,Sim,Sim
47793623000122,SILVEIRA & RICCI COMERCIO DE VEICULOS LTDA,RevendaCarro,Fabio de Oliveira Barbosa Junior,FEIRÃO SETEMBRO - P,Juliana Grande,0,Sem Estoque,,Nunca atualizou,PENDENTE_ACEITE,Não,Não,Não
47818956000169,Eclipse Veiculos,Revenda Multimarcas,SIDNEI MIRANDA DE SOUSA,Feirão Pontual - 3 Feirões,Fernanda Souza,0,Sem Estoque,03/08/2026,Até 30 dias,1 PARC ATRASO,Sim,Sim,Sim
47872109000182,SR CAR,RevendaCarro,Jean Edson de Simas Granito,FEIRÃO SETEMBRO - P,Ludmila Martins,0,Sem Estoque,,Nunca atualizou,AGUARDANDO_PAGAMENTO,Não,Sim,Sim
47925076000191,JD VEICULOS E PECAS LTDA / JD VEICULOS,RevendaCarro,WILLIAM MORAIS LUCIO,FEIRÃO SETEMBRO - M,Fernanda Souza,0,Sem Estoque,,Nunca atualizou,PAGA,Não,Não,Não
47925423000186,SF Motors,Revenda Multimarcas,Marcos Luís Freitas de Santana,Feirão Pontual - 3 Feirões,Fernanda Souza,123,Acima 101,28/08/2026,Até 15 dias,PAGA,Sim,Sim,Sim
47950590000187,C.S Motors,Revenda Multimarcas,Gregory Nicholas Philip Ribeiro da Rosa,Feirão Pontual - Feirão Setembro,Luana Marques,0,Sem Estoque,26/09/2025,Acima de 90 dias,PAGA,Sim,Não,Não
47957648000114,Ideal veículos Ltda,Revenda Multimarcas,Joceir Lima Boechat,Feirão Pontual - Feirão Setembro,Ludmila Martins,0,Sem Estoque,,Nunca atualizou,PAGA,Sim,Não,Não
47965005000112,BCAR VEICULOS,Revenda Multimarcas,Vinicius José de Oliveira Alves,Feirão Pontual - 3 Feirões,Ludmila Martins,110,Acima 101,28/08/2026,Até 15 dias,PAGA,Sim,Não,Não
48019423000180,Excelente Automóveis,Revenda Multimarcas,Plinio Viani Rangel de Farias,Feirão Pontual - Feirão Setembro,Luana Marques,27,Até 30,31/08/2026,Até 15 dias,PAGA,Sim,Não,Não
4802448000180,VALCAR VEICULOS LTDA.,RevendaCarro,Aline Soares Cintra,2 FEIROES - G,Luana Mota,69,Até 100,29/08/2026,Até 15 dias,PAGA,Sim,Não,Não
48063669000159,A. A. PACHECO LTDA,RevendaCarro,José Raul Antunes,FEIRÃO SETEMBRO - P,Juliana Grande,0,Sem Estoque,,Nunca atualizou,AGUARDANDO_PAGAMENTO,Não,Não,Não
48099324000155,An Comercio E Locacao De Veiculos Ltda,Revenda Multimarcas,Iann Gabriel Moreira de Souza,Feirão Pontual - 3 Feirões,Fernanda Souza,0,Sem Estoque,09/05/2026,Acima de 90 dias,4 PARC ATRASO,Sim,Não,Não
48105459000186,RJ MOTORS REVENDA DE VEÍCULOS LTDA,Revenda Multimarcas,Bruno Marx Vilas Boas da Silva,Feirão Pontual - 3 Feirões,Tatiane Silva,0,Sem Estoque,02/06/2026,61 a 90 dias,PAGA,Sim,Sim,Sim
4810884000109,Honda Veiculos,RevendaCarro,ANTONIO MAMORU HONDA,FEIRÃO SETEMBRO - P,Juliana Grande,0,Sem Estoque,,Nunca atualizou,PAGA,Não,Não,Não
48191024000100,THEODORA VEICULOS ITU LTDA,RevendaCarro,José Raul Antunes,FEIRÃO SETEMBRO - P,Juliana Grande,0,Sem Estoque,,Nunca atualizou,PAGA,Sim,Sim,Sim
48193118000100,Auto Top Multimarcas,RevendaCarro,Marcelo Goulart Steffen,FEIRÃO SETEMBRO - P,Bruna de Paula,2,Até 5,20/08/2026,Até 15 dias,PAGA,Não,Sim,Sim
48221351000159,VPR MOTORS LTDA,Revenda Multimarcas,Willian Desan dos Santos,Feirão Pontual - Feirão Setembro,Luana Marques,0,Sem Estoque,,Nunca atualizou,PAGA,Sim,Não,Não
48225451000153,GF motors,RevendaCarro,Tatiana de Sousa Abrão,FEIRÃO SETEMBRO - M,Juliana Grande,14,Até 20,29/08/2026,Até 15 dias,PAGA,Sim,Não,Não
48244962000112,V BACK AUTOS,Revenda Multimarcas,Rafael Waldrich Eirof,Feirão Pontual - Feirão Setembro,Gabriel Pereira,0,Sem Estoque,,Nunca atualizou,PAGA,Sim,Não,Não
48248634000194,Leader prime comércio de veículos Ltda / stone veículos,RevendaCarro,adison costa deusdara,FEIRÃO SETEMBRO - P,Tatiane Silva,0,Sem Estoque,,Nunca atualizou,PENDENTE_ACEITE,Não,Não,Não
48253062000131,BRASIL MOTORS,RevendaCarro,Rafael de lelis cordeiro silva,FEIRÃO SETEMBRO - M,Ludmila Martins,3,Até 5,29/08/2026,Até 15 dias,PAGA,Sim,Não,Não
48283181000137,EXCLUSIV MULTIMARCAS,Revenda Multimarcas,KAREN SABRINA NEVES DA SILVA,Feirão Pontual - Feirão Setembro,Ludmila Martins,0,Sem Estoque,,Nunca atualizou,AGUARDANDO_PAGAMENTO,Sim,Sim,Sim
48316872000190,RODRIGUES MARTINS VEICULOS LTDA,Revenda Multimarcas,SILVIO EURIPEDES CORREA JUNIOR,Feirão Pontual - Feirão Setembro,Tatiane Silva,0,Sem Estoque,,Nunca atualizou,PAGA,Sim,Não,Não
48326923000164,Compete Car Veiculos Ltda,Revenda Multimarcas,DHIULYA DA COSTA TORELLA,Feirão Pontual - 3 Feirões,Tatiane Silva,45,Até 50,28/08/2026,Até 15 dias,PAGA,Sim,Sim,Sim
48342963000108,DOUGLAS APARECIDO DE MELLO,RevendaCarro,Leandro Larsen Pignatari,FEIRÃO SETEMBRO - P,Luana Marques,55,Até 100,17/08/2026,Até 15 dias,AGUARDANDO_PAGAMENTO,Não,Não,Não
48347463000150,DREAM MOTOS,Revenda Multimarcas,JEFFERSON DA SILVA TENORIO,Feirão Pontual - 3 Feirões,Fernanda Souza,1,Até 5,19/06/2026,61 a 90 dias,PAGA,Sim,Sim,Sim
48363727000160,G A Veiculos,Revenda Multimarcas,Marinilda Martins costa e silva,Feirão Pontual - 3 Feirões,Fernanda Souza,7,Até 10,20/05/2026,Acima de 90 dias,PAGA,Sim,Sim,Sim
48394641000102,ESCALADA MULTIMARCAS LTDA,RevendaCarro,Wellington Emanoel Franco Resende,FEIRÃO SETEMBRO - G,Juliana Grande,18,Até 20,20/05/2026,Acima de 90 dias,PAGA,Sim,Sim,Sim
48418282000178,Lotus Racer,Revenda Multimarcas,Alexia de Oliveira Vilas Boas,Feirão Pontual - 3 Feirões,Juliana Grande,10,Até 10,27/08/2026,Até 15 dias,2 PARC ATRASO,Sim,Sim,Sim
48418597000115,MAXTER VEICULOS,RevendaCarro,MARCOS AZAMBUJA,2 FEIROES - P,,0,Sem Estoque,,Nunca atualizou,PAGA,Sim,Sim,Sim
48465028000120,GUIMOTORS AUTOMOVEIS LTDA,RevendaCarro,Marcio Augusto Oliveira Pinto,FEIRÃO SETEMBRO - P,Juliana Grande,0,Sem Estoque,,Nunca atualizou,AGUARDANDO_PAGAMENTO,Não,Sim,Sim
48491810000114,Benevente Veículos,RevendaCarro,Luiz Felipe Lopes Machado Leite,FEIRÃO SETEMBRO - P,Ludmila Martins,0,Sem Estoque,,Nunca atualizou,PAGA,Sim,Não,Não
48574794000123,JG MULTIMARCAS LTDA,Revenda Multimarcas,Willian Chagas Haueisen,Feirão Pontual - 3 Feirões,Gabriel Pereira,10,Até 10,31/07/2026,31 a 60 dias,PAGA,Sim,Sim,Sim
48576213000192,Verus Motors,RevendaCarro,Lucilaine Pericoco de Melo,FEIRÃO SETEMBRO - P,Andre Souza,0,Sem Estoque,,Nunca atualizou,PENDENTE_ACEITE,Não,Sim,Sim
48584347000155,Ivel Multimarcas,Revenda Multimarcas,Felipe Ronchi,Feirão Pontual - Feirão Setembro,Gabriel Pereira,0,Sem Estoque,,Nunca atualizou,PAGA,Sim,Não,Não
48648861000107,ABEL MAYCON AMARAL RAMOS LOPES LTDA,RevendaCarro,Joao Ricardo feitoza Araujo,FEIRÃO SETEMBRO - M,Fernanda Souza,0,Sem Estoque,,Nunca atualizou,PAGA,Não,Não,Não
48725075000166,JUGADI MULTIMARCAS,RevendaCarro,Tauan da Rosa Teixeira,FEIRÃO SETEMBRO - M,Gabriel Pereira,6,Até 10,23/07/2026,31 a 60 dias,PAGA,Sim,Não,Não
48751049000102,FH Veiculos,Revenda Multimarcas,EVERTON MATEUS MARCZINSKI,Feirão Pontual - Feirão Setembro,Gabriel Pereira,45,Até 50,28/08/2026,Até 15 dias,PAGA,Sim,Não,Não
48756041000139,DIRECTCAR SSA AUTOMOVEIS LTDA,RevendaCarro,Marcos Luis Freitas de Santana,FEIRÃO SETEMBRO - P,Fernanda Souza,0,Sem Estoque,,Nunca atualizou,AGUARDANDO_PAGAMENTO,Não,Sim,Sim
48818562000173,RIGONI AUTOMOVEIS,Revenda Multimarcas,Fabio Agnolet,Feirão Pontual - 3 Feirões,Ludmila Martins,15,Até 20,25/08/2026,Até 15 dias,PAGA,Sim,Sim,Sim
48820123000103,SIDINHO VEICULOS,RevendaCarro,elisangela silva gomes,FEIRÃO SETEMBRO - P,Fernanda Souza,0,Sem Estoque,,Nunca atualizou,PAGA,Sim,Não,Não
48899145000100,NEW MOTORS LTDA,RevendaCarro,João Victor Resende Silva,FEIRÃO SETEMBRO - M,Ludmila Martins,0,Sem Estoque,,Nunca atualizou,PENDENTE_ACEITE,Não,Não,Não
48905933000154,FACCO MOTORS,RevendaCarro,PEDRO PAULO ALVES TEIXEIRA,FEIRÃO SETEMBRO - P,Juliana Grande,30,Até 30,18/08/2026,Até 15 dias,PAGA,Sim,Não,Não
48956414000115,K F MOTORS LTDA,Revenda Multimarcas,Carlos Roberto Machado La Rocca,Feirão Pontual - Feirão Setembro,Bruna de Paula,0,Sem Estoque,,Nunca atualizou,PAGA,Sim,Não,Não
48962453000125,Dnl corretora de veiculos,RevendaCarro,João Victor da Silva torres,FEIRÃO SETEMBRO - P,Ruana Figueroa,0,Sem Estoque,,Nunca atualizou,PENDENTE_ACEITE,Não,Não,Não
48983053000104,AUTO REY MULTIMARCAS,Revenda Multimarcas,Poliane Lopes de Souza Penido,Feirão Pontual - 3 Feirões,Ludmila Martins,53,Até 100,29/08/2026,Até 15 dias,PAGA,Sim,Sim,Sim
49084301000130,Ze Ronaldo Multimarcas,RevendaCarro,Helder Moreira Costa,FEIRÃO SETEMBRO - M,Juliana Grande,12,Até 20,16/05/2026,Acima de 90 dias,PAGA,Sim,Sim,Sim
49091741000114,MUSTANG MULTIMARCAS LTDA,RevendaCarro,MARCOS ROBERTO OLIVEIRA DA SILVA,FEIRÃO SETEMBRO - P,Luana Marques,23,Até 30,14/08/2026,Até 30 dias,PAGA,Sim,Não,Não
49183331000101,AUTO BOA VISTA,RevendaCarro,carolina jardim rocha araujo,FEIRÃO SETEMBRO - P,Ludmila Martins,0,Sem Estoque,,Nunca atualizou,PAGA,Sim,Sim,Sim
49252686000105,Megapátio,Revenda Multimarcas,Hugo César Santos Pereira,Feirão Pontual - Feirão Setembro,Fernanda Souza,0,Sem Estoque,,Nunca atualizou,PAGA,Sim,Não,Não
49266527000151,AutoDelas Automóveis,Revenda Multimarcas,Fernanda Meinchein da Silva Pinheiro,Feirão Pontual - 3 Feirões,Gabriel Pereira,114,Acima 101,31/08/2026,Até 15 dias,PAGA,Sim,Sim,Sim
49273699000152,HG VEICULOS LTDA/HG VEICULOS,RevendaCarro,EDGARD TAVARES DE SOUZA JUNIOR,FEIRÃO SETEMBRO - M,Fernanda Souza,0,Sem Estoque,,Nunca atualizou,PAGA,Sim,Sim,Sim
49316465000145,ALLURE COMÉRCIO DE VEÍCULOS LTDA,Revenda Multimarcas,Iann Gabriel Moreira de Souza,Feirão Pontual - 3 Feirões,Fernanda Souza,0,Sem Estoque,28/05/2026,Acima de 90 dias,4 PARC ATRASO,Não,Não,Não
4933087000100,JLM Automóveis,Revenda Multimarcas,Willian Monteiro Marcelino,Feirão Pontual - 3 Feirões,Gabriel Pereira,54,Até 100,27/08/2026,Até 15 dias,PAGA,Sim,Sim,Sim
49339733000144,Alencar Veículos Ltda,RevendaCarro,Marinilda Martins costa e silva,FEIRÃO SETEMBRO - M,Fernanda Souza,0,Sem Estoque,,Nunca atualizou,PAGA,Sim,Sim,Sim
49401200000145,JUNIOR & GROSSI - COMERCIO DE VEICULOS LTDA / D'ANGELOS VEICULOS,RevendaCarro,ANA LIDIA AQUINO PELEGRINI,FEIRÃO SETEMBRO - M,Andre Souza,0,Sem Estoque,,Nunca atualizou,PAGA,Sim,Não,Não
49440445000181,Magoo comércio de veículos ltda,ConcessionariaMoto,Lucilene Cristina da Silva Rodrigues,FEIRÃO SETEMBRO - M,Luana Marques,0,Sem Estoque,,Nunca atualizou,PAGA,Sim,Não,Não
49476916000101,DIORGYTON VEICULOS LTDA,Revenda Multimarcas,ALISON KODI HIRATA,Feirão Pontual - 3 Feirões,Ruana Figueroa,10,Até 10,21/08/2026,Até 15 dias,PAGA,Sim,Sim,Sim
49479883000153,CARVAK MULTIMARCAS LTDA,RevendaCarro,Guilherme Ferreira Miranda,FEIRÃO SETEMBRO - M,Lucynara Ochiai,0,Sem Estoque,27/10/2025,Acima de 90 dias,PAGA,Sim,Sim,Sim
49533402000140,GONCALVES E CARVALHOS VEICULOS LTDA,Revenda Multimarcas,ELISIA NATALY LIMA MARTINS BARROS,Feirão Pontual - 3 Feirões,Fernanda Souza,10,Até 10,20/08/2026,Até 15 dias,1 PARC ATRASO,Sim,Sim,Sim
49548078000134,GUILHERME BOAVENTURA CARNEIRO CPF 01709611685 / DOM MOTOS,RevendaMoto,Nathalia Silva Rocha,FEIRÃO SETEMBRO - M,Ludmila Martins,0,Sem Estoque,,Nunca atualizou,PAGA,Sim,Sim,Sim
49597918000159,LVARGAS AUTOMOVEIS LTDA,Revenda Multimarcas,Diego de Moraes Subtil,Feirão Pontual - Feirão Setembro,Gabriel Pereira,0,Sem Estoque,,Nunca atualizou,PAGA,Sim,Não,Não
49611168000122,JFERREIRA VEICULOS LTDA,RevendaCarro,Alexia de Oliveira Vilas Boas,FEIRÃO SETEMBRO - P,Juliana Grande,7,Até 10,31/08/2026,Até 15 dias,PAGA,Não,Não,Não
49624090000180,Br Veiculos,RevendaCarro,carolina jardim rocha araujo,FEIRÃO SETEMBRO - P,Ludmila Martins,0,Sem Estoque,,Nunca atualizou,PAGA,Sim,Não,Não
49644561000112,JHONATAN PEDRO,RevendaCarro,KRYSLAISA FONSECA FERRO,2 FEIROES - P,Fernanda Souza,0,Sem Estoque,,Nunca atualizou,PAGA,Não,Sim,Sim
49698480000103,DEDE AUTOMOVEIS LTDA.,Revenda Multimarcas,Karen Sabrina Neves da Silva,Feirão Pontual - 3 Feirões,Ludmila Martins,6,Até 10,27/05/2026,Acima de 90 dias,PAGA,Sim,Sim,Sim
49700136000101,Rio Tury Veículos,RevendaCarro,04911228377,FEIRÃO SETEMBRO - M,Fernanda Souza,0,Sem Estoque,,Nunca atualizou,PAGA,Sim,Sim,Sim
4971873000100,COMERCIAL JEREMIAS DE VEICULOS LTDA,Revenda Multimarcas,ELISIA NATALY LIMA MARTINS BARROS,Feirão Pontual - 3 Feirões,Fernanda Souza,23,Até 30,24/08/2026,Até 15 dias,PAGA,Sim,Sim,Sim
49797204000194,METANOIA AUTOMOVEIS LTDA,Revenda Multimarcas,CLEVINA SANTOS MELO,Feirão Pontual - 3 Feirões,Fernanda Souza,23,Até 30,27/08/2026,Até 15 dias,PAGA,Sim,Sim,Sim
49831056000187,RD COMERCIO DE VEICULOS LTDA,RevendaCarro,ALAN DA SILVA MOURA,FEIRÃO SETEMBRO - M,Bruna de Paula,0,Sem Estoque,,Nunca atualizou,PAGA,Não,Não,Não
49876189000170,RAINERIO HERBERT FACANHA VEICULOS LTDA,RevendaCarro,jonathas da silva andrade,FEIRÃO SETEMBRO - M,Fernanda Souza,0,Sem Estoque,01/04/2024,Acima de 90 dias,PENDENTE_ACEITE,Não,Não,Não
49916720000190,Primeiro Andar Multimarcas,RevendaCarro,Rodrigo Perelli,FEIRÃO SETEMBRO - P,Luana Marques,0,Sem Estoque,,Nunca atualizou,PAGA,Não,Não,Não
49962422000137,SANTOS COMERCIO DE VEICULOS LTDA,RevendaCarro,Raul lincoln de mello euzebio,FEIRÃO SETEMBRO - M,Juliana Grande,0,Sem Estoque,,Nunca atualizou,PENDENTE_ACEITE,Não,Não,Não
49974700000176,L F VEICULOS MULTIMARCAS LTDA,RevendaCarro,Matheus William do Prado,FEIRÃO SETEMBRO - M,Juliana Grande,0,Sem Estoque,,Nunca atualizou,PENDENTE_ACEITE,Sim,Sim,Sim
49975744000110,gaucho automoveis,Revenda Multimarcas,eduardo ferreira chagas,Feirão Pontual - 3 Feirões,Ruana Figueroa,0,Sem Estoque,,Nunca atualizou,PAGA,Sim,Sim,Sim
49977124000110,PRIME TRUCK S CAMINHOES E PRESTACAO DE SERVICO LTDA,RevendaCarro,Nathália pinheiro Alexandrino,FEIRÃO SETEMBRO - P,Juliana Grande,73,Até 100,31/08/2026,Até 15 dias,PAGA,Não,Não,Não
4998497000130,ACHEI VEICULOS LTDA,Revenda Multimarcas,SILVIO EURIPEDES CORREA JUNIOR,Feirão Pontual - Feirão Setembro,Tatiane Silva,0,Sem Estoque,,Nunca atualizou,PAGA,Sim,Não,Não
49995510000135,FAMILIA VEICULOS AUTOMOVEIS LTDA,Revenda Multimarcas,carolina jardim rocha araujo,Feirão Pontual - Feirão Setembro,Ludmila Martins,0,Sem Estoque,,Nunca atualizou,PAGA,Sim,Não,Não
49998225000178,H2 PRIME MOTORS LTDA,RevendaCarro,Waldenice Batista Torres do Nascimento,FEIRÃO SETEMBRO - M,Fernanda Souza,5,Até 5,03/08/2026,Até 30 dias,PAGA,Sim,Não,Não
50008859000115,DEVID VEICULOS LTDA,RevendaCarro,ROBERTO CESAR NICOLAU ARBEX,FEIRÃO SETEMBRO - M,Juliana Grande,0,Sem Estoque,,Nunca atualizou,PENDENTE_ACEITE,Não,Não,Não
50040127000102,VIANA MOTORS,Revenda Multimarcas,CAMILA DA SILVA RAMIRES,Feirão Pontual - 2 Feirões,Bruna de Paula,14,Até 20,28/08/2026,Até 15 dias,PAGA,Sim,Não,Não
50056793000139,FEIRAOBH COMERCIO DE VEICULOS LTDA,Revenda Multimarcas,Karen Sabrina Neves da Silva,Feirão Pontual - 3 Feirões,Ludmila Martins,12,Até 20,07/05/2026,Acima de 90 dias,2 PARC ATRASO,Sim,Sim,Sim
50141760000197,LEAL MOTORS COMERCIO DE VEICULOS LTDA,RevendaCarro,vinicius rosi garcia thereza,FEIRÃO SETEMBRO - M,Juliana Grande,0,Sem Estoque,,Nunca atualizou,PAGA,Não,Não,Não
50186571000130,CARVALHO COIMBRA VEICULOS LTDA,RevendaCarro,Ederson Jorge de Carvalho,FEIRÃO SETEMBRO - M,Ludmila Martins,0,Sem Estoque,,Nunca atualizou,PAGA,Não,Não,Não
50186699000102,Astori Cars LTDA,RevendaCarro,Angelica Santarosa,FEIRÃO SETEMBRO - M,Juliana Grande,0,Sem Estoque,,Nunca atualizou,PAGA,Sim,Sim,Sim
50187846000150,AFA MOTORS,Concessionária,CYNTHIA FERNANDES MOURA,Feirão Pontual - 3 Feirões,Gabriel Pereira,31,Até 50,29/08/2026,Até 15 dias,1 PARC ATRASO,Sim,Sim,Sim
50231776000190,CZ VEICULOS LTDA,RevendaCarro,Anderval junior moraes,FEIRÃO SETEMBRO - P,Lucynara Ochiai,0,Sem Estoque,,Nunca atualizou,PAGA,Sim,Não,Não
50254006000163,stop car multimarcas,RevendaCarro,Eduardo Bittencourt,FEIRÃO SETEMBRO - M,Gabriel Pereira,0,Sem Estoque,,Nunca atualizou,PAGA,Não,Sim,Sim
50295717000186,Auto Flex,RevendaCarro,Marcos Luis Freitas de Santana,FEIRÃO SETEMBRO - P,Fernanda Souza,0,Sem Estoque,,Nunca atualizou,PAGA,Sim,Não,Não
50309808000123,GARAJÃO 279 MULTIMARCAS LTDA,RevendaCarro,DANIEL EPAMINONDAS  LOPES MARTINS,FEIRÃO SETEMBRO - M,Fernanda Souza,0,Sem Estoque,,Nunca atualizou,PAGA,Não,Não,Não
50358519000114,WIGGERS MULTIMARCAS LTDA,RevendaCarro,Hemilly Marcon Nunes de Stefani,FEIRÃO SETEMBRO - M,Gabriel Pereira,0,Sem Estoque,,Nunca atualizou,PAGA,Sim,Sim,Sim
50380059000120,GS MOTORS LTDA,Revenda Multimarcas,Danilo de Lima Rodrigues,Feirão Pontual - 3 Feirões,Tatiane Silva,0,Sem Estoque,15/05/2026,Acima de 90 dias,PAGA,Sim,Sim,Sim
50389079000162,GERO REVENDA DE VEICULOS LTDA,RevendaCarro,Pablo Leonardo Oliveira Cazotti,FEIRÃO SETEMBRO - M,Fernanda Souza,0,Sem Estoque,,Nunca atualizou,AGUARDANDO_PAGAMENTO,Não,Não,Não
50451636000128,LNR Veiculos,Revenda Multimarcas,Jhenifer Welter,Feirão Pontual - Feirão Setembro,Tatiane Silva,0,Sem Estoque,,Nunca atualizou,PAGA,Sim,Não,Não
50454490000174,IMPACTO AUTOMOVEIS,RevendaCarro,Edivaldo Alves Ferreira de Sousa,FEIRÃO SETEMBRO - M,Gabriel Pereira,0,Sem Estoque,,Nunca atualizou,PAGA,Sim,Não,Não
50544851000173,THANK GOD MULTIMARCAS LTDA,Revenda Multimarcas,Willian Desan dos Santos,Feirão Pontual - 3 Feirões,Luana Marques,0,Sem Estoque,11/06/2026,61 a 90 dias,4 PARC ATRASO,Não,Não,Não
50610821000118,ATX EMPREENDIMENTOS LTDA,RevendaCarro,VANESSA CARVALHO SOARES,FEIRÃO SETEMBRO - P,Fernanda Souza,0,Sem Estoque,,Nunca atualizou,PAGA,Não,Não,Não
50618694000101,LEO CAR MULTIMARCAS,Revenda Multimarcas,jefferson soares da silva monteiro,Feirão Pontual - Feirão Setembro,Gabriel Pereira,0,Sem Estoque,,Nunca atualizou,AGUARDANDO_PAGAMENTO,Sim,Sim,Sim
50637283000155,JEF COMÉRCIO DE VEÍCULOS LTDA,Revenda Multimarcas,Francielle Cisenski,Feirão Pontual - 3 Feirões,Gabriel Pereira,10,Até 10,14/05/2026,Acima de 90 dias,PAGA,Sim,Sim,Sim
50637684000105,Flavio Autos LTDA,Revenda Multimarcas,Francielle Cisenski,Feirão Pontual - 3 Feirões,Gabriel Pereira,15,Até 20,28/08/2026,Até 15 dias,2 PARC ATRASO,Sim,Não,Não
50639919000106,L A SERVIÇOS AUTOMOTIVOS LTDA,RevendaCarro,JANAINA SILVA DE ALMEIDA DINIZ,FEIRÃO SETEMBRO - M,Andre Souza,0,Sem Estoque,,Nunca atualizou,PAGA,Não,Sim,Sim
50729050000182,Sertão veículos Ltda,RevendaCarro,Shirlley Blair Sousa Araújo,FEIRÃO SETEMBRO - P,Ruana Figueroa,0,Sem Estoque,,Nunca atualizou,PAGA,Sim,Sim,Sim
50762577000109,Realize Automóveis LTDA,Revenda Multimarcas,CASSIO SOUZA DE AQUINO,Feirão Pontual - Feirão Setembro,Tatiane Silva,0,Sem Estoque,,Nunca atualizou,PAGA,Sim,Não,Não
50782008000125,VYNI MOTORS COMERCIO DE VEICULOS LTDA,RevendaCarro,emanuelle machi da costa,FEIRÃO SETEMBRO - M,Juliana Grande,0,Sem Estoque,,Nunca atualizou,PENDENTE_ACEITE,Não,Não,Não
50799079000130,MAXIAUTO MULTIMARCAS,Revenda Multimarcas,Júlio César Alvarenga Pereira,Feirão Pontual - 3 Feirões,Andre Souza,18,Até 20,27/08/2026,Até 15 dias,PAGA,Sim,Sim,Sim
50801183000112,FPJ MULTIMARCAS COMERCIO DE VEICULOS LTDA,RevendaCarro,KAREN MILENE MAIA BRESSAN,FEIRÃO SETEMBRO - M,Juliana Grande,0,Sem Estoque,,Nunca atualizou,PAGA,Sim,Não,Não
50803946000164,IMPERIAL VEICULOS,Revenda Multimarcas,JOAO PEDRO DE BRITO SOUZA,Feirão Pontual - 3 Feirões,,23,Até 30,25/08/2026,Até 15 dias,PAGA,Sim,Sim,Sim
50870102000136,Sam Car,Revenda Multimarcas,Marcos Luís Freitas de Santana,Feirão Pontual - 3 Feirões,Fernanda Souza,57,Até 100,30/08/2026,Até 15 dias,1 PARC ATRASO,Sim,Sim,Sim
5095238000161,HOLANDA VEICULOS LTDA,RevendaCarro,Jorge Reda Hachem,FEIRÃO SETEMBRO - M,Lucynara Ochiai,0,Sem Estoque,19/04/2022,Acima de 90 dias,PAGA,Sim,Não,Não
51007188000130,LUÍS ALVES CERQUEIRA NETO LTDA,Revenda Multimarcas,SIDNEI MIRANDA DE SOUSA,Feirão Pontual - 3 Feirões,Fernanda Souza,21,Até 30,27/08/2026,Até 15 dias,PAGA,Sim,Sim,Sim
51026580000127,Camargo Motors,Revenda Multimarcas,Willian Chagas Haueisen,Feirão Pontual - 3 Feirões,Gabriel Pereira,15,Até 20,29/08/2026,Até 15 dias,1 PARC ATRASO,Não,Não,Não
51059355000197,DRIVEMAIS LOCACAO DE VEICULOS LTDA,RevendaCarro,Evandro Fernando Machado Marczinski,FEIRÃO SETEMBRO - M,Gabriel Pereira,14,Até 20,31/08/2026,Até 15 dias,PAGA,Sim,Não,Não
51066296000184,Rocan,RevendaCarro,Tayana Regina da Silva Martins,FEIRÃO SETEMBRO - P,Lucynara Ochiai,0,Sem Estoque,,Nunca atualizou,PENDENTE_ACEITE,Não,Não,Não
51070785000100,Padrão automóveis comércio de veículos ltda,Revenda Multimarcas,Clevina Santos melo,Feirão Pontual - 3 Feirões,Fernanda Souza,8,Até 10,18/10/2025,Acima de 90 dias,PAGA,Sim,Sim,Sim
51071507000177,E A DE CASTRO LTDA,RevendaCarro,VANESSA DAIANE DE OLIVEIRA,FEIRÃO SETEMBRO - M,Lucynara Ochiai,17,Até 20,15/08/2026,Até 30 dias,PAGA,Sim,Não,Não
51158786000100,DCAR MULTIMARCAS,RevendaCarro,Camila Ramires,FEIRÃO SETEMBRO - P,Bruna de Paula,0,Sem Estoque,,Nunca atualizou,PAGA,Sim,Sim,Sim
51169246000122,Shoppcar Multimarcas Ltda,Revenda Multimarcas,Luanna Caroline Milbratz,Feirão Pontual - 3 Feirões,Gabriel Pereira,22,Até 30,31/08/2026,Até 15 dias,PAGA,Sim,Sim,Sim
51179146000187,K2 MULTIMARCAS,Revenda Multimarcas,Jhenifer Mendes Welter,Feirão Pontual - 3 Feirões,Tatiane Silva,2,Até 5,29/06/2026,61 a 90 dias,PAGA,Sim,Sim,Sim
51267116000122,PARCEIRÃO VEICULOS,RevendaCarro,MARCOS AZAMBUJA,FEIRÃO SETEMBRO - P,,0,Sem Estoque,,Nunca atualizou,PAGA,Não,Não,Não
51383724000100,Savena Comércio de Veículos LTDA,Revenda Multimarcas,Marcos Luís Freitas de Santana,Feirão Pontual - 3 Feirões,Fernanda Souza,0,Sem Estoque,28/11/2025,Acima de 90 dias,PAGA,Sim,Sim,Sim
51398091000104,HEY VEICULOS,RevendaCarro,CRISTINA ADACHESKI,FEIRÃO SETEMBRO - M,Lucynara Ochiai,0,Sem Estoque,,Nunca atualizou,PAGA,Não,Não,Não
51420652000116,JF CAR VEICULOS COMERCIO DE CARROS E MOTOS LTDA,Revenda Multimarcas,Cinthya Wallenska Castro Cunha de Moura,Feirão Pontual - 3 Feirões,Ruana Figueroa,19,Até 20,27/08/2026,Até 15 dias,PAGA,Sim,Sim,Sim
5142852000137,IDEAL VEICULOS LTDA,Revenda Multimarcas,VILMAR SOBCSIK,Feirão Pontual - Feirão Setembro,Gabriel Pereira,351,Acima 101,11/08/2026,Até 30 dias,PAGA,Sim,Não,Não
51493754000161,Extra Automoveis,Revenda Multimarcas,CARLOS DAVID PEREIRA MENDONCA,Feirão Pontual - 3 Feirões,Fernanda Souza,5,Até 5,18/08/2026,Até 15 dias,PAGA,Sim,Sim,Sim
51500381000109,Rlima,RevendaCarro,Natália barbosa Bastos,FEIRÃO SETEMBRO - M,Juliana Grande,0,Sem Estoque,,Nunca atualizou,PENDENTE_ACEITE,Não,Sim,Sim
5167346000100,M.N. COMERCIO DE AUTOMOVEIS LTDA,RevendaCarro,Luciana xavier,FEIRÃO SETEMBRO - M,Juliana Grande,27,Até 30,28/08/2026,Até 15 dias,PAGA,Sim,Não,Não
51691214000192,ELITE MOTORS,Revenda Multimarcas,Patricia Bilhalva,Feirão Pontual - Feirão Setembro,Bruna de Paula,0,Sem Estoque,,Nunca atualizou,PAGA,Sim,Não,Não
51695936000115,REN9VE AUTOS,Revenda Multimarcas,Iann Gabriel Moreira de Souza,Feirão Pontual - 3 Feirões,Fernanda Souza,28,Até 30,27/08/2026,Até 15 dias,PAGA,Sim,Sim,Sim
51708616000152,Via Vip Motors Comercio e Consignacao de Veiculos Ltda,Revenda Multimarcas,Marcello Lima de Mello,Feirão Pontual - Feirão Setembro,Gabriel Pereira,0,Sem Estoque,,Nunca atualizou,PAGA,Sim,Sim,Sim
51717751000164,W&S MULTIMARCAS LTDA,Revenda Multimarcas,Eduardo Bittencourt,Feirão Pontual - 3 Feirões,Gabriel Pereira,12,Até 20,13/08/2026,Até 30 dias,PAGA,Sim,Sim,Sim
51768932000110,Auto Mania (Detalhe Assessoria em Nogocios Ltda),Revenda Multimarcas,Lucilene Rodrigues,Feirão Pontual - 3 Feirões,Luana Marques,0,Sem Estoque,14/08/2026,Até 30 dias,2 PARC ATRASO,Sim,Não,Não
51779230000131,SAO JOAO AUTOMOVEIS LTDA,Revenda Multimarcas,Ana Maria Walfredo Neves,Feirão Pontual - 3 Feirões,Fernanda Souza,4,Até 5,14/05/2026,Acima de 90 dias,2 PARC ATRASO,Sim,Não,Não
51795568000268,MA COMERCIO,RevendaCarro,RENATA LOPES,FEIRÃO SETEMBRO - P,Fernanda Souza,0,Sem Estoque,,Nunca atualizou,PAGA,Sim,Sim,Sim
51797995000102,GRACIOSA VEICULOS LTDA,RevendaCarro,guilherme grochau de oliveira,FEIRÃO SETEMBRO - M,Lucynara Ochiai,33,Até 50,26/08/2026,Até 15 dias,PAGA,Não,Não,Não
51866837000159,Alvorada Multimarcas,Revenda Multimarcas,Jose Eduardo Rosa Costa,Feirão Pontual - 3 Feirões,Andre Souza,11,Até 20,27/08/2026,Até 15 dias,PAGA,Sim,Sim,Sim
51921498000166,BR Garagem Automóveis,Revenda Multimarcas,Roberta Cascaes,Feirão Pontual - 3 Feirões,Gabriel Pereira,0,Sem Estoque,12/05/2026,Acima de 90 dias,PAGA,Sim,Sim,Sim
51973242000100,vila nova veiculos ltda,RevendaCarro,José Floriano da Costa neto,FEIRÃO SETEMBRO - P,Fernanda Souza,0,Sem Estoque,,Nunca atualizou,PAGA,Sim,Não,Não
51989800000118,URUGUAI AUTOMOVEIS LTDA,Revenda Multimarcas,VILMAR SOBCSIK,Feirão Pontual - Feirão Setembro,Gabriel Pereira,1,Até 5,18/05/2026,Acima de 90 dias,PAGA,Sim,Não,Não
52012474000157,L.C de Ávila,RevendaCarro,Patrícia Bilhalva de Oliveira,FEIRÃO SETEMBRO - P,Bruna de Paula,0,Sem Estoque,,Nunca atualizou,PAGA,Sim,Não,Não
52043972000167,AUTO DRIVE,Revenda Multimarcas,Carolina jardim Rocha Araújo,Feirão Pontual - Feirão Setembro,Ludmila Martins,20,Até 20,21/08/2026,Até 15 dias,PAGA,Sim,Não,Não
52095143000128,CDJ AUTOMÓVEIS LTDA,Revenda Multimarcas,Everton Mateus Marczinski,Feirão Pontual - 3 Feirões,Gabriel Pereira,26,Até 30,29/08/2026,Até 15 dias,PAGA,Sim,Sim,Sim
52096253000104,XRP,Revenda Multimarcas,THIAGO ROMERO SOARES Dantas,Feirão Pontual - 3 Feirões,Ruana Figueroa,0,Sem Estoque,,Nunca atualizou,PAGA,Sim,Sim,Sim
52144905000139,THADEU VEICULOS,Revenda Multimarcas,Juliana Nogueira Lemos Gomes,Feirão Pontual - Feirão Setembro,Ludmila Martins,0,Sem Estoque,,Nunca atualizou,PAGA,Sim,Não,Não
52151595000180,Rsj Veiculos,Revenda Multimarcas,Matheus Bueno da Silva,Feirão Pontual - 3 Feirões,Tatiane Silva,29,Até 30,20/08/2026,Até 15 dias,PAGA,Sim,Sim,Sim
5216530000195,Braga Motors Matriz,Concessionária,Aldo Vale de Jesus Júnior,Feirão Pontual - 3 Feirões,,11,Até 20,18/05/2026,Acima de 90 dias,PAGA,Sim,Sim,Sim
52166882000163,SILVA AUTOMOVEIS,Revenda Multimarcas,CHRISLEY MIRANDA SILVA,Feirão Pontual - 3 Feirões,Tatiane Silva,6,Até 10,15/05/2026,Acima de 90 dias,PAGA,Sim,Sim,Sim
52192257000196,Robson Motors,RevendaCarro,Danielli Pontes De Marchi,FEIRÃO SETEMBRO - M,Juliana Grande,0,Sem Estoque,,Nunca atualizou,PAGA,Sim,Sim,Sim
52194895000146,M LEITE VEICULOS,RevendaCarro,Jean Edson de Simas Granito,FEIRÃO SETEMBRO - P,Ludmila Martins,0,Sem Estoque,,Nunca atualizou,PAGA,Não,Não,Não
52208891000170,GW Motors Ltda,RevendaCarro,RENATA LOPES,FEIRÃO SETEMBRO - P,Fernanda Souza,0,Sem Estoque,,Nunca atualizou,PAGA,Não,Não,Não
52231207000170,E & J COMERCIO DE VEICULOS,RevendaCarro,Weslei Harnack,2 FEIROES - P,Gabriel Pereira,0,Sem Estoque,,Nunca atualizou,PAGA,Sim,Não,Não
52255211000179,WSA comércio de veículos Ltda,RevendaCarro,Marcia Portal,2 FEIROES - M,Fernanda Souza,0,Sem Estoque,10/07/2025,Acima de 90 dias,PENDENTE_ACEITE,Não,Não,Não
52264667000103,HOLF AUTOS LTDA,Revenda Multimarcas,MARLENE LAZARA RONCADA ROSSI,Feirão Pontual - 3 Feirões,Andre Souza,32,Até 50,31/08/2026,Até 15 dias,PAGA,Sim,Sim,Sim
52275009000109,Brasil Multimarcas,RevendaCarro,Claudemir Moreira Querubim,FEIRÃO SETEMBRO - P,Tatiane Silva,0,Sem Estoque,,Nunca atualizou,AGUARDANDO_PAGAMENTO,Sim,Não,Não
52277568000158,TONI MOTORS,Revenda Multimarcas,Ricardo Grabert Mandarano,Feirão Pontual - Feirão Setembro,Gabriel Pereira,8,Até 10,25/08/2026,Até 15 dias,PAGA,Sim,Não,Não
52286907000162,SBC MULTIMARCAS,RevendaCarro,Sandra Garus Silva,FEIRÃO SETEMBRO - M,Lucynara Ochiai,0,Sem Estoque,,Nunca atualizou,AGUARDANDO_PAGAMENTO,Não,Não,Não
52311483000149,Theo veiculos ltda,Revenda Multimarcas,Sergio Ricardo Parisio Santos,Feirão Pontual - 3 Feirões,Fernanda Souza,10,Até 10,19/05/2026,Acima de 90 dias,PAGA,Sim,Sim,Sim
52318566000160,BRANGIAN MOTORS LTDA,Revenda Multimarcas,VITOR DA CUNHA MALLMANN,Feirão Pontual - 3 Feirões,Gabriel Pereira,0,Sem Estoque,18/06/2026,61 a 90 dias,1 PARC ATRASO,Sim,Sim,Sim
52321505000151,Bisteca Motors,Revenda Multimarcas,Joao Leonardo Dacheri,Feirão Pontual - Feirão Setembro,Lucynara Ochiai,0,Sem Estoque,,Nunca atualizou,PAGA,Sim,Não,Não
52334226000122,ALTO VEICULOS,RevendaCarro,carolina jardim rocha araujo,FEIRÃO SETEMBRO - P,Ludmila Martins,0,Sem Estoque,,Nunca atualizou,PENDENTE_ACEITE,Não,Não,Não
5234050000157,K.L.B. COMERCIO DE VEICULOS LTDA,RevendaCarro,Lucilene Cristina da Silva Rodrigues,FEIRÃO SETEMBRO - P,Luana Marques,0,Sem Estoque,,Nunca atualizou,PAGA,Não,Sim,Sim
52354481000137,NATUSCH AUTO CERTO LTDA,RevendaCarro,Patrícia Bilhalva de Oliveira,FEIRÃO SETEMBRO - P,Bruna de Paula,1,Até 5,14/05/2026,Acima de 90 dias,PAGA,Sim,Sim,Sim
52361388000150,LUQUE EMPREENDIMENTOS LTDA,RevendaCarro,Pablo Leonardo Oliveira Cazotti,FEIRÃO SETEMBRO - M,Fernanda Souza,0,Sem Estoque,,Nunca atualizou,PAGA,Sim,Não,Não
52394719000158,BESEN AUTOMOVEIS,Concessionária,Everton Mateus Marczinski,Feirão Pontual - 3 Feirões,Gabriel Pereira,5,Até 5,05/08/2026,Até 30 dias,1 PARC ATRASO,Sim,Sim,Sim
52396343000110,J car multimarcas,RevendaCarro,RENAN FELIPE DE OLIVEIRA CHIARI,FEIRÃO SETEMBRO - G,Juliana Grande,0,Sem Estoque,,Nunca atualizou,PAGA,Sim,Sim,Sim
52481829000157,Motors J,Revenda Multimarcas,Ana Paula Maurício,Feirão Pontual - Feirão Setembro,Luana Marques,0,Sem Estoque,,Nunca atualizou,PAGA,Sim,Não,Não
52498302000135,henriques veiculos,RevendaCarro,Rafael augusto fernandes de souza carvalho,FEIRÃO SETEMBRO - P,Juliana Grande,0,Sem Estoque,,Nunca atualizou,PENDENTE_ACEITE,Não,Não,Não
52547558000195,CARANGO SEMINOVOS,RevendaCarro,JONATHAN JOSENIR DA SILVA LIMA,FEIRÃO SETEMBRO - M,Fernanda Souza,0,Sem Estoque,,Nunca atualizou,PAGA,Sim,Não,Não
52582507000102,D E VEICULOS LTDA,RevendaCarro,CARLOS MENDONCA,FEIRÃO SETEMBRO - M,Fernanda Souza,0,Sem Estoque,,Nunca atualizou,PAGA,Sim,Sim,Sim
52591100000133,Pontual Seminovos Ltda,RevendaCarro,Gabriela Viggiano,FEIRÃO SETEMBRO - P,Ludmila Martins,0,Sem Estoque,,Nunca atualizou,PAGA,Sim,Sim,Sim
52594867000116,FERRAZ AUTOMOVEIS LIMITADA,Revenda Multimarcas,Luciano dos Santos,Feirão Pontual - 3 Feirões,Gabriel Pereira,14,Até 20,11/08/2026,Até 30 dias,PAGA,Sim,Sim,Sim
52603888000150,SERGINHO MULTIMARCAS,RevendaCarro,Everton Mateus Marczinski,FEIRÃO SETEMBRO - M,Gabriel Pereira,18,Até 20,11/08/2026,Até 30 dias,PAGA,Não,Não,Não
52609689000150,VERT MOTORS LTDA,Revenda Multimarcas,VALERIA PRISCILA NUNES DE CARVALHO,Feirão Pontual - 3 Feirões,Juliana Grande,38,Até 50,26/08/2026,Até 15 dias,PAGA,Sim,Sim,Sim
52614809000107,RUANA MOTORS LTDA,RevendaCarro,vinicius rosi garcia thereza,FEIRÃO SETEMBRO - M,Juliana Grande,0,Sem Estoque,,Nunca atualizou,PENDENTE_ACEITE,Não,Sim,Sim
52621264000166,RODRIGO DA IMACULADA CONCEICAO,Revenda Multimarcas,WESLEY PAULO GONCALVES,Feirão Pontual - 3 Feirões,Ludmila Martins,56,Até 100,31/08/2026,Até 15 dias,PAGA,Sim,Sim,Sim
52644340000159,CONCRETIZE VEICULOS LTDA,RevendaCarro,Isabella Antunes da Silva,FEIRÃO SETEMBRO - P,Juliana Grande,0,Sem Estoque,,Nunca atualizou,PAGA,Sim,Sim,Sim
52644616000107,RCS CONSULTORIA AUTOMOTIVA,Revenda Multimarcas,João Victor da Silva Torres,Feirão Pontual - 3 Feirões,Ruana Figueroa,15,Até 20,27/08/2026,Até 15 dias,2 PARC ATRASO,Sim,Não,Não
52653834000108,Cerol Car,Revenda Multimarcas,Ariela da silva,Feirão Pontual - 3 Feirões,Gabriel Pereira,58,Até 100,31/08/2026,Até 15 dias,1 PARC ATRASO,Sim,Sim,Sim
52743240000180,AUTOCAR MULTIMARCAS,Revenda Multimarcas,Ana paula Tachinski cardoso,Feirão Pontual - 2 Feirões,Gabriel Pereira,3,Até 5,28/07/2026,31 a 60 dias,PAGA,Sim,Não,Não
52764159000186,Rota Veículos,RevendaCarro,Luis Rodrigues Filho,2 FEIROES - M,Tatiane Silva,0,Sem Estoque,,Nunca atualizou,PENDENTE_ACEITE,Não,Não,Não
52792711000140,Itamarati veículos,Revenda Multimarcas,Pamela Alves,Feirão Pontual - Feirão Setembro,Andre Souza,0,Sem Estoque,,Nunca atualizou,PAGA,Sim,Não,Não
52810825000175,Multi Results seminovos ltda,Revenda Multimarcas,Gleno Jean Alves Coelho,Feirão Pontual - 3 Feirões,,0,Sem Estoque,,Nunca atualizou,PAGA,Sim,Sim,Sim
52834786000146,LEANDRO CAR AUTOMOVEIS LTDA,RevendaCarro,HENRIQUE ALVES GOMES,FEIRÃO SETEMBRO - P,Luana Marques,0,Sem Estoque,25/07/2024,Acima de 90 dias,PAGA,Sim,Não,Não
52886008000109,Fast Motors,Revenda Multimarcas,Karoli Gomes,Feirão Pontual - Feirão Setembro,Juliana Grande,38,Até 50,03/07/2026,31 a 60 dias,PAGA,Sim,Não,Não
52920788000158,Henricar Multimarcas,RevendaCarro,Manoel Messias da Silva Júnior,FEIRÃO SETEMBRO - M,Andre Souza,0,Sem Estoque,,Nunca atualizou,PENDENTE_ACEITE,Não,Não,Não
52923155000101,GARAGEM V8,Revenda Multimarcas,Ana Maria Walfredo Neves,Feirão Pontual - 3 Feirões,Fernanda Souza,4,Até 5,29/05/2026,Acima de 90 dias,PAGA,Sim,Sim,Sim
5293235000132,BRUNO & BRUNO VEICULOS JOSE BONIFACIO LTDA. - ME,RevendaCarro,Luana Ferreira,FEIRÃO SETEMBRO - M,Juliana Grande,0,Sem Estoque,18/12/2018,Acima de 90 dias,PAGA,Sim,Sim,Sim
52948690000109,JOAOZINHO AUTOMOVEIS,RevendaCarro,IGOR DE MORAES ALCANTARA,FEIRÃO SETEMBRO - M,Fernanda Souza,0,Sem Estoque,,Nunca atualizou,PENDENTE_ACEITE,Não,Não,Não
52954295000139,Everest motors,Revenda Multimarcas,Cristiane Coelho challub Figueiredo,Feirão Pontual - Feirão Setembro,Ludmila Martins,0,Sem Estoque,,Nunca atualizou,PAGA,Sim,Não,Não
52980247000115,Riconsulting Motors Comércio e Corretagem de Veículos Ltda,Revenda Multimarcas,Janine aparecida Sales araujo,Feirão Pontual - 2 Feirões,Fernanda Souza,34,Até 50,27/08/2026,Até 15 dias,PAGA,Sim,Não,Não
53073266000120,WS CARS VEICULOS LTDA,RevendaCarro,Eduardo José Cheim Rodrigues,FEIRÃO SETEMBRO - M,Lucynara Ochiai,0,Sem Estoque,,Nunca atualizou,PENDENTE_ACEITE,Não,Não,Não
53087236000173,B p Rodrigues LTDA,RevendaCarro,Patrícia Bilhalva de Oliveira,FEIRÃO SETEMBRO - P,Bruna de Paula,0,Sem Estoque,,Nunca atualizou,PAGA,Não,Não,Não
53104415000171,DANCAR SELECT LTDA,RevendaCarro,Lia Raquel Fernandes Cardozo,FEIRÃO SETEMBRO - M,Fernanda Souza,0,Sem Estoque,,Nunca atualizou,PAGA,Sim,Sim,Sim
53142315000130,B ALMEIDA J COMERCIO DE VEICULOS,RevendaCarro,Ricardo Furigo,FEIRÃO SETEMBRO - P,Juliana Grande,0,Sem Estoque,,Nunca atualizou,PAGA,Sim,Sim,Sim
53146808000148,2 Irmãos Veículos,RevendaCarro,Carlos Eduardo,FEIRÃO SETEMBRO - P,Andre Souza,0,Sem Estoque,,Nunca atualizou,PAGA,Sim,Sim,Sim
53211044000127,DVR MOTORS MULTIMARCAS LTDA,RevendaCarro,Mateus Adjuto Campos,FEIRÃO SETEMBRO - P,Juliana Grande,0,Sem Estoque,,Nunca atualizou,PAGA,Sim,Sim,Sim
53258915000168,Avance  k,Revenda Multimarcas,rafael soares pacheco,Feirão Pontual - 3 Feirões,Gabriel Pereira,17,Até 20,24/08/2026,Até 15 dias,PAGA,Sim,Sim,Sim
53284468000111,CARCONECT MULTIMARCA LTDA,Revenda Multimarcas,GUSTAVO ISAC ROSA,Feirão Pontual - 3 Feirões,Tatiane Silva,12,Até 20,21/08/2026,Até 15 dias,AGUARDANDO_PAGAMENTO,Sim,Não,Não
53338618000122,FURTADO & CARNEIRO COMERCIO DE VEICULOS E LOCACAO LTDA,Revenda Multimarcas,ALDENEI PEREIRA DOS SANTOS DA SILVA,Feirão Pontual - Feirão Setembro,Tatiane Silva,25,Até 30,31/08/2026,Até 15 dias,PAGA,Sim,Não,Não
53352061000184,RAROS MOTORS COMERCIO DE VEICULOS LTDA,RevendaCarro,Jeferson wellinton cavalcante matos,2 FEIROES - M,Tatiane Silva,0,Sem Estoque,,Nunca atualizou,PAGA,Sim,Sim,Sim
53389310000106,ML MOTORS,Revenda Multimarcas,EVERTON MATEUS MARCZINSKI,Feirão Pontual - 2 Feirões,Gabriel Pereira,0,Sem Estoque,,Nunca atualizou,PAGA,Sim,Não,Não
53454554000125,DEJOTA VEÍCULOS,RevendaCarro,Neide Tomaz da Costa,FEIRÃO SETEMBRO - P,Ludmila Martins,23,Até 30,15/08/2026,Até 30 dias,PAGA,Sim,Sim,Sim
53476870000106,Le Mans Multimarcas,Revenda Multimarcas,Weslei Harnack,Feirão Pontual - 3 Feirões,Gabriel Pereira,33,Até 50,26/08/2026,Até 15 dias,PAGA,Sim,Sim,Sim
53497369000118,AUTO LIMA MULTIMARCAS LTDA,Revenda Multimarcas,WESLEY PAULO GONCALVES,Feirão Pontual - 3 Feirões,Ludmila Martins,12,Até 20,26/08/2026,Até 15 dias,PAGA,Sim,Sim,Sim
53515494000103,DLX MULTIMARCAS,Revenda Multimarcas,Victoria Barreiro,Feirão Pontual - 3 Feirões,Luana Marques,16,Até 20,31/08/2026,Até 15 dias,PAGA,Sim,Sim,Sim
53591229000104,EWF MULTIMARCAS,RevendaCarro,Marcelo Fabiano Derato de Souza,FEIRÃO SETEMBRO - G,Juliana Grande,0,Sem Estoque,13/08/2025,Acima de 90 dias,PAGA,Sim,Não,Não
53633175000100,JH COMERCIO E SERVICOS LTDA/2F CAR,RevendaCarro,EDGARD TAVARES DE SOUZA JUNIOR,FEIRÃO SETEMBRO - M,Fernanda Souza,0,Sem Estoque,,Nunca atualizou,PAGA,Não,Não,Não
5365156000190,M & M COMERCIO DE PECAS E EQUIPAMENTOS LTDA.,Revenda Multimarcas,ANTONIO WANDESON DUARTE PEREIRA,Feirão Pontual - 3 Feirões,Fernanda Souza,1,Até 5,12/08/2026,Até 30 dias,PAGA,Sim,Sim,Sim
53651885000155,ITA075 COMPRA E VENDA DE VEICULOS LTDA,RevendaCarro,Vinicio Cerqueira bispo,FEIRÃO SETEMBRO - P,Fernanda Souza,0,Sem Estoque,,Nunca atualizou,PAGA,Sim,Não,Não
53668938000140,B&E Veículos,Revenda Multimarcas,Thiago Dalforne de Sousa,Feirão Pontual - Feirão Setembro,Fernanda Souza,0,Sem Estoque,,Nunca atualizou,PAGA,Sim,Não,Não
53674535000104,Vpv,RevendaCarro,sarah cristine Macedo de souza,FEIRÃO SETEMBRO - P,Ludmila Martins,0,Sem Estoque,,Nunca atualizou,PENDENTE_ACEITE,Não,Sim,Sim
53705743000123,Souza Car,Revenda Multimarcas,Marcos Luís Freitas de Santana,Feirão Pontual - 3 Feirões,Fernanda Souza,23,Até 30,19/08/2026,Até 15 dias,PAGA,Sim,Sim,Sim
53756430000102,3AUTOS COMERCIO E LOCACAO DE AUTOMOVEIS LTDA,RevendaCarro,Janine aparecida Sales Araújo,FEIRÃO SETEMBRO - G,Fernanda Souza,27,Até 30,07/07/2026,31 a 60 dias,PAGA,Sim,Sim,Sim
53773832000107,BW CAR LOCACOES E SERVICOS LTDA,Revenda Multimarcas,HENRIQUE ALVES GOMES,Feirão Pontual - Feirão Setembro,Luana Marques,0,Sem Estoque,,Nunca atualizou,AGUARDANDO_PAGAMENTO,Sim,Não,Não
53854706000187,CAR WILL MULTIMARCAS,RevendaCarro,Brian laurentino,FEIRÃO SETEMBRO - M,Juliana Grande,0,Sem Estoque,,Nunca atualizou,AGUARDANDO_PAGAMENTO,Não,Não,Não
53876738000183,MIX COMERCIO DE VEICULOS LTDA,RevendaCarro,Ana Maria Walfredo Neves,FEIRÃO SETEMBRO - P,Fernanda Souza,0,Sem Estoque,,Nunca atualizou,PAGA,Não,Não,Não
53999318000194,cj comercio de veiculos e motos ltda,RevendaCarro,FILLIPE DE FARIAS BARRETO MENESES,FEIRÃO SETEMBRO - P,Ruana Figueroa,0,Sem Estoque,,Nunca atualizou,PAGA,Não,Não,Não
54011061000183,MB PARTICIPACOES SOCIETARIAS LTDA,Revenda Multimarcas,Jefferson Clayton Lourenco,Feirão Pontual - 3 Feirões,Tatiane Silva,125,Acima 101,31/08/2026,Até 15 dias,PAGA,Sim,Sim,Sim
54066673000173,TAUFER COMERCIO DE VEICULOS LTDA,Revenda Multimarcas,Janaina Regina Dalberto,Feirão Pontual - Feirão Setembro,Gabriel Pereira,0,Sem Estoque,,Nunca atualizou,PAGA,Sim,Não,Não
54070851000130,Sucesso Car,Revenda Multimarcas,Lucilene Cristina da Silva Rodrigues,Feirão Pontual - Feirão Setembro,Luana Marques,0,Sem Estoque,14/02/2026,Acima de 90 dias,PAGA,Sim,Não,Não
54072120000123,Pierre veiculos CG,RevendaCarro,Eduardo ferreira chagas,FEIRÃO SETEMBRO - P,Ruana Figueroa,0,Sem Estoque,,Nunca atualizou,PAGA,Não,Não,Não
54091123000104,GHVEL VEÍCULOS,RevendaCarro,LUIZ FELIPE BATISTA PEREIRA,FEIRÃO SETEMBRO - P,Ludmila Martins,0,Sem Estoque,,Nunca atualizou,PAGA,Sim,Não,Não
54112992000178,R M COMERCIO DE VEICULOS LTDA,Revenda Multimarcas,Keity Marielly santos da Silva,Feirão Pontual - 3 Feirões,Fernanda Souza,10,Até 10,25/05/2026,Acima de 90 dias,PAGA,Sim,Sim,Sim
54186775000122,LUIZ FELIPE LIMA DINIZ BUENO LTDA,RevendaCarro,Adriano Diwo da silva,FEIRÃO SETEMBRO - M,Ludmila Martins,0,Sem Estoque,,Nunca atualizou,PENDENTE_ACEITE,Não,Não,Não
54201382000140,Pereira e Oliveira Veículos Ltda,RevendaCarro,Luiz Fernando Ferreira Henrique,FEIRÃO SETEMBRO - M,Juliana Grande,0,Sem Estoque,,Nunca atualizou,PENDENTE_ACEITE,Não,Não,Não
54215830000165,The seminovos Ltda,RevendaCarro,Annalya Karoline santos Sampaio,FEIRÃO SETEMBRO - M,Fernanda Souza,0,Sem Estoque,,Nunca atualizou,PAGA,Não,Sim,Sim
54221231000154,Vm Veiculos Ltda,RevendaCarro,Tauan da Rosa Teixeira,FEIRÃO SETEMBRO - M,Gabriel Pereira,0,Sem Estoque,,Nunca atualizou,PAGA,Sim,Não,Não
54237666000197,Rubens Veiculos LTDA,RevendaCarro,JAILSON MORAES,FEIRÃO SETEMBRO - M,Gabriel Pereira,0,Sem Estoque,,Nunca atualizou,PAGA,Sim,Sim,Sim
54252110000170,Tome Motors Ltda,RevendaCarro,Plinio Viani Rangel de Farias,FEIRÃO SETEMBRO - M,Luana Marques,0,Sem Estoque,,Nunca atualizou,PAGA,Sim,Sim,Sim
54267463000143,Remaza Ibirapuera,Concessionária,RODRIGO RAMOS DA SILVA,Feirão Pontual - 3 Feirões,Juliana Grande,0,Sem Estoque,01/04/2026,Acima de 90 dias,PAGA,Sim,Não,Não
54267463001387,Remaza Santana,Concessionária,FABRICIO RENATO DE FREITAS,Feirão Pontual - 3 Feirões,Juliana Grande,13,Até 20,17/04/2026,Acima de 90 dias,PAGA,Sim,Não,Não
54267463001549,Remaza ABC,Concessionária,VERONICA GOMES,Feirão Pontual - 3 Feirões,Juliana Grande,31,Até 50,17/04/2026,Acima de 90 dias,PAGA,Sim,Não,Não
54267463001620,Remaza Tatuape,Concessionária,MARCELO CESARIO NASCIMENTO,Feirão Pontual - 3 Feirões,Luana Marques,3,Até 5,24/08/2026,Até 15 dias,PAGA,Sim,Não,Não
54267463001891,Remaza Butantã,Concessionária,MARCELO CESARIO NASCIMENTO,Feirão Pontual - 3 Feirões,Luana Marques,7,Até 10,16/04/2026,Acima de 90 dias,1 PARC ATRASO,Sim,Não,Não
54267463002006,Remaza Taboão,Concessionária,VERONICA GOMES,Feirão Pontual - 3 Feirões,Juliana Grande,16,Até 20,22/05/2026,Acima de 90 dias,1 PARC ATRASO,Sim,Não,Não
54267463002197,Remaza Carrão,Concessionária,MARCELO CESARIO NASCIMENTO,Feirão Pontual - 3 Feirões,Luana Marques,20,Até 20,01/06/2026,Acima de 90 dias,PAGA,Sim,Não,Não
54267463002510,Honda Moto Remaza IPIRANGA,Concessionária,RODRIGO RAMOS DA SILVA,Feirão Pontual - 3 Feirões,Juliana Grande,5,Até 5,19/05/2026,Acima de 90 dias,PAGA,Sim,Não,Não
54267463003088,Remaza Diadema,Concessionária,VERONICA GOMES,Feirão Pontual - 3 Feirões,Juliana Grande,48,Até 50,01/07/2026,61 a 90 dias,1 PARC ATRASO,Sim,Não,Não
54267463003169,Remaza Assunção,Concessionária,VERONICA GOMES,Feirão Pontual - 3 Feirões,Juliana Grande,40,Até 50,20/05/2026,Acima de 90 dias,PAGA,Sim,Não,Não
54267463003240,Remaza Rudde Ramos,Concessionária,VERONICA GOMES,Feirão Pontual - 3 Feirões,Juliana Grande,18,Até 20,15/08/2026,Até 30 dias,PAGA,Sim,Não,Não
54267463003320,Remaza Pacaembu,Concessionária,RODRIGO RAMOS DA SILVA,Feirão Pontual - 3 Feirões,Juliana Grande,20,Até 20,08/04/2026,Acima de 90 dias,PAGA,Sim,Não,Não
54267463003401,Moto Remaza Centro,Concessionária,FABRICIO RENATO DE FREITAS,Feirão Pontual - 3 Feirões,Juliana Grande,12,Até 20,15/04/2026,Acima de 90 dias,PAGA,Sim,Não,Não
54280091000195,FLP MULTIMARCAS LTDA,Revenda Multimarcas,Eduardo Bittencourt,Feirão Pontual - 3 Feirões,Gabriel Pereira,20,Até 20,27/08/2026,Até 15 dias,PAGA,Sim,Sim,Sim
54283860000109,D CAR VEICULOS,RevendaCarro,Rodolfo Santos de Assunção Tirolli,FEIRÃO SETEMBRO - M,Juliana Grande,0,Sem Estoque,,Nunca atualizou,PAGA,Não,Não,Não
54302938000195,Forte Multimarcas,RevendaCarro,Sheldon Expedito Sousa Santos,FEIRÃO SETEMBRO - M,Tatiane Silva,0,Sem Estoque,,Nunca atualizou,PAGA,Não,Não,Não
54320232000156,AVANT MULTIMARCAS BOITUVA LTDA,RevendaCarro,caiqui cabral,2 FEIROES - P,Juliana Grande,0,Sem Estoque,13/09/2024,Acima de 90 dias,PAGA,Não,Não,Não
54361792000159,BRASILIA VEICULOS COMERCIO E SERVICOS LTDA,RevendaCarro,affonso vinicius mansano reck,FEIRÃO SETEMBRO - M,Juliana Grande,0,Sem Estoque,,Nunca atualizou,PAGA,Sim,Sim,Sim
54379119000146,APS MULTIMARCAS,RevendaCarro,Luis Rodrigues Filho,2 FEIROES - M,Tatiane Silva,0,Sem Estoque,,Nunca atualizou,PAGA,Não,Não,Não
54427841000109,Miguel motors,Revenda Multimarcas,Ariela da Silva,Feirão Pontual - 3 Feirões,Gabriel Pereira,10,Até 10,24/08/2026,Até 15 dias,PAGA,Sim,Sim,Sim
54503498000134,Destaque Comercio Varejista de Veiculos LTDA,Revenda Multimarcas,FELIPE CALDAS,Feirão Pontual - 3 Feirões,Ruana Figueroa,12,Até 20,27/08/2026,Até 15 dias,PAGA,Sim,Sim,Sim
54508248000197,GABRIEL VEICULOS E LOCADORA LTDA,RevendaCarro,Thamara Resende Sousa,2 FEIROES - M,Ludmila Martins,0,Sem Estoque,,Nunca atualizou,PAGA,Não,Não,Não
54564920000161,PIT STOP CAR LTDA,Revenda Multimarcas,Weslei Harnack,Feirão Pontual - 2 Feirões,Gabriel Pereira,23,Até 30,17/08/2026,Até 15 dias,PAGA,Sim,Não,Não
54638121000192,IMPERIO VEICULOS,RevendaCarro,carolina jardim rocha araujo,FEIRÃO SETEMBRO - P,Ludmila Martins,0,Sem Estoque,,Nunca atualizou,PAGA,Não,Sim,Sim
54697995000110,Auto Moreira,Revenda Multimarcas,Cinthya Wallenska Castro Cunha de Moura,Feirão Pontual - 3 Feirões,Ruana Figueroa,5,Até 5,27/03/2026,Acima de 90 dias,1 PARC ATRASO,Sim,Sim,Sim
54708261000190,Safieddine multimarcas,Revenda Multimarcas,Tayana Regina da Silva Martins,Feirão Pontual - 3 Feirões,Lucynara Ochiai,39,Até 50,31/08/2026,Até 15 dias,PAGA,Sim,Sim,Sim
54796590000130,Neext fácil,RevendaCarro,Fabiana Pereira Quintiliano dos Reis,FEIRÃO SETEMBRO - M,Juliana Grande,0,Sem Estoque,,Nunca atualizou,PAGA,Não,Não,Não
54804212000150,N G PINTO,Revenda Multimarcas,ALINE TICIANE SARAIVA QUEIROZ,Feirão Pontual - 3 Feirões,Ruana Figueroa,1,Até 5,06/07/2026,31 a 60 dias,PAGA,Sim,Sim,Sim
54853984000182,GRANDO AUTOMOVEIS LTDA,RevendaCarro,Luciano dos santos,FEIRÃO SETEMBRO - M,Gabriel Pereira,0,Sem Estoque,,Nunca atualizou,PAGA,Sim,Sim,Sim
54882860000125,ROTA 66 LANCE BH LTDA,RevendaCarro,Nathalia Pereira de Oliveira,FEIRÃO SETEMBRO - P,Ludmila Martins,17,Até 20,10/03/2025,Acima de 90 dias,AGUARDANDO_PAGAMENTO,Não,Sim,Sim
54901378000195,GIUBILATO MOTORS RP LTDA / RENAN MULTIMARCAS,RevendaCarro,Thiago Roberto mariano Gregório,FEIRÃO SETEMBRO - M,Andre Souza,0,Sem Estoque,,Nunca atualizou,PAGA,Sim,Não,Não
5490441000132,Quest Multimarcas LTDA,RevendaCarro,Alvaro de Moura Lima Junior,FEIRÃO SETEMBRO - G,Luana Marques,120,Acima 101,31/08/2026,Até 15 dias,PAGA,Não,Sim,Sim
54922001000112,GT VEICULOS ARAPIRFACA LTDA,Revenda Multimarcas,KRYSLAISA FONSECA FERRO,Feirão Pontual - 3 Feirões,Fernanda Souza,10,Até 10,27/06/2026,61 a 90 dias,1 PARC ATRASO,Sim,Sim,Sim
54992662000114,RECH VEICULOS,Revenda Multimarcas,Diego de Moraes Subtil,Feirão Pontual - Feirão Setembro,Gabriel Pereira,0,Sem Estoque,,Nunca atualizou,PAGA,Sim,Não,Não
55009739000156,Raniere veículos,RevendaCarro,KRYSLAISA FONSECA FERRO,FEIRÃO SETEMBRO - P,Fernanda Souza,0,Sem Estoque,,Nunca atualizou,PAGA,Sim,Não,Não
55061680000145,Audace Selection,Revenda Multimarcas,João Vitor Salvador dos Santos,Feirão Pontual - Feirão Setembro,Gabriel Pereira,0,Sem Estoque,,Nunca atualizou,PAGA,Sim,Não,Não
55077034000176,Panther Motors Multimarcas LTDA,Revenda Multimarcas,Poliane Lopes de Souza Penido,Feirão Pontual - 3 Feirões,Ludmila Martins,17,Até 20,09/06/2026,61 a 90 dias,3 PARC ATRASO,Sim,Não,Não
55078871000110,ATM MOTOS LTDA,RevendaMoto,Thamara Resende Sousa,2 FEIROES - M,Ludmila Martins,0,Sem Estoque,,Nunca atualizou,PAGA,Não,Não,Não
55145085000198,SAULO FERREIRA COMÉRCIO DE VEÍCULOS LTDA,RevendaCarro,Danilo Prado Santos,FEIRÃO SETEMBRO - P,Fernanda Souza,0,Sem Estoque,,Nunca atualizou,PAGA,Sim,Não,Não
55295252000187,Kohl Veiculos,Revenda Multimarcas,Everton Mateus Marczinski,Feirão Pontual - 3 Feirões,Gabriel Pereira,9,Até 10,20/07/2026,31 a 60 dias,PAGA,Sim,Sim,Sim
5531088000191,FABRICIO ZIMMERMANN,RevendaCarro,JAILSON MORAES,FEIRÃO SETEMBRO - G,Gabriel Pereira,81,Até 100,31/08/2026,Até 15 dias,PAGA,Não,Não,Não
55341505000101,Wm Autocar,RevendaCarro,Maicon Augusto de castro,FEIRÃO SETEMBRO - M,Bruna de Paula,20,Até 20,28/08/2026,Até 15 dias,PAGA,Sim,Não,Não
55401281000186,RM MOTORS PREMIUM,RevendaCarro,Igor Gonçalves,FEIRÃO SETEMBRO - M,Tatiane Silva,0,Sem Estoque,,Nunca atualizou,PAGA,Não,Sim,Sim
55409945000153,ROYAL MOTORS,RevendaCarro,Rui de Almeida Oliveira,FEIRÃO SETEMBRO - P,Juliana Grande,0,Sem Estoque,,Nunca atualizou,PAGA,Não,Não,Não
55437728000177,San Diego Multimarcas LTDA,Revenda Multimarcas,Carolina Araujo de Paiva Franci,Feirão Pontual - 3 Feirões,Juliana Grande,23,Até 30,04/07/2026,31 a 60 dias,PAGA,Sim,Sim,Sim
55471848000190,Luiz Car Veiculos e Financiamentos LTDA,RevendaCarro,Luiz Gustavo Leite De Almeida,FEIRÃO SETEMBRO - P,Ruana Figueroa,0,Sem Estoque,,Nunca atualizou,PAGA,Sim,Não,Não
55537489000127,IMPERIO DOS VEICULOS,Revenda Multimarcas,LIA RAQUEL FERNANDES CARDOZO,Feirão Pontual - 3 Feirões,Fernanda Souza,7,Até 10,01/07/2026,61 a 90 dias,3 PARC ATRASO,Sim,Não,Não
55551883000110,Bnf Veiculos LTDA,Revenda Multimarcas,Matheus Cuty,Feirão Pontual - Feirão Setembro,Gabriel Pereira,15,Até 20,30/08/2026,Até 15 dias,PAGA,Sim,Não,Não
55553623000183,Luciane pantoja Pinto,RevendaCarro,Denise Rocha da Costa,FEIRÃO SETEMBRO - P,Fernanda Souza,0,Sem Estoque,,Nunca atualizou,PAGA,Não,Não,Não
55576595000110,MAGESTE COMERCIO DE VEICULOS LTDA,Revenda Multimarcas,Carolina jardim Rocha Araújo,Feirão Pontual - Feirão Setembro,Ludmila Martins,0,Sem Estoque,,Nunca atualizou,PAGA,Sim,Não,Não
55626357000171,M7 automóveis,RevendaCarro,Diego Jak Poczynek,FEIRÃO SETEMBRO - P,Lucynara Ochiai,0,Sem Estoque,,Nunca atualizou,AGUARDANDO_PAGAMENTO,Não,Não,Não
55631464000198,JG Motors,Revenda Multimarcas,rafael soares pacheco,Feirão Pontual - 3 Feirões,Gabriel Pereira,9,Até 10,17/08/2026,Até 15 dias,PAGA,Sim,Sim,Sim
55645870000100,FABIANO AUTOMOVEIS LTDA,Revenda Multimarcas,EVERSON GARCIA VIEIRA,Feirão Pontual - 3 Feirões,Ludmila Martins,22,Até 30,27/07/2026,31 a 60 dias,2 PARC ATRASO,Sim,Não,Não
55657452000132,CARTECH VEICULOS,RevendaCarro,Evandro fernando Machado Marczinski,FEIRÃO SETEMBRO - M,Gabriel Pereira,0,Sem Estoque,,Nunca atualizou,PAGA,Sim,Não,Não
55691377000126,PAGANI MOTORS LTDA,RevendaCarro,Rosangela Maria Moura Monteiro,FEIRÃO SETEMBRO - M,Lucynara Ochiai,21,Até 30,28/08/2026,Até 15 dias,PAGA,Sim,Sim,Sim
55757463000194,Auto R,RevendaCarro,Karina Pasquarelli Oliveira,FEIRÃO SETEMBRO - P,Juliana Grande,0,Sem Estoque,,Nunca atualizou,PAGA,Não,Sim,Sim
55769009000153,VITORIOSO COMERCIO DE VEICULOS LTDA,RevendaCarro,Luciane Moreira Mancini,FEIRÃO SETEMBRO - G,Andre Souza,13,Até 20,31/08/2026,Até 15 dias,PAGA,Não,Não,Não
55780395000184,AD ASTRA MOTORS LTDA,RevendaCarro,RONALD VERONEZE AGUIAR,2 FEIROES - M,Ludmila Martins,0,Sem Estoque,,Nunca atualizou,PAGA,Não,Não,Não
55847885000150,CENTRALCAR VEICULOS LTDA,RevendaCarro,francielle cisenski,FEIRÃO SETEMBRO - M,Gabriel Pereira,2,Até 5,15/05/2026,Acima de 90 dias,PAGA,Sim,Não,Não
55853692000102,TF2 MOTORS,Revenda Multimarcas,ALDENEI PEREIRA DOS SANTOS DA SILVA,Feirão Pontual - Feirão Setembro,Tatiane Silva,0,Sem Estoque,,Nunca atualizou,PAGA,Sim,Não,Não
55864805000175,AMIGAO VEICULOS,Revenda Multimarcas,Glauber Beloto,Feirão Pontual - 3 Feirões,Juliana Grande,19,Até 20,31/08/2026,Até 15 dias,PAGA,Sim,Sim,Sim
55865481000190,Marro Comércio e Negócios de Veículos Ltda,Revenda Multimarcas,Lucas Hungria Soares Silva,Feirão Pontual - Feirão Setembro,Ludmila Martins,13,Até 20,28/08/2026,Até 15 dias,PAGA,Sim,Não,Não
55960628000120,Multivel,Revenda Multimarcas,Diego Jak Poczynek,Feirão Pontual - Feirão Setembro,Lucynara Ochiai,24,Até 30,29/08/2026,Até 15 dias,PAGA,Sim,Não,Não
56128098000111,RC AUTOS COMERCIO DE AUTOMOVEIS LTDA,RevendaCarro,EDGARD TAVARES DE SOUZA JUNIOR,FEIRÃO SETEMBRO - M,Fernanda Souza,23,Até 30,14/08/2026,Até 30 dias,PAGA,Não,Não,Não
56130083000198,STUDIOCAR LOJA DE VEICULOS LTDA,RevendaCarro,Tábata Regina Pereira Lima,FEIRÃO SETEMBRO - P,Juliana Grande,0,Sem Estoque,19/07/2025,Acima de 90 dias,PAGA,Não,Sim,Sim
56153878000111,M2 MULTIMARCAS LTDA,Revenda Multimarcas,CAMILA MENDES SANTOS MOREIRA,Feirão Pontual - Feirão Setembro,Luana Marques,0,Sem Estoque,,Nunca atualizou,AGUARDANDO_PAGAMENTO,Sim,Não,Não
56298968000109,L M R COMERCIO DE VEICULOS LTDA,RevendaCarro,Helder Moreira Costa,FEIRÃO SETEMBRO - P,Juliana Grande,0,Sem Estoque,,Nunca atualizou,PAGA,Não,Não,Não
56348158000101,JK MULTIMARCAS LTDA,RevendaCarro,Marcella Guimaraes Souza,FEIRÃO SETEMBRO - M,Ludmila Martins,0,Sem Estoque,,Nunca atualizou,PENDENTE_ACEITE,Não,Não,Não
56433270000140,GW CAR LTDA,RevendaCarro,Nilson De Caldas Nascimento,FEIRÃO SETEMBRO - M,Tatiane Silva,0,Sem Estoque,,Nunca atualizou,PAGA,Sim,Não,Não
56660165000144,PASUCH COMERCIO DE VEICULOS LTDA,Revenda Multimarcas,MARCOS AZAMBUJA,Feirão Pontual - 3 Feirões,,36,Até 50,31/08/2026,Até 15 dias,PAGA,Sim,Sim,Sim
5667545000170,REAL CAR,Revenda Multimarcas,eduardo ferreira chagas,Feirão Pontual - 3 Feirões,Ruana Figueroa,2,Até 5,15/06/2026,61 a 90 dias,1 PARC ATRASO,Sim,Sim,Sim
56930319000170,Alfa Premium,Revenda Multimarcas,Muriel Thais Engeroff Barcellos,Feirão Pontual - Feirão Setembro,Bruna de Paula,0,Sem Estoque,,Nunca atualizou,PAGA,Sim,Não,Não
56933240000101,K MOTORS COMÉRCIO DE VEÍCULOS,RevendaCarro,Clicia Souza dos Santos,FEIRÃO SETEMBRO - M,Gabriel Pereira,0,Sem Estoque,,Nunca atualizou,PAGA,Sim,Sim,Sim
57079740000182,NOVA CAR,Revenda Multimarcas,Wesley Paulo Gonçalves,Feirão Pontual - 2 Feirões,Ludmila Martins,27,Até 30,29/08/2026,Até 15 dias,PAGA,Sim,Não,Não
57094288000128,Victor Alexandre Felix P. Leite Ltda,Revenda Multimarcas,SHIRLLEY BLAIR SOUSA ARAUJO,Feirão Pontual - 3 Feirões,Ruana Figueroa,0,Sem Estoque,,Nunca atualizou,PAGA,Sim,Sim,Sim
57114800000150,PEREIRA AUTOMOVEIS COMERCIO DE VEICULOS LTDA,RevendaCarro,francielle cisenski,FEIRÃO SETEMBRO - M,Gabriel Pereira,0,Sem Estoque,,Nunca atualizou,PAGA,Sim,Não,Não
57137664000114,MISTERCARS MOTORS LTDA,RevendaCarro,Sidnei Miranda Sousa,FEIRÃO SETEMBRO - P,Fernanda Souza,4,Até 5,30/08/2026,Até 15 dias,PAGA,Sim,Sim,Sim
57149483000108,MF AUTOMOVEIS,Revenda Multimarcas,DIEGO DE MORAES SUBTIL,Feirão Pontual - 2 Feirões,Gabriel Pereira,0,Sem Estoque,,Nunca atualizou,AGUARDANDO_PAGAMENTO,Sim,Não,Não
57167588000190,GIANE TREVISO SOBRINHO,RevendaCarro,Gabriel furlan,FEIRÃO SETEMBRO - M,Juliana Grande,0,Sem Estoque,,Nunca atualizou,PAGA,Sim,Sim,Sim
57230358000128,GF 7 VEICULOS LTDA,RevendaCarro,Bruno Bocaletti,FEIRÃO SETEMBRO - P,Juliana Grande,0,Sem Estoque,,Nunca atualizou,PAGA,Não,Não,Não
57230921000168,IMPERIUM MOTORS LTDA,RevendaCarro,DHIULYA TORELLA,FEIRÃO SETEMBRO - P,Tatiane Silva,0,Sem Estoque,08/02/2025,Acima de 90 dias,PAGA,Sim,Não,Não
57260646000125,FB MOTORS PIRACICABA,Revenda Multimarcas,Rogerio Andre Torello,Feirão Pontual - 3 Feirões,Juliana Grande,58,Até 100,31/08/2026,Até 15 dias,PAGA,Sim,Sim,Sim
57312545000150,LM Mottors Ltda,RevendaCarro,MARCOS ROBERTO OLIVEIRA DA SILVA,FEIRÃO SETEMBRO - M,Luana Marques,0,Sem Estoque,26/09/2025,Acima de 90 dias,PAGA,Não,Não,Não
57340439000180,GPCAR VEICULOS LTDA,RevendaCarro,Loysa Renata Cordeiro de Souza,FEIRÃO SETEMBRO - M,Tatiane Silva,0,Sem Estoque,,Nunca atualizou,PAGA,Sim,Sim,Sim
57413400000146,Auto Premium automóveis ltda,RevendaCarro,Antônio alexandre Nogueira lazaro,FEIRÃO SETEMBRO - P,Juliana Grande,0,Sem Estoque,,Nunca atualizou,PAGA,Sim,Sim,Sim
57453648000130,APEXX MOTORS COMERCIO DE VEICULOS LTDA,Revenda Multimarcas,Fernanda Meinchein da Silva Pinheiro,Feirão Pontual - 2 Feirões,Gabriel Pereira,54,Até 100,31/08/2026,Até 15 dias,PAGA,Sim,Não,Não
57489442000160,Tramontin Automoveis Ltda,Revenda Multimarcas,Everton Mateus Marczinski,Feirão Pontual - 3 Feirões,Gabriel Pereira,39,Até 50,31/08/2026,Até 15 dias,1 PARC ATRASO,Sim,Sim,Sim
57541825000130,Raff Car Comercio de Veiculos Ltda,RevendaCarro,Eduardo José Cheim Rodrigues,FEIRÃO SETEMBRO - M,Lucynara Ochiai,0,Sem Estoque,,Nunca atualizou,PAGA,Não,Não,Não
57598201000150,LUMA CARREIRO COMERCIO DE VEICULOS LTDA,RevendaCarro,Fernanda Almeida,FEIRÃO SETEMBRO - P,Juliana Grande,0,Sem Estoque,,Nunca atualizou,PAGA,Não,Não,Não
57602714000197,Auto Max,Revenda Multimarcas,Annalya karoline santos sampaio,Feirão Pontual - 3 Feirões,Fernanda Souza,0,Sem Estoque,02/09/2024,Acima de 90 dias,PAGA,Sim,Sim,Sim
57629889000198,IC INVESTIMENTO COMPARTILHADO AUTOS LTDA,RevendaCarro,Elisa Siqueira dos Santos,FEIRÃO SETEMBRO - M,Juliana Grande,0,Sem Estoque,,Nunca atualizou,PAGA,Sim,Não,Não
57681770000164,Dcar veículos,Revenda Multimarcas,JOAO PEDRO DE BRITO SOUZA,Feirão Pontual - 3 Feirões,,4,Até 5,03/06/2026,61 a 90 dias,PAGA,Sim,Sim,Sim
57689561000167,PLENITUDE COMERCIO DE AUTOMOVEIS E SERVICOS LTDA,Revenda Multimarcas,Plinio Viani Rangel de Farias,Feirão Pontual - Feirão Setembro,Luana Marques,0,Sem Estoque,27/06/2025,Acima de 90 dias,EM PROCESSAMENTO,Sim,Não,Não
57724780000130,YELLOW CAR COMERCIO DE AUTOMOVEIS LTDA,Revenda Multimarcas,Jefferson Clayton Lourenco,Feirão Pontual - 3 Feirões,Tatiane Silva,28,Até 30,14/07/2026,31 a 60 dias,PAGA,Sim,Sim,Sim
57752640000175,C P L MOTORS LTDA,Revenda Multimarcas,Thabata Hernandes,Feirão Pontual - Feirão Setembro,Luana Marques,0,Sem Estoque,,Nunca atualizou,PAGA,Sim,Não,Não
57773938000161,HERIKO VEICULOS LTDA,RevendaCarro,Alison Kodi Hirata,FEIRÃO SETEMBRO - P,Ruana Figueroa,0,Sem Estoque,,Nunca atualizou,PAGA,Sim,Não,Não
57800506000100,A L comércio de veículos ltda,RevendaCarro,Walberti Fabricio Baptista Peteneli,FEIRÃO SETEMBRO - P,Andre Souza,0,Sem Estoque,,Nunca atualizou,PAGA,Sim,Sim,Sim
57801588000108,Uno e due Veiculos ltda,Revenda Multimarcas,Hygor Corsi Miranda,Feirão Pontual - Feirão Setembro,Ludmila Martins,0,Sem Estoque,,Nunca atualizou,AGUARDANDO_PAGAMENTO,Sim,Não,Não
57811435000133,M. F. DE LIMA LTDA,RevendaCarro,Jéssyka Nayara Santos Vieira,FEIRÃO SETEMBRO - P,Tatiane Silva,0,Sem Estoque,,Nunca atualizou,PAGA,Não,Não,Não
57841317000178,M3 AUTO PREMIUM COMERCIO DE VEICULOS LTDA,RevendaCarro,ANA PAULA MAURICIO,FEIRÃO SETEMBRO - M,Luana Marques,9,Até 10,04/07/2026,31 a 60 dias,PAGA,Não,Não,Não
57873586000116,JF VEICULOS LTDA,Revenda Multimarcas,VITOR DA CUNHA MALLMANN,Feirão Pontual - 3 Feirões,Gabriel Pereira,4,Até 5,07/05/2026,Acima de 90 dias,PAGA,Sim,Sim,Sim
57879554000128,Geo Automóveis,Revenda Multimarcas,Willian Chagas Haueisen,Feirão Pontual - 3 Feirões,Gabriel Pereira,37,Até 50,28/08/2026,Até 15 dias,PAGA,Sim,Sim,Sim
57880271000104,Gêmeos Car Multimarcas,RevendaCarro,Carlos Alberto Rosa,FEIRÃO SETEMBRO - M,Juliana Grande,0,Sem Estoque,,Nunca atualizou,PAGA,Sim,Não,Não
57897249000169,RAMOS ADM E PARTICIPACAO LTDA,Revenda Multimarcas,RICARDO SILVA TELLES,Feirão Pontual - Feirão Setembro,Ludmila Martins,0,Sem Estoque,,Nunca atualizou,PAGA,Sim,Não,Não
57904670000150,AUTO BRICK AUTOMOVEIS LTDA.,RevendaCarro,THIAGO PADILHA BITENCOURT,FEIRÃO SETEMBRO - M,Gabriel Pereira,67,Até 100,27/08/2026,Até 15 dias,PAGA,Não,Sim,Sim
57937886000111,POTENCY CAR PRIME LTDA,RevendaCarro,Elania Santos de Oliveira,FEIRÃO SETEMBRO - G,Fernanda Souza,89,Até 100,28/08/2026,Até 15 dias,PAGA,Sim,Não,Não
57957489000101,CARMAX COMERCIO DE VEICULOS LTDA,RevendaCarro,Vitor da cunha mallmann,FEIRÃO SETEMBRO - P,Gabriel Pereira,1,Até 5,10/08/2026,Até 30 dias,AGUARDANDO_PAGAMENTO,Sim,Sim,Sim
57972883000119,AUTO VALE MULTIMARCAS,Revenda Multimarcas,GLEYDSON RODRIGUES RIBEIRO DE ALMEIDA,Feirão Pontual - Feirão Setembro,,0,Sem Estoque,,Nunca atualizou,PAGA,Sim,Não,Não
58012594000130,ROTA 453 VEICULOS LTDA,Revenda Multimarcas,Maicon Augusto de Castro,Feirão Pontual - 3 Feirões,Bruna de Paula,9,Até 10,26/05/2026,Acima de 90 dias,PAGA,Sim,Sim,Sim
58062970000100,RR autoaotors Ltda,RevendaCarro,Plinio Viani Rangel de Farias,FEIRÃO SETEMBRO - M,Luana Marques,0,Sem Estoque,01/06/2026,Acima de 90 dias,PENDENTE_ACEITE,Sim,Não,Não
58141109000129,AG MOTORS LTDA,RevendaCarro,Ruany de Aguiar Garcia Moço,FEIRÃO SETEMBRO - M,Lucynara Ochiai,45,Até 50,19/08/2026,Até 15 dias,PAGA,Sim,Sim,Sim
58155281000131,Oséias Oliveira Automóveis,RevendaCarro,Alisson Diego Grochovski,FEIRÃO SETEMBRO - M,Gabriel Pereira,6,Até 10,15/05/2026,Acima de 90 dias,PENDENTE_ACEITE,Não,Sim,Sim
58246963000150,LUIZA PORCEDA,ConcessionariaCarro,Franciele Lopes,FEIRÃO SETEMBRO - P,Juliana Grande,0,Sem Estoque,,Nunca atualizou,PAGA,Não,Não,Não
58282191000101,BARBOSA VEICULOS,Revenda Multimarcas,HUDSON DO NASCIMENTO SANTANA,Feirão Pontual - 3 Feirões,Tatiane Silva,22,Até 30,26/08/2026,Até 15 dias,PAGA,Sim,Sim,Sim
58332193000168,BLACK MOTORS PG,RevendaCarro,MARYON MAYER,FEIRÃO SETEMBRO - M,Lucynara Ochiai,0,Sem Estoque,,Nunca atualizou,AGUARDANDO_PAGAMENTO,Não,Não,Não
58343166000190,EDSON AUTOMOVEIS LTDA,RevendaCarro,Willian Haueisen,FEIRÃO SETEMBRO - M,Gabriel Pereira,5,Até 5,18/05/2026,Acima de 90 dias,PAGA,Sim,Não,Não
58439634000125,Garagem lagoa,Revenda Multimarcas,Cristiane Coelho challub Figueiredo,Feirão Pontual - Feirão Setembro,Ludmila Martins,0,Sem Estoque,,Nunca atualizou,PAGA,Sim,Não,Não
58443506000155,PARIS VEICULOS,RevendaCarro,Lericia Cavalcanti Manoel,FEIRÃO SETEMBRO - P,Lucynara Ochiai,0,Sem Estoque,,Nunca atualizou,PAGA,Sim,Não,Não
58460090000183,Visual Veículos,RevendaCarro,Felipe Luiz Silva,FEIRÃO SETEMBRO - M,Juliana Grande,0,Sem Estoque,,Nunca atualizou,PAGA,Sim,Não,Não
58492262000109,DIAMOND VEICULOS LTDA,Revenda Multimarcas,Mariana Batista de Sousa,Feirão Pontual - Feirão Setembro,Ludmila Martins,79,Até 100,27/08/2026,Até 15 dias,PAGA,Sim,Não,Não
58522070000190,Izza Motors comércio de veículos multimarcas Ltda,Revenda Multimarcas,Gregory Nicholas Philip Ribeiro da Rosa,Feirão Pontual - 3 Feirões,Luana Marques,0,Sem Estoque,05/08/2026,Até 30 dias,4 PARC ATRASO,Não,Não,Não
5852222000156,NININHO VEICULOS E SERVICOS ADMINISTRATIVOS LTDA,RevendaCarro,HENRIQUE ALVES GOMES,FEIRÃO SETEMBRO - M,Luana Marques,0,Sem Estoque,20/03/2024,Acima de 90 dias,PAGA,Sim,Não,Não
58580200000140,J. SCHMIDT COMERCIO DE AUTOMOVEIS EIRELI,RevendaCarro,Karina Pasquarelli Oliveira,FEIRÃO SETEMBRO - P,Juliana Grande,0,Sem Estoque,22/10/2025,Acima de 90 dias,PAGA,Não,Não,Não
58686749000114,PEDRO MULTIMARCAS 29,Revenda Multimarcas,Aline Saraiva,Feirão Pontual - 3 Feirões,Ruana Figueroa,5,Até 5,28/07/2026,31 a 60 dias,PAGA,Sim,Sim,Sim
58694479000193,M.A COMERCIO VAREJISTA DE VEICULOS LTDA,RevendaCarro,ALDENEI PEREIRA DOS SANTOS DA SILVA,FEIRÃO SETEMBRO - P,Tatiane Silva,0,Sem Estoque,,Nunca atualizou,PAGA,Não,Não,Não
58917686000160,PSP Automotive,Revenda Multimarcas,Marcos Vinicius Mellare,Feirão Pontual - 3 Feirões,Andre Souza,15,Até 20,27/08/2026,Até 15 dias,PAGA,Sim,Sim,Sim
58935306000110,Gemeos Car comercio e locação de veiculos,Revenda Multimarcas,Elisangela Silva Gomes,Feirão Pontual - Feirão Setembro,Fernanda Souza,0,Sem Estoque,,Nunca atualizou,PAGA,Sim,Não,Não
58940828000100,J REIS COMERCIO DE VEICULOS LTDA,RevendaCarro,RENATA LOPES,FEIRÃO SETEMBRO - P,Fernanda Souza,0,Sem Estoque,,Nunca atualizou,PAGA,Sim,Sim,Sim
59023639000135,Play car veículos ltda,RevendaCarro,Valéria costa,FEIRÃO SETEMBRO - M,Andre Souza,0,Sem Estoque,02/06/2026,61 a 90 dias,PAGA,Sim,Não,Não
5904062000141,VR NATIVA VEICULOS LTDA,RevendaCarro,PAMELA CARRASCO,FEIRÃO SETEMBRO - G,Juliana Grande,195,Acima 101,31/08/2026,Até 15 dias,PAGA,Sim,Não,Não
59085083000101,M R L MOTA,RevendaCarro,VANESSA CARVALHO SOARES,FEIRÃO SETEMBRO - P,Fernanda Souza,23,Até 30,27/08/2026,Até 15 dias,PAGA,Não,Não,Não
59134402000121,AWP motors multimarcas,RevendaCarro,Marcelo Fabiano Derato de Souza,FEIRÃO SETEMBRO - P,Juliana Grande,0,Sem Estoque,,Nunca atualizou,PAGA,Sim,Não,Não
59150670000137,PASSINI VEICULOS LTDA,Revenda Multimarcas,WESLEY PAULO GONCALVES,Feirão Pontual - 3 Feirões,Ludmila Martins,26,Até 30,25/08/2026,Até 15 dias,PAGA,Sim,Sim,Sim
59187889000100,Zion Multimarcas,RevendaCarro,Rosilene Morais Alves Campos,FEIRÃO SETEMBRO - P,Juliana Grande,0,Sem Estoque,,Nunca atualizou,PAGA,Sim,Não,Não
59191914000120,ALBINO MOTORS LTDA,RevendaCarro,jefferson soares da silva monteiro,FEIRÃO SETEMBRO - P,Gabriel Pereira,0,Sem Estoque,22/05/2025,Acima de 90 dias,PAGA,Não,Não,Não
59195969000108,Car prime ltda,RevendaCarro,Sergio Ricardo Parisio Santos,FEIRÃO SETEMBRO - P,Fernanda Souza,0,Sem Estoque,,Nunca atualizou,PAGA,Sim,Não,Não
59267349000137,M3 Autos,RevendaCarro,Henrique Fernandez Beltrão,FEIRÃO SETEMBRO - M,Lucynara Ochiai,0,Sem Estoque,,Nunca atualizou,PAGA,Não,Não,Não
59282524000165,MOTOCAR,Concessionária,RODRIGO AUGUSTO HARTMANN NUNES,Feirão Pontual - 3 Feirões,Lucynara Ochiai,15,Até 20,27/08/2026,Até 15 dias,1 PARC ATRASO,Sim,Sim,Sim
59286798000122,Aw Comercio de Veiculos,RevendaCarro,Matheus Cuty,FEIRÃO SETEMBRO - P,Gabriel Pereira,0,Sem Estoque,,Nunca atualizou,AGUARDANDO_PAGAMENTO,Não,Não,Não
59355786000102,Pelicano Auto Car Ltda,Revenda Multimarcas,Janine aparecida Sales Araujo,Feirão Pontual - 3 Feirões,Fernanda Souza,37,Até 50,25/08/2026,Até 15 dias,AGUARDANDO_PAGAMENTO,Sim,Não,Não
59430491000153,GDR MOTORS,RevendaCarro,KARINA PASQUARELLI,FEIRÃO SETEMBRO - M,Juliana Grande,0,Sem Estoque,,Nunca atualizou,PAGA,Sim,Não,Não
59472436000126,TMCAR,Revenda Multimarcas,THIAGO ROMERO SOARES Dantas,Feirão Pontual - 3 Feirões,Ruana Figueroa,0,Sem Estoque,,Nunca atualizou,PAGA,Sim,Sim,Sim
59497540000175,Bill Veiculos Ltda - ME,RevendaCarro,RENATA LOPES,FEIRÃO SETEMBRO - P,Fernanda Souza,0,Sem Estoque,,Nunca atualizou,PAGA,Sim,Sim,Sim
59558978000116,smart motos ltda - smart motos,RevendaMoto,luiza mendonça de la higuera puig,FEIRÃO SETEMBRO - P,Tatiane Silva,0,Sem Estoque,,Nunca atualizou,PAGA,Não,Não,Não
59574692000124,CALDIERARO MOTORS,Revenda Multimarcas,Adriana Alles,Feirão Pontual - 2 Feirões,Bruna de Paula,36,Até 50,27/08/2026,Até 15 dias,PAGA,Sim,Não,Não
59646276000194,1961 AUTOS & LOGISTICAS LTDA,RevendaCarro,Annie Lima Ximenes,FEIRÃO SETEMBRO - P,Fernanda Souza,0,Sem Estoque,,Nunca atualizou,PAGA,Sim,Não,Não
59747418000100,Lucineia de Fátima sponton cazzoli vendramini,RevendaCarro,Bruno Eduardo de Oliveira,FEIRÃO SETEMBRO - P,Andre Souza,0,Sem Estoque,,Nunca atualizou,PAGA,Não,Não,Não
59771389000111,ANDRECAR VEICULOS LTDA,Concessionária,CARLOS ROBERTO MACHADO LA ROCCA,Feirão Pontual - Feirão Setembro,Bruna de Paula,0,Sem Estoque,,Nunca atualizou,PAGA,Sim,Não,Não
59782845000129,UNIAUTO,RevendaCarro,RENAN FELIPE DE OLIVEIRA CHIARI,FEIRÃO SETEMBRO - P,Juliana Grande,0,Sem Estoque,,Nunca atualizou,PAGA,Sim,Não,Não
5980758000157,POINT CAR AUTOMOVEIS,RevendaCarro,Juliana Vanin Macedo,FEIRÃO SETEMBRO - M,Bruna de Paula,7,Até 10,19/05/2026,Acima de 90 dias,PAGA,Não,Não,Não
59826580000113,Yellow car multimarcas,Revenda Multimarcas,Eduardo Felipe Faria,Feirão Pontual - Feirão Setembro,Luana Marques,201,Acima 101,29/08/2026,Até 15 dias,PAGA,Sim,Não,Não
59855364000104,JACARE VEICULOS,RevendaCarro,Hericles Adriano Ribeiro da Silva,FEIRÃO SETEMBRO - M,Ludmila Martins,0,Sem Estoque,,Nunca atualizou,PAGA,Não,Não,Não
59863384000119,GG veículos,Revenda Multimarcas,Gláucio luiz,Feirão Pontual - Feirão Setembro,Fernanda Souza,0,Sem Estoque,,Nunca atualizou,EM PROCESSAMENTO,Sim,Não,Não
59934012000136,MONTEIRO VEICULOS LTDA,Revenda Multimarcas,keila rosecler bispo matos,Feirão Pontual - 3 Feirões,Tatiane Silva,0,Sem Estoque,29/01/2026,Acima de 90 dias,4 PARC ATRASO,Não,Sim,Sim
59962656000138,Major veiculos spe ltda,RevendaCarro,Cinthya Wallenska Castro Cunha de Moura,FEIRÃO SETEMBRO - P,Ruana Figueroa,0,Sem Estoque,03/12/2025,Acima de 90 dias,PAGA,Não,Não,Não
59994835000157,MARANATA VEICULOS Contagem,Revenda Multimarcas,Poliane Lopes de Souza Penido,Feirão Pontual - 3 Feirões,Ludmila Martins,20,Até 20,31/08/2026,Até 15 dias,1 PARC ATRASO,Sim,Sim,Sim
60039911000154,AUTOLIDER MULTIMARCAS LTDA,RevendaCarro,LUCIANA PEREIRA,FEIRÃO SETEMBRO - M,Gabriel Pereira,0,Sem Estoque,,Nunca atualizou,AGUARDANDO_PAGAMENTO,Não,Não,Não
60054250000136,Auto K veículos,RevendaCarro,Renan Rodrigues dos Santos Ribas,FEIRÃO SETEMBRO - P,Lucynara Ochiai,0,Sem Estoque,,Nunca atualizou,PAGA,Sim,Não,Não
60122303000109,Sobral Motors,RevendaCarro,vinicius rosi garcia thereza,FEIRÃO SETEMBRO - P,Juliana Grande,0,Sem Estoque,,Nunca atualizou,PAGA,Não,Não,Não
60184185000163,COELHO VEICULOS LTDA - COELHO VEICULOS,RevendaCarro,ANTONIO MARCOS DA SILVA NOBREGA,FEIRÃO SETEMBRO - P,Ruana Figueroa,0,Sem Estoque,,Nunca atualizou,PAGA,Sim,Não,Não
60228064000176,HR VEICULOS LTDA,RevendaCarro,EDUARDO MACIEL,FEIRÃO SETEMBRO - M,Andre Souza,9,Até 10,11/06/2026,61 a 90 dias,PAGA,Sim,Não,Não
60287908000150,AUTOSHOW  MULTIMARCAS LTDA,Revenda Multimarcas,Renata Marinho Lopes,Feirão Pontual - 3 Feirões,Fernanda Souza,3,Até 5,06/05/2026,Acima de 90 dias,PAGA,Sim,Sim,Sim
60293810000105,VALLECAR,Revenda Multimarcas,Alison Kodi Hirata,Feirão Pontual - 3 Feirões,Ruana Figueroa,1,Até 5,05/06/2026,61 a 90 dias,PAGA,Sim,Sim,Sim
60321685000108,MD CONSULTORIA AUTOMOTIVA LTDA,RevendaCarro,Eduardo Felipe Faria,FEIRÃO SETEMBRO - P,Luana Marques,0,Sem Estoque,08/11/2025,Acima de 90 dias,PAGA,Sim,Sim,Sim
60371640000130,Hiper Veiculos Arapongas,RevendaCarro,WILSON RICHARD NASCIMENTO DOS SANTOS,FEIRÃO SETEMBRO - M,Lucynara Ochiai,0,Sem Estoque,,Nunca atualizou,PENDENTE_ACEITE,Não,Não,Não
60385335000105,B CAR AGENCIA DE VEICULOS LTDA,Revenda Multimarcas,ANTONIO WANDESON DUARTE PEREIRA,Feirão Pontual - 3 Feirões,Fernanda Souza,0,Sem Estoque,,Nunca atualizou,PAGA,Não,Não,Não
60420559000100,GILSON COMERCIO DE VEICULOS LTDA,RevendaCarro,GILSON JOSE DA CUNHA,FEIRÃO SETEMBRO - P,Tatiane Silva,32,Até 50,25/08/2026,Até 15 dias,PAGA,Não,Não,Não
60447369000179,ADMILSON CARVALHO DA COSTA VEICULOS LTDA,RevendaCarro,Luiz Antonio Alves Zara,FEIRÃO SETEMBRO - M,Andre Souza,41,Até 50,04/07/2026,31 a 60 dias,PAGA,Sim,Não,Não
60451586000132,M Perci Netto Ltda,RevendaCarro,Edson Luís Alves Lopes,FEIRÃO SETEMBRO - M,Bruna de Paula,0,Sem Estoque,,Nunca atualizou,PAGA,Sim,Não,Não
60496756000103,GS Automóveis,Revenda Multimarcas,Luciana Pereira,Feirão Pontual - Feirão Setembro,Gabriel Pereira,1,Até 5,10/08/2026,Até 30 dias,PAGA,Sim,Não,Não
60529984000124,HARMAN MOTORS LTDA,RevendaCarro,vinicius felipe bernardes de godoi,FEIRÃO SETEMBRO - P,Juliana Grande,0,Sem Estoque,,Nunca atualizou,PAGA,Não,Não,Não
60614411000107,MARCIO VEICULOS - M.V. Ltda,RevendaCarro,veridiana furlani hummel dos santos,FEIRÃO SETEMBRO - P,Juliana Grande,0,Sem Estoque,,Nunca atualizou,PENDENTE_ACEITE,Não,Não,Não
60667197000149,Fast car ltda,RevendaCarro,Felipe menezes de mello,FEIRÃO SETEMBRO - M,Juliana Grande,0,Sem Estoque,,Nunca atualizou,AGUARDANDO_PAGAMENTO,Sim,Não,Não
60723311000100,BECX MOTORS COMERCIO DE VEICULOS LTDA,Revenda Multimarcas,MARCOS ROBERTO OLIVEIRA DA SILVA,Feirão Pontual - Feirão Setembro,Luana Marques,0,Sem Estoque,23/09/2025,Acima de 90 dias,PAGA,Sim,Não,Não
60780485000105,Lopes Marques Comércio de Veículos Ltda.,Revenda Multimarcas,Plinio Viani Rangel de Farias,Feirão Pontual - Feirão Setembro,Luana Marques,5,Até 5,02/07/2026,31 a 60 dias,EM PROCESSAMENTO,Sim,Não,Não
60801433000178,Thor Motors,Revenda Multimarcas,Weslei Harnack,Feirão Pontual - 3 Feirões,Gabriel Pereira,2,Até 5,01/07/2026,61 a 90 dias,PAGA,Sim,Sim,Sim
60973072000147,GM AUTOSS LTDA,Revenda Multimarcas,antonio jose ayres da silva,Feirão Pontual - 3 Feirões,Ruana Figueroa,21,Até 30,22/08/2026,Até 15 dias,2 PARC ATRASO,Sim,Não,Não
61007462000125,LVR VEICULOS LTDA,Revenda Multimarcas,KRYSLAISA FONSECA FERRO,Feirão Pontual - 3 Feirões,Fernanda Souza,10,Até 10,27/08/2026,Até 15 dias,1 PARC ATRASO,Sim,Sim,Sim
61012003000130,KM VEICULOS,Revenda Multimarcas,Leivia emanuelle oliveira dos Santos,Feirão Pontual - Feirão Setembro,Fernanda Souza,0,Sem Estoque,30/07/2026,31 a 60 dias,PAGA,Sim,Não,Não
61023696000166,CREPALDI MOTORS,RevendaCarro,Carlos Alberto Rosa,2 FEIROES - M,Juliana Grande,0,Sem Estoque,,Nunca atualizou,PAGA,Não,Sim,Sim
61040188000196,DANIEL STIVAL VEICULOS LTDA,RevendaCarro,MAIRA GONCALVES AMORIM,FEIRÃO SETEMBRO - M,Fernanda Souza,0,Sem Estoque,,Nunca atualizou,PAGA,Sim,Não,Não
6109889000126,Ellen Victor,RevendaCarro,Jean Francisco Emídio de Almeida,FEIRÃO SETEMBRO - P,Ruana Figueroa,0,Sem Estoque,,Nunca atualizou,PAGA,Sim,Não,Não
61114303000120,RC Motors,RevendaCarro,Henrique Fernandez Beltrão,FEIRÃO SETEMBRO - M,Lucynara Ochiai,0,Sem Estoque,,Nunca atualizou,PENDENTE_ACEITE,Não,Não,Não
61153539000175,premium veiculos ltda,RevendaCarro,rosmar silveira nunes,FEIRÃO SETEMBRO - M,Bruna de Paula,0,Sem Estoque,,Nunca atualizou,PAGA,Não,Não,Não
61196305000105,Rota Sol,Revenda Multimarcas,Joao Leonardo Dacheri,Feirão Pontual - Feirão Setembro,Lucynara Ochiai,0,Sem Estoque,,Nunca atualizou,AGUARDANDO_PAGAMENTO,Sim,Não,Não
61208210000164,R11 Veículos,Revenda Multimarcas,SUELEM MATIAS DOS SANTOS,Feirão Pontual - 3 Feirões,Luana Marques,7,Até 10,11/08/2026,Até 30 dias,5 PARC ATRASO,Sim,Não,Não
61226483000131,G3 PREMIUM COMERCIO DE VEICULOS LTDA,RevendaCarro,TIAGO DA CUNHA ALVES,FEIRÃO SETEMBRO - P,Tatiane Silva,0,Sem Estoque,,Nunca atualizou,PAGA,Sim,Sim,Sim
61304446000102,MALIZA MULTIMARCAS LTDA,Revenda Multimarcas,Vilmanir Coldebella,Feirão Pontual - Feirão Setembro,Juliana Grande,0,Sem Estoque,,Nunca atualizou,PAGA,Sim,Não,Não
61348879000151,Diego Borges de Sousa Ltda / autos multimarcas,RevendaCarro,Rickson souza de lima,FEIRÃO SETEMBRO - M,Tatiane Silva,15,Até 20,31/08/2026,Até 15 dias,PAGA,Sim,Não,Não
61409847000119,G R A COMERCIO DE VEICULOS,Revenda Multimarcas,Guilherme Francisco dos Santos,Feirão Pontual - 2 Feirões,Gabriel Pereira,37,Até 50,28/08/2026,Até 15 dias,PAGA,Sim,Não,Não
6144555000193,Vero Automoveis,Revenda Multimarcas,Nathalia Pereira de Oliveira,Feirão Pontual - 3 Feirões,Ludmila Martins,29,Até 30,29/08/2026,Até 15 dias,PAGA,Não,Não,Não
6154956000124,NF MULTIMARCAS DE VEICULOS LTDA,RevendaCarro,Karen Sabrina Neves da Silva,FEIRÃO SETEMBRO - M,Ludmila Martins,0,Sem Estoque,,Nunca atualizou,PAGA,Não,Sim,Sim
61589870000132,UGGIONI MOTORS LTDA,Revenda Multimarcas,Cynthia Fernandes Moura,Feirão Pontual - 3 Feirões,Gabriel Pereira,39,Até 50,25/08/2026,Até 15 dias,PAGA,Sim,Sim,Sim
61594932000102,ODCAR VEICULOS LTDA,RevendaCarro,Karine Gonçalves dos Santos,FEIRÃO SETEMBRO - P,Tatiane Silva,16,Até 20,31/08/2026,Até 15 dias,PAGA,Não,Não,Não
61659919000186,f. saad veiculos,RevendaCarro,ISABELA FONSECA DE MELLO,FEIRÃO SETEMBRO - P,Tatiane Silva,0,Sem Estoque,,Nunca atualizou,PAGA,Sim,Sim,Sim
61752143000144,COLONIAL VEICULOS MULTIMARCAS LTDA,RevendaCarro,ELISANGELA FURQUIM LEMOS,FEIRÃO SETEMBRO - P,Juliana Grande,0,Sem Estoque,09/06/2023,Acima de 90 dias,PAGA,Não,Não,Não
61852835000164,STRABE MOTORS,RevendaCarro,Victoria Barreiro,FEIRÃO SETEMBRO - M,Luana Marques,0,Sem Estoque,,Nunca atualizou,PAGA,Sim,Não,Não
61890814000133,DIAS & CAVALCANTI LTDA,Revenda Multimarcas,Cláudio Gonçalves Soutinho,Feirão Pontual - 3 Feirões,Ruana Figueroa,3,Até 5,18/05/2026,Acima de 90 dias,PAGA,Sim,Sim,Sim
62008658000105,A3 autos comércio de veículos ltda,Revenda Multimarcas,Clevina Santos melo,Feirão Pontual - 3 Feirões,Fernanda Souza,9,Até 10,16/05/2026,Acima de 90 dias,PAGA,Sim,Sim,Sim
6206217000139,Eurovel Multimarcas,Revenda Multimarcas,Roberta Cascaes,Feirão Pontual - 3 Feirões,Gabriel Pereira,38,Até 50,18/08/2026,Até 15 dias,2 PARC ATRASO,Sim,Sim,Sim
620835000144,ANNE VEICULOS ITARARE UNIPESSOAL LTDA,Revenda Multimarcas,VERIDIANA FURLANI HUMMEL DOS SANTOS,Feirão Pontual - 3 Feirões,Juliana Grande,20,Até 20,29/08/2026,Até 15 dias,PAGA,Sim,Sim,Sim
62111280000162,F de Sousa Dantas,Revenda Multimarcas,THIAGO ROMERO SOARES Dantas,Feirão Pontual - 3 Feirões,Ruana Figueroa,0,Sem Estoque,,Nunca atualizou,PAGA,Sim,Sim,Sim
62121955000154,ZÉ MULTIMARCAS LTDA,Revenda Multimarcas,Diego Timoteo Santos,Feirão Pontual - 3 Feirões,Ludmila Martins,0,Sem Estoque,,Nunca atualizou,PAGA,Sim,Sim,Sim
62156679000160,SEGALLA MOTORS,Revenda Multimarcas,Eduardo Felipe Faria,Feirão Pontual - 3 Feirões,Luana Marques,27,Até 30,27/08/2026,Até 15 dias,PAGA,Sim,Sim,Sim
62177739000120,ARIEL AUTOMOVEIS,Revenda Multimarcas,Eduardo Bittencourt,Feirão Pontual - 3 Feirões,Gabriel Pereira,10,Até 10,22/07/2026,31 a 60 dias,2 PARC ATRASO,Sim,Não,Não
6221863000175,J F COMERCIO E CORRETAGEM DE VEICULOS LTDA,RevendaCarro,Fabíola elcky Barbosa de Sá,FEIRÃO SETEMBRO - G,Fernanda Souza,0,Sem Estoque,,Nunca atualizou,PAGA,Sim,Sim,Sim
62242034000140,Vittarosso Motors LTda,RevendaCarro,Ana Cristina Antônio Ramos,FEIRÃO SETEMBRO - M,Juliana Grande,0,Sem Estoque,,Nunca atualizou,PAGA,Não,Não,Não
6231144000135,Ozias Veiculos,RevendaCarro,Carlos Eduardo,FEIRÃO SETEMBRO - M,Lucynara Ochiai,0,Sem Estoque,,Nunca atualizou,PAGA,Sim,Não,Não
62430638000110,TDL MULTIMARCAS LTDA,Revenda Multimarcas,WESLEY PAULO GONCALVES,Feirão Pontual - 3 Feirões,Ludmila Martins,11,Até 20,04/08/2026,Até 30 dias,PAGA,Sim,Sim,Sim
62441335000100,DCPRIME VEICULOS LTDA,RevendaCarro,Mateus da Silva Dutra,FEIRÃO SETEMBRO - P,Gabriel Pereira,3,Até 5,15/04/2026,Acima de 90 dias,PAGA,Sim,Não,Não
62445642000151,Car Vision Multimarcas,Revenda Multimarcas,Eduardo Felipe Faria,Feirão Pontual - Feirão Setembro,Luana Marques,35,Até 50,06/08/2026,Até 30 dias,PAGA,Sim,Não,Não
62510260000164,A P CORDEIRO COMERCIO DE VEICULOS,Revenda Multimarcas,Jhenifer Mendes Welter,Feirão Pontual - 3 Feirões,Tatiane Silva,15,Até 20,11/05/2026,Acima de 90 dias,PAGA,Sim,Sim,Sim
62570161000178,FERNANDES MULTIMARCAS LTDA,Revenda Multimarcas,HIGOR ARRUDA MANOEL,Feirão Pontual - Feirão Setembro,Gabriel Pereira,0,Sem Estoque,,Nunca atualizou,PAGA,Sim,Não,Não
62582422000170,ROMA VEICULOS,Revenda Multimarcas,PAULO PORTELLA,Feirão Pontual - 3 Feirões,,11,Até 20,27/05/2026,Acima de 90 dias,PAGA,Sim,Sim,Sim
62614218000193,One Motors,RevendaCarro,Rafael Andrade Brito,FEIRÃO SETEMBRO - M,Andre Souza,0,Sem Estoque,,Nunca atualizou,AGUARDANDO_PAGAMENTO,Não,Não,Não
62645418000103,Green car multimarcas,RevendaCarro,Eduardo Bittencourt,FEIRÃO SETEMBRO - P,Gabriel Pereira,0,Sem Estoque,,Nunca atualizou,PENDENTE_ACEITE,Não,Não,Não
6281393000135,ANDRE CAR VEICULOS,Revenda Multimarcas,Ricardo Miranda,Feirão Pontual - 3 Feirões,Ludmila Martins,51,Até 100,31/08/2026,Até 15 dias,PAGA,Sim,Não,Não
6293228000101,Benecar Veículos,RevendaCarro,Ana Karina Ribeiro dos Reis MAriano,FEIRÃO SETEMBRO - P,Juliana Grande,0,Sem Estoque,,Nunca atualizou,PAGA,Não,Não,Não
62956269000101,Smirelli motors,RevendaCarro,Luiz Fernando do Nascimento Aguiar,FEIRÃO SETEMBRO - M,Juliana Grande,0,Sem Estoque,,Nunca atualizou,PAGA,Sim,Não,Não
63186345000100,DP MULTICAR LTDA,Revenda Multimarcas,Luiz Thyago Pinheiro santos de Castro,Feirão Pontual - 3 Feirões,Fernanda Souza,34,Até 50,09/07/2026,31 a 60 dias,PAGA,Sim,Sim,Sim
63275603000116,MICO JR AUTOMOVEIS LTDA,RevendaCarro,Luciano dos santos,FEIRÃO SETEMBRO - M,Gabriel Pereira,0,Sem Estoque,,Nunca atualizou,AGUARDANDO_PAGAMENTO,Não,Sim,Sim
63341882000179,Lucar Automoveis ltda,RevendaCarro,Jose Alexandre Pereira de Souza,FEIRÃO SETEMBRO - M,Gabriel Pereira,0,Sem Estoque,,Nunca atualizou,PAGA,Sim,Não,Não
63422632000163,FG automóveis ltda,Revenda Multimarcas,Clevina Santos melo,Feirão Pontual - Feirão Setembro,Fernanda Souza,0,Sem Estoque,,Nunca atualizou,PAGA,Sim,Não,Não
63541780000105,AUDRIX MOTORS LTDA,RevendaCarro,Alex Mateus Gugel,FEIRÃO SETEMBRO - P,Gabriel Pereira,0,Sem Estoque,,Nunca atualizou,AGUARDANDO_PAGAMENTO,Não,Não,Não
63554643000105,Piquira automóveis LTDA,RevendaCarro,André Vinicius dos Reis,FEIRÃO SETEMBRO - M,Luana Marques,0,Sem Estoque,,Nunca atualizou,PENDENTE_ACEITE,Não,Sim,Sim
63607425000183,RENATO GOMES DAVID,Revenda Multimarcas,Advan mariano dias,Feirão Pontual - Feirão Setembro,Ludmila Martins,16,Até 20,25/08/2026,Até 15 dias,PAGA,Sim,Não,Não
63777555000164,1 CLICK COMÉRCIO DE VEÍCULOS LTDA,RevendaCarro,WESLEY PAULO GONCALVES,FEIRÃO SETEMBRO - M,Ludmila Martins,0,Sem Estoque,,Nunca atualizou,PENDENTE_ACEITE,Não,Não,Não
63835762000128,JP CARROS LTDA,Revenda Multimarcas,Marlon Jose Zaranski,Feirão Pontual - Feirão Setembro,Gabriel Pereira,0,Sem Estoque,,Nunca atualizou,PAGA,Sim,Não,Não
64015666000104,CONSTHERME GARAGE MULTIMARCAS LTDA,Revenda Multimarcas,Anderson Salomao de Moraes,Feirão Pontual - 3 Feirões,Juliana Grande,19,Até 20,11/08/2026,Até 30 dias,PAGA,Sim,Sim,Sim
64070581000110,AutoPrime Veículos,RevendaCarro,Joao leonardo Dacheri,FEIRÃO SETEMBRO - M,Lucynara Ochiai,0,Sem Estoque,,Nunca atualizou,PAGA,Sim,Não,Não
6528784000373,CCN Veículos,Revenda Multimarcas,Joao Leonardo Dacheri,Feirão Pontual - Feirão Setembro,Lucynara Ochiai,0,Sem Estoque,,Nunca atualizou,PAGA,Sim,Não,Não
6539863000118,Zilli Veiculos Ltda,Revenda Multimarcas,fernanda gomes farinha quadros,Feirão Pontual - 3 Feirões,Gabriel Pereira,121,Acima 101,29/08/2026,Até 15 dias,PAGA,Sim,Sim,Sim
65522955000154,INTERMONZA AUTOMOVEIS LTDA,RevendaCarro,HENRIQUE ALVES GOMES,FEIRÃO SETEMBRO - M,Luana Marques,0,Sem Estoque,17/05/2022,Acima de 90 dias,PAGA,Não,Sim,Sim
66879040000163,IDEAL VEICULOS COMERCIO E INTERMEDIACOES,Revenda Multimarcas,juliane aparecida do nascimento alves,Feirão Pontual - 3 Feirões,Andre Souza,71,Até 100,27/08/2026,Até 15 dias,PAGA,Sim,Sim,Sim
6699215000129,MARTINS VEÍCULOS,Revenda Multimarcas,André Luiz Hennemann,Feirão Pontual - 3 Feirões,Bruna de Paula,43,Até 50,31/08/2026,Até 15 dias,PAGA,Sim,Sim,Sim
67005167000116,DN AUTO SEMINOVOS,Revenda Multimarcas,Patricia da Silva Almeida,Feirão Pontual - 2 Feirões,Ludmila Martins,26,Até 30,31/08/2026,Até 15 dias,PAGA,Sim,Não,Não
670304000166,MAZOLA AUTOMOVEIS LTDA,RevendaCarro,Emerson Bonfim Bonfim,FEIRÃO SETEMBRO - G,Andre Souza,71,Até 100,28/08/2026,Até 15 dias,PAGA,Sim,Sim,Sim
67117283000127,ZL Multimarcas,Revenda Multimarcas,Rafael Petri,Feirão Pontual - Feirão Setembro,Luana Marques,0,Sem Estoque,26/09/2025,Acima de 90 dias,PAGA,Sim,Não,Não
6789281000190,Panacor Multimarcas LTDA,RevendaCarro,Ericles Pavel Rolin Moreira,FEIRÃO SETEMBRO - P,Bruna de Paula,0,Sem Estoque,,Nunca atualizou,PAGA,Não,Não,Não
6877771000148,Stillo Veículos,Revenda Multimarcas,Luís Rodrigues Filho,Feirão Pontual - 3 Feirões,Tatiane Silva,99,Até 100,29/08/2026,Até 15 dias,PAGA,Sim,Sim,Sim
6984527000184,ANTONIO CESAR BELLA,Revenda Multimarcas,FRANCISCO ESIO DANTAS FRANCO,Feirão Pontual - Feirão Setembro,Luana Marques,0,Sem Estoque,01/07/2024,Acima de 90 dias,EM PROCESSAMENTO,Sim,Não,Não
6986531000181,JARBERSON VEICULOS,RevendaCarro,Lucas Vinicius de Lucena Silva,FEIRÃO SETEMBRO - M,Fernanda Souza,0,Sem Estoque,,Nunca atualizou,PAGA,Sim,Não,Não
7054573000147,VINCITORE VEÍCULOS LTDA,Revenda Multimarcas,Izadora Geraldo de Medeiros,Feirão Pontual - 3 Feirões,Gabriel Pereira,31,Até 50,24/08/2026,Até 15 dias,2 PARC ATRASO,Sim,Sim,Sim
7072241000195,GM CAR,Revenda Multimarcas,JOAO PEDRO DE BRITO SOUZA,Feirão Pontual - 3 Feirões,,10,Até 10,28/07/2026,31 a 60 dias,PAGA,Sim,Sim,Sim
7097731000146,J.M.E. VEICULOS CAMINHOES MATERIAIS DE CONSTRUCAO E LOCACAO DE MAQUINAS AGRICOLAS LTDA,RevendaCarro,Felipe Gomes da Silva,FEIRÃO SETEMBRO - M,Juliana Grande,29,Até 30,27/08/2026,Até 15 dias,PENDENTE_ACEITE,Não,Não,Não
7127192000140,J. J. ALIANCA VEICULOS EIRELI,RevendaCarro,Eliana Serafim de freitas,2 FEIROES - G,Luana Mota,0,Sem Estoque,27/02/2026,Acima de 90 dias,AGUARDANDO_PAGAMENTO,Não,Não,Não
71444475000387,AUTOMEC COMERCIAL DE VEICULOS LTDA,Concessionária,José Roberto Bozio,Feirão Pontual - 3 Feirões,Juliana Grande,32,Até 50,22/05/2026,Acima de 90 dias,PAGA,Sim,Sim,Sim
71444475000620,AUTOMEC COMERCIAL DE VEICULOS LTDA,Concessionária,José Roberto Bozio,Feirão Pontual - 3 Feirões,Juliana Grande,7,Até 10,22/05/2026,Acima de 90 dias,PAGA,Sim,Sim,Sim
71444475001278,AUTOMEC COMERCIAL DE VEICULOS LTDA,Concessionária,José Roberto Bozio,Feirão Pontual - 3 Feirões,Juliana Grande,26,Até 30,26/05/2026,Acima de 90 dias,PAGA,Sim,Sim,Sim
7186428000110,AUTO CRICIUMA AUTOMOVEIS,Revenda Multimarcas,ANA PAULA TACHINSKI CARDOSO,Feirão Pontual - 2 Feirões,Gabriel Pereira,9,Até 10,14/05/2026,Acima de 90 dias,AGUARDANDO_PAGAMENTO,Sim,Não,Não
7196643000100,FERETTI AUTOMOVEIS,Revenda Multimarcas,Rafael Carvalho Nunes,Feirão Pontual - Feirão Setembro,Gabriel Pereira,22,Até 30,19/08/2026,Até 15 dias,PAGA,Sim,Não,Não
7216848000282,MARCA COM DE VEICULOS LTDA,Revenda Multimarcas,RAFAELLY NUNES ALVES,Feirão Pontual - 3 Feirões,Gabriel Pereira,18,Até 20,19/08/2026,Até 15 dias,2 PARC ATRASO,Sim,Não,Não
7237119000121,BETO DE ARAPIRACA,Revenda Multimarcas,ELISIA NATALY LIMA MARTINS BARROS,Feirão Pontual - 3 Feirões,Fernanda Souza,8,Até 10,22/07/2026,31 a 60 dias,PAGA,Sim,Sim,Sim
7277737000103,GUARATO VEICULOS,Revenda Multimarcas,RUI ADALBERTO KUNZE JUNIOR,Feirão Pontual - Feirão Setembro,Tatiane Silva,0,Sem Estoque,,Nunca atualizou,AGUARDANDO_PAGAMENTO,Sim,Não,Não
72936917000103,R.FRANCESCHINI FERNANDES,RevendaCarro,Luiz Roberto galvao,FEIRÃO SETEMBRO - M,Andre Souza,0,Sem Estoque,12/01/2023,Acima de 90 dias,PAGA,Não,Não,Não
7333138000151,MANOEL MOTOS E CARROS,Revenda Multimarcas,Evandro fernando Machado Marczinski,Feirão Pontual - Feirão Setembro,Gabriel Pereira,0,Sem Estoque,16/12/2025,Acima de 90 dias,PAGA,Sim,Não,Não
7364938000130,Tadeu Motors,RevendaCarro,04911228377,FEIRÃO SETEMBRO - M,Fernanda Souza,103,Acima 101,24/08/2026,Até 15 dias,PENDENTE_ACEITE,Não,Não,Não
7371745000106,Jz Veículos,RevendaCarro,ELISANGELA FURQUIM LEMOS,FEIRÃO SETEMBRO - P,Juliana Grande,0,Sem Estoque,,Nunca atualizou,PAGA,Não,Sim,Sim
7425207000157,RYK MOTORS LTDA,Revenda Multimarcas,Tiago Oliveira da Franca,Feirão Pontual - 3 Feirões,Fernanda Souza,44,Até 50,29/08/2026,Até 15 dias,PAGA,Sim,Não,Não
7467514000109,Cândido Veículos,RevendaCarro,Thomas Edison Pereira,FEIRÃO SETEMBRO - M,Gabriel Pereira,0,Sem Estoque,,Nunca atualizou,PAGA,Não,Não,Não
7479776000185,FOX CAR VEICULOS,Revenda Multimarcas,WESLEY PAULO GONCALVES,Feirão Pontual - 3 Feirões,Ludmila Martins,150,Acima 101,31/08/2026,Até 15 dias,PAGA,Sim,Sim,Sim
7516026000136,Se Akamine Com De Veiculos,RevendaCarro,Juliane Aparecida do Nascimento Alves,FEIRÃO SETEMBRO - M,Andre Souza,47,Até 50,27/08/2026,Até 15 dias,PAGA,Sim,Não,Não
7519494000164,PAKITO COMERCIO DE VEICULOS LTDA,Revenda Multimarcas,MARCOS RODRIGUES DE MORAIS AZAMBUJA,Feirão Pontual - 3 Feirões,,60,Até 100,29/08/2026,Até 15 dias,PAGA,Sim,Sim,Sim
7557191000136,ANGECAR VEICULOS LTDA,RevendaCarro,Ederson Jorge de Carvalho,FEIRÃO SETEMBRO - M,Ludmila Martins,1,Até 5,18/05/2026,Acima de 90 dias,PENDENTE_ACEITE,Não,Não,Não
7559000000175,MARCIO VEICULOS MULTI MARCAS LTDA,Revenda Multimarcas,Ana Clara Resende Menezes,Feirão Pontual - 3 Feirões,Ludmila Martins,52,Até 100,01/07/2024,Acima de 90 dias,PAGA,Sim,Sim,Sim
756323000100,Iputinga automoveis,Concessionária,Janaina Matos,Feirão Pontual - 3 Feirões,Ruana Figueroa,42,Até 50,26/08/2026,Até 15 dias,PAGA,Sim,Sim,Sim
7648955000107,Hagata Motors,Revenda Multimarcas,VITOR DA CUNHA MALLMANN,Feirão Pontual - 3 Feirões,Gabriel Pereira,17,Até 20,28/08/2026,Até 15 dias,PAGA,Sim,Sim,Sim
7667767000118,Legacy Multimarcas,Revenda Multimarcas,Erika Mendes de Oliveira,Feirão Pontual - 3 Feirões,Juliana Grande,65,Até 100,31/08/2026,Até 15 dias,PAGA,Sim,Sim,Sim
7707457000180,EDNALDO JOSE DA SILVA,Revenda Multimarcas,João Victor da Silva Torres,Feirão Pontual - 3 Feirões,Ruana Figueroa,0,Sem Estoque,,Nunca atualizou,3 PARC ATRASO,Sim,Não,Não
7734215000185,MK Motors Conercio de Veículos Ltda,RevendaCarro,Renato Lourenco Vieira,FEIRÃO SETEMBRO - P,Luana Marques,0,Sem Estoque,,Nunca atualizou,PAGA,Não,Não,Não
7746286000106,E F DOS SANTOS OLIVEIRA COMERCIO DE VEICULOS,RevendaCarro,Marcelo Lopes Mendes,FEIRÃO SETEMBRO - M,Luana Mota,0,Sem Estoque,,Nunca atualizou,PAGA,Sim,Não,Não
7778397000196,PROSPECT CAR,Revenda Multimarcas,FRANCISCO ESIO DANTAS FRANCO,Feirão Pontual - Feirão Setembro,Luana Marques,0,Sem Estoque,10/09/2025,Acima de 90 dias,EM PROCESSAMENTO,Sim,Não,Não
7880090000100,LG VEICULOS EIRELI,Revenda Multimarcas,Cynthia Fernandes Moura,Feirão Pontual - Feirão Setembro,Gabriel Pereira,40,Até 50,03/06/2025,Acima de 90 dias,PAGA,Sim,Sim,Sim
7895536000161,Select car,Revenda Multimarcas,Cristiane Coelho challub Figueiredo,Feirão Pontual - 3 Feirões,Ludmila Martins,14,Até 20,28/08/2026,Até 15 dias,PAGA,Sim,Sim,Sim
7910846000108,Melloscar,RevendaCarro,kleiton fenrich monteiro,FEIRÃO SETEMBRO - M,Gabriel Pereira,0,Sem Estoque,,Nunca atualizou,PAGA,Não,Não,Não
7915359000138,Pedrão Multimarcas,RevendaCarro,Nathália pinheiro Alexandrino,FEIRÃO SETEMBRO - M,Juliana Grande,0,Sem Estoque,13/07/2021,Acima de 90 dias,PAGA,Sim,Não,Não
7950180000898,Nissan Dahruj Americana,Concessionária,Rafael Ramos Nogueira,Feirão Pontual - 3 Feirões,Juliana Grande,89,Até 100,28/08/2026,Até 15 dias,1 PARC ATRASO,Sim,Sim,Sim
7950180000979,Nissan Dahruj Indaiatuba,Concessionária,Rafael Ramos Nogueira,Feirão Pontual - 3 Feirões,Juliana Grande,85,Até 100,28/08/2026,Até 15 dias,PAGA,Sim,Sim,Sim
7964676000144,PITCAR COMERCIO DE VEICULOS LTDA,RevendaCarro,Juliana de Matos,FEIRÃO SETEMBRO - P,Gabriel Pereira,15,Até 20,02/10/2025,Acima de 90 dias,PAGA,Sim,Sim,Sim
7986522000153,Lo Automoveis,RevendaCarro,Natália barbosa Bastos,FEIRÃO SETEMBRO - M,Juliana Grande,0,Sem Estoque,,Nunca atualizou,PENDENTE_ACEITE,Não,Não,Não
7994711000178,Joel Automoveis,RevendaCarro,Fernanda Bonani Costa,FEIRÃO SETEMBRO - P,Andre Souza,0,Sem Estoque,,Nunca atualizou,PAGA,Não,Sim,Sim
8096043000124,Twister,RevendaCarro,Amanda Almeida,FEIRÃO SETEMBRO - M,Luana Mota,0,Sem Estoque,,Nunca atualizou,PAGA,Não,Não,Não
8098404000171,AZZURRA COMERCIO DE VEICULOS EIRELI,RevendaCarro,Ana Bueno,FEIRÃO SETEMBRO - P,Juliana Grande,0,Sem Estoque,14/01/2023,Acima de 90 dias,PAGA,Não,Não,Não
8208859000100,Unicar Automoveis,RevendaCarro,carolina jardim rocha araujo,FEIRÃO SETEMBRO - P,Ludmila Martins,0,Sem Estoque,,Nunca atualizou,PAGA,Sim,Não,Não
8209521000165,DECKMANN DA ROSA & CIA LTDA,RevendaCarro,GILMAR OLIVEIRA PEREIRA,FEIRÃO SETEMBRO - M,Bruna de Paula,0,Sem Estoque,,Nunca atualizou,PAGA,Sim,Sim,Sim
8223809000194,Ideal Veículos,RevendaCarro,JAILSON MORAES,FEIRÃO SETEMBRO - M,Gabriel Pereira,27,Até 30,28/08/2026,Até 15 dias,AGUARDANDO_PAGAMENTO,Não,Não,Não
8236268000139,BC10 Motors Ltda,Revenda Multimarcas,Renato Lourenço Vieira,Feirão Pontual - 3 Feirões,Luana Marques,15,Até 20,15/06/2026,61 a 90 dias,AGUARDANDO_PAGAMENTO,Sim,Não,Não
8247328000119,Segolin Multimarcas,RevendaCarro,Nathália pinheiro Alexandrino,FEIRÃO SETEMBRO - M,Juliana Grande,0,Sem Estoque,17/05/2022,Acima de 90 dias,PAGA,Não,Não,Não
8268949000189,Viva Veiculos,RevendaCarro,PAMELA CARRASCO,FEIRÃO SETEMBRO - M,Juliana Grande,0,Sem Estoque,,Nunca atualizou,PAGA,Sim,Não,Não
82724618000169,Boca Mafra automóveis,Revenda Multimarcas,Willian Monteiro Marcelino,Feirão Pontual - 3 Feirões,Gabriel Pereira,300,Acima 101,31/08/2026,Até 15 dias,PAGA,Sim,Sim,Sim
8421887000101,CRYSTYAN AUTOMOVEIS,RevendaCarro,Josiane Spognollo,FEIRÃO SETEMBRO - M,Lucynara Ochiai,0,Sem Estoque,,Nunca atualizou,PENDENTE_ACEITE,Sim,Não,Não
8433098000182,Clodoaldo Veículos,RevendaCarro,Fabiano Fernandes de Azevedo,FEIRÃO SETEMBRO - M,Juliana Grande,71,Até 100,31/08/2026,Até 15 dias,PAGA,Não,Não,Não
8474688000153,CONQUISTACAR VEICULOS LTDA,Revenda Multimarcas,Willian Chagas Haueisen,Feirão Pontual - 3 Feirões,Gabriel Pereira,61,Até 100,26/08/2026,Até 15 dias,PAGA,Sim,Sim,Sim
8491179000139,Nicolau Autos E Pickup´S,RevendaCarro,Joao leonardo Dacheri,FEIRÃO SETEMBRO - M,Lucynara Ochiai,0,Sem Estoque,,Nunca atualizou,AGUARDANDO_PAGAMENTO,Não,Sim,Sim
85172831000101,ESSENCE COMERCIO E INTERPRETAÇÃO DE NEGÓCIOS LTDA,Revenda Multimarcas,Everton Mateus Marczinski,Feirão Pontual - Feirão Setembro,Gabriel Pereira,2,Até 5,25/08/2026,Até 15 dias,PAGA,Sim,Não,Não
8616873000135,Izidoro motors,RevendaCarro,Danilo Morgado Andre,FEIRÃO SETEMBRO - M,Andre Souza,0,Sem Estoque,,Nunca atualizou,PAGA,Sim,Não,Não
8689109000190,Total Veículos,RevendaCarro,João Pedro Rigueira Miranda,FEIRÃO SETEMBRO - M,Ludmila Martins,0,Sem Estoque,,Nunca atualizou,PAGA,Sim,Não,Não
8706400000129,Auto Premium,Revenda Multimarcas,Clenilze de Azevedo Farias,Feirão Pontual - 3 Feirões,Ruana Figueroa,31,Até 50,31/08/2026,Até 15 dias,1 PARC ATRASO,Sim,Sim,Sim
8709300000156,Esron Automoveis,RevendaCarro,Marcio Rodrigo Ferlin,FEIRÃO SETEMBRO - P,Juliana Grande,0,Sem Estoque,,Nunca atualizou,PAGA,Sim,Não,Não
8715761000131,RIVA-CAR MULTI AUTOS LTDA - EPP,RevendaCarro,Fabio messias furquim,FEIRÃO SETEMBRO - P,Juliana Grande,17,Até 20,11/05/2026,Acima de 90 dias,AGUARDANDO_PAGAMENTO,Sim,Sim,Sim
8824721000128,Spagi Motors,RevendaCarro,Henrique Fernandez Beltrão,FEIRÃO SETEMBRO - M,Lucynara Ochiai,20,Até 20,28/08/2026,Até 15 dias,PAGA,Sim,Não,Não
8850577000102,PROCAR VEICULOS,Revenda Multimarcas,Mario Vale Diniz Neto / Arium,Feirão Pontual - 3 Feirões,Ludmila Martins,31,Até 50,31/08/2026,Até 15 dias,PAGA,Sim,Sim,Sim
8850722000147,Sancar Multimarcas,RevendaCarro,VANESSA CARVALHO SOARES,FEIRÃO SETEMBRO - M,Fernanda Souza,0,Sem Estoque,,Nunca atualizou,AGUARDANDO_PAGAMENTO,Não,Não,Não
8909415000194,Franceli e Franco / Jf motors,RevendaCarro,Natália barbosa Bastos,FEIRÃO SETEMBRO - M,Juliana Grande,0,Sem Estoque,,Nunca atualizou,PENDENTE_ACEITE,Não,Não,Não
8952839000131,Itaim veículos,Revenda Multimarcas,Karina Araújo Ramalho,Feirão Pontual - 3 Feirões,Fernanda Souza,0,Sem Estoque,,Nunca atualizou,4 PARC ATRASO,Sim,Não,Não
89680185000136,Dotto Veiculos LTDA,RevendaCarro,Daniel Fernando da Silva,FEIRÃO SETEMBRO - P,Bruna de Paula,70,Até 100,31/08/2026,Até 15 dias,AGUARDANDO_PAGAMENTO,Sim,Não,Não
8986851000167,Century,Revenda Multimarcas,Vinicius Machado,Feirão Pontual - 3 Feirões,Juliana Grande,37,Até 50,28/08/2026,Até 15 dias,PAGA,Sim,Sim,Sim
9026562000189,V.L.S. VEICULOS LTDA,RevendaCarro,Carlos Eduardo,FEIRÃO SETEMBRO - M,Lucynara Ochiai,0,Sem Estoque,17/02/2022,Acima de 90 dias,AGUARDANDO_PAGAMENTO,Não,Não,Não
91734210000169,TEM COMERCIO E MANUTENCAO DE VEICULOS LTDA,RevendaCarro,eduardo de amaral,FEIRÃO SETEMBRO - G,Bruna de Paula,0,Sem Estoque,,Nunca atualizou,PAGA,Sim,Não,Não
9182721000134,Vinicius prata tavares,Revenda Multimarcas,Clevina Santos melo,Feirão Pontual - 3 Feirões,Fernanda Souza,1,Até 5,11/09/2025,Acima de 90 dias,4 PARC ATRASO,Sim,Sim,Sim
9234926000116,Tintel Veículos,RevendaCarro,REGILSON JOSE BARRETO E SILVA,FEIRÃO SETEMBRO - P,Ruana Figueroa,0,Sem Estoque,,Nunca atualizou,PAGA,Sim,Sim,Sim
9247293000180,EMANUELLA SANTANA SANTOS DA SILVA & CIA LTDA,RevendaCarro,Camile Ribeiro,FEIRÃO SETEMBRO - P,Fernanda Souza,0,Sem Estoque,30/10/2021,Acima de 90 dias,PENDENTE_ACEITE,Não,Não,Não
9252758000191,POINT CAR VEICULOS,Revenda Multimarcas,KRYSLAISA FONSECA FERRO,Feirão Pontual - 3 Feirões,Fernanda Souza,15,Até 20,26/08/2026,Até 15 dias,PAGA,Sim,Sim,Sim
9259116000114,J.G.R. AUTOMOVEIS LTDA,RevendaCarro,Gustavo Pelosini Alves,FEIRÃO SETEMBRO - M,Andre Souza,0,Sem Estoque,,Nunca atualizou,PAGA,Não,Não,Não
9261599000191,Resmini Automoveis,RevendaCarro,Janaina Regina Dalberto,FEIRÃO SETEMBRO - P,Gabriel Pereira,0,Sem Estoque,,Nunca atualizou,PAGA,Não,Não,Não
9263870000128,G Nogueira Lima Comercio de Veiculos Ltda,Revenda Multimarcas,Renata Marinho Lopes,Feirão Pontual - 3 Feirões,Fernanda Souza,6,Até 10,14/05/2026,Acima de 90 dias,PAGA,Sim,Sim,Sim
9328950000114,AUTO BOM MULTIMARCAS,Revenda Multimarcas,Elaine Cristina Moreira dias,Feirão Pontual - 3 Feirões,Ludmila Martins,51,Até 100,31/08/2026,Até 15 dias,PAGA,Sim,Sim,Sim
9328950000203,Auto Bom - Loja 2,Revenda Multimarcas,Elaine Cristina Moreira dias,Feirão Pontual - 3 Feirões,Ludmila Martins,26,Até 30,31/08/2026,Até 15 dias,PAGA,Sim,Não,Não
9348105000100,FSD FLAVIO AUTOMOVEIS LTDA,Revenda Multimarcas,EDUARDO FELIPE FARIA,Feirão Pontual - 3 Feirões,Luana Marques,59,Até 100,31/08/2026,Até 15 dias,PAGA,Sim,Sim,Sim
9362744000120,Lojas do Carmo automóveis Ltda,Revenda Multimarcas,Silvia Pires de Almeida Souza,Feirão Pontual - Feirão Setembro,Luana Marques,0,Sem Estoque,02/09/2025,Acima de 90 dias,AGUARDANDO_PAGAMENTO,Sim,Não,Não
9363036000104,FERNANDO MOTOCAR AUTOMOVEIS LTDA,Revenda Multimarcas,Guilheme Augusto dos Santos Reis,Feirão Pontual - Feirão Setembro,Ludmila Martins,0,Sem Estoque,,Nunca atualizou,PAGA,Sim,Sim,Sim
936821000134,KITO VEICULOS LTDA,Revenda Multimarcas,Júlio César Alvarenga Pereira,Feirão Pontual - 3 Feirões,Andre Souza,38,Até 50,26/08/2026,Até 15 dias,PAGA,Sim,Sim,Sim
9372892000126,MONTECARLO VEICULOS, ,Rafael Carvalho Nunes,Feirão Pontual - Feirão Setembro,Gabriel Pereira,51,Até 100,27/08/2026,Até 15 dias,PAGA,Sim,Não,Não
9375326000682,José Leonardo terencio Pereira Silva veículos,RevendaCarro,Valéria costa,FEIRÃO SETEMBRO - M,Andre Souza,0,Sem Estoque,,Nunca atualizou,PAGA,Sim,Não,Não
9412660000154,Uniao Veiculos,RevendaCarro,ELISIA NATALY LIMA MARTINS BARROS,FEIRÃO SETEMBRO - P,Fernanda Souza,0,Sem Estoque,,Nunca atualizou,PAGA,Não,Não,Não
9459276000107,Uniforte Veiculos,Revenda Multimarcas,ANNDRE DOS SANTOS,Feirão Pontual - 3 Feirões,Juliana Grande,36,Até 50,19/08/2026,Até 15 dias,PAGA,Sim,Sim,Sim
9498412000178,RAFAEL BRAGANCA AUTOMOVEIS LTDA,RevendaCarro,Camila da Silva,FEIRÃO SETEMBRO - G,Juliana Grande,0,Sem Estoque,,Nunca atualizou,AGUARDANDO_PAGAMENTO,Não,Não,Não
95021325000167,BOLEZINA VEICULOS,Revenda Multimarcas,Adriana Alles,Feirão Pontual - 2 Feirões,Bruna de Paula,25,Até 30,24/08/2026,Até 15 dias,PAGA,Sim,Não,Não
95240867000120,João Automóveis,Revenda Multimarcas,Muriel Thais Engeroff Barcellos,Feirão Pontual - Feirão Setembro,Bruna de Paula,76,Até 100,31/08/2026,Até 15 dias,PAGA,Sim,Não,Não
9562387000144,AUTO SETE VEICULOS,Revenda Multimarcas,carlos alberto rosa,Feirão Pontual - 3 Feirões,Juliana Grande,0,Sem Estoque,14/08/2026,Até 30 dias,3 PARC ATRASO,Não,Não,Não
9562518000193,M C COSTA VEICULOS LTDA,RevendaCarro,jonathas da silva andrade,FEIRÃO SETEMBRO - M,Fernanda Souza,0,Sem Estoque,,Nunca atualizou,PAGA,Não,Não,Não
9598124000195,LINCOLN MULTIMARCAS COMERCIO DE VEICULOS,RevendaCarro,HENRIQUE ALVES GOMES,FEIRÃO SETEMBRO - M,Luana Marques,0,Sem Estoque,,Nunca atualizou,PAGA,Sim,Sim,Sim
9600835000157,Fortunato automóveis,Revenda Multimarcas,Rodrigo alesandro Públio Pojati,Feirão Pontual - Feirão Setembro,Andre Souza,23,Até 30,30/08/2026,Até 15 dias,PAGA,Sim,Não,Não
9616663000100,AUTO FORT VEÍCULOS LTDA,Revenda Multimarcas,Tiago da Cunha Alves,Feirão Pontual - 3 Feirões,Tatiane Silva,202,Acima 101,31/08/2026,Até 15 dias,1 PARC ATRASO,Sim,Sim,Sim
9624865000101,LONGO COMERCIO DE AUTOMOVEIS LTDA,Revenda Multimarcas,Janaina Regina Dalberto,Feirão Pontual - 3 Feirões,Gabriel Pereira,22,Até 30,03/06/2026,61 a 90 dias,PAGA,Sim,Sim,Sim
9644132000120,JJ Veiculos,RevendaCarro,Jorge Fernando de Rezende Vieira,FEIRÃO SETEMBRO - P,Ludmila Martins,0,Sem Estoque,,Nunca atualizou,PAGA,Não,Não,Não
9661180000127,JULIO AUTOMOVEIS,RevendaCarro,Eduardo Bittencourt,FEIRÃO SETEMBRO - P,Gabriel Pereira,0,Sem Estoque,,Nunca atualizou,PAGA,Não,Não,Não
9665420000161,Azevedo & Azevedo Veiculos e transportes,RevendaCarro,Elaine Cristiana Moreira Dias,2 FEIROES - P,Ludmila Martins,59,Até 100,28/08/2026,Até 15 dias,PAGA,Sim,Não,Não
97135313000199,Klipp Car Comercio De Veiculos Ltda,RevendaCarro,Muriel Thais Engeroff Barcellos,FEIRÃO SETEMBRO - M,Bruna de Paula,36,Até 50,19/08/2026,Até 15 dias,PAGA,Sim,Não,Não
